species,genus,family,ncbi_taxid,taxid_matched_rank,trophic_guild,trophic_guild_indirect,trophic_evidence_type,trophic_note,trophic_n_docs,trophic_sources,trophic_qa_answer,body_size_mm,body_size_indirect_mm,body_size_note,body_size_n_docs,body_size_sources,body_size_qa_answer,habitat,habitat_indirect,habitat_evidence_type,habitat_note,habitat_n_docs,habitat_sources,habitat_qa_answer,bold_n_specimens,bold_life_stage,bold_habitat,bold_sampling_protocol,bold_country,bold_province,bold_coord,bold_elev_m,bold_collection_dates,bold_biome,bold_ecoregion
Agrenia bidenticulata,Agrenia,Isotomidae,1933610,species,,,,the sources contain no explicit statement about this species' diet,6,32260571(medline)|03CF878BFFA6C264229F5E62FAC7AE92(plazi)|266B5D55F77FFFEDFF7EFDE0450CFBE4(plazi)|256B931EFFCBFFA7FF3A4F9EFB22F86A(plazi)|03E61F409350FFBB62C4FDE2DFEAFBB0(plazi)|PMC7240498(pmc),"Based on the provided documents, there is no specific information about the diet of *Agrenia bidenticulata*. The document mentions its presence in microarthropod communities near a receding glacier but does not specify feeding habits . Further research would be needed to determine its dietary preferences.",,,,6,32260571(medline)|266B5D55F77FFFEDFF7EFDE0450CFBE4(plazi)|03CF878BFFA6C264229F5E62FAC7AE92(plazi)|03E61F409350FFBB62C4FDE2DFEAFBB0(plazi)|256B931EFFCBFFA7FF3A4F9EFB22F86A(plazi)|PMC7240498(pmc),"Based on the provided documents, there is no specific information regarding the body length of *Agrenia bidenticulata*. The source mentions the presence of this species but does not provide detailed morphological data such as body length . Further research would be required to determine this characteristic.",alpine_glacier,,direct,,6,32260571(medline)|03CF878BFFA6C264229F5E62FAC7AE92(plazi)|03E61F409350FFBB62C4FDE2DFEAFBB0(plazi)|256B931EFFCBFFA7FF3A4F9EFB22F86A(plazi)|PMC7240498(pmc),"Based on the provided documents, Agrenia bidenticulata is a representative of the Collembola found in the vicinity of a receding glacier in the High Arctic, specifically near the glacier snout. This species is part of microarthropod communities that exhibit changes as the glacier retreats, with higher species richness observed further away from the glacier snout .",1,NA,NA,NA,Norway,Svalbard,"78.63972,16.124916",NA,,NA,Russian_Arctic_desert
Allacma fusca,Allacma,Sminthuridae,39272,species,,,,the sources contain no explicit statement about this species' diet,13,33458074(medline)|721B6E0C8C2AFF96FF382701A87F2691(plazi)|03BF042CFFADB77A3AB0FA7CFB67F04A(plazi)|03CF878BFFF9C23822B45D0FFD5EACF5(plazi)|03AA531A0F473529FF595B9AFA80A71A(plazi)|PMC10427803(pmc),"Based on the provided documents, there is no specific information regarding the diet or feeding habits of Allacma fusca. The available sources discuss topics such as mitochondrial genomes, cellular processes, and genomic features, but none mention what Allacma fusca feeds on. Therefore, the dietary preferences of Allacma fusca cannot be determined from the given sources.",,,,13,11732170(medline)|37593568(medline)|33458074(medline)|37650155(medline)|18828663(medline)|35946560(medline)|721B6E0C8C2AFF96FF382701A87F2691(plazi)|03BF042CFFADB77A3AB0FA7CFB67F04A(plazi)|03CF878BFFF9C23822B45D0FFD5EACF5(plazi)|03AA531A0F473529FF595B9AFA80A71A(plazi)|PMC10427803(pmc)|PMC9630974(pmc)|PMC7782307(pmc),"Based on the provided documents, there is no specific mention of the body length of Allacma fusca. The sources discuss various aspects such as genome sequences, mitochondrial genomes, and cellular structures but do not provide measurements related to body length .",,,,the sources give no explicit habitat description for this species,13,33458074(medline)|11732170(medline)|37593568(medline)|18828663(medline)|37650155(medline)|19027878(medline)|721B6E0C8C2AFF96FF382701A87F2691(plazi)|03BF042CFFADB77A3AB0FA7CFB67F04A(plazi)|PMC10427803(pmc),"Based on the provided documents, there is no explicit mention of the specific habitat of *Allacma fusca*. The sources discuss various aspects such as its mitochondrial genome , metabolic rates in germ line versus somatic cells , genome sequencing , degeneration of the midgut epithelium , presence of retrotransposons , and reproductive characteristics . However, none of these provide details about the ecological or environmental habitat preferences of *Allacma fusca*.",324,NA|adult,NA|Sea shore|Urban,NA|Malaise Trap|Pan Trap|Hand net|Moss sample,Germany|France|United Kingdom|Finland|Italy|Estonia|Belarus|Sweden,Bavaria|Normandie|Occitanie|Minsk|Ile-de-France|Northern Ostrobothnia,"49.01513,12.10161|49.4902,1.09192|42.8028,1.42552",395|NA,2009-2024,NA|Temperate_Broadleaf_&_Mixed_Forest_simplify-0.001_buffered-0.018|Boreal_Forest_Taiga_simplify-0.1_buffered-0.018,"Western_European_broadleaf_forests|European_Atlantic_mixed_forests|Pyrenees_conifer_and_mixed_forests|Celtic_broadleaf_forests|NA|Scandinavian_and_Russian_taiga|Sarmatic_mixed_forests|Sarmatic_mixed_forests, Central_European_mixed_forests"
Anurida granaria,Anurida,Neanuridae,187597,species,,,,the sources contain no explicit statement about this species' diet,3,266B5D55F766FFF4FF7EFA904377F936(plazi),"Based on the provided documents, there is no specific information regarding the diet or feeding habits of *Anurida granaria*. The sources primarily focus on distribution, taxonomy, and related species rather than ecological interactions or dietary preferences. Therefore, the feeding habits of *Anurida granaria* cannot be determined from the given data.",,,,3,266B5D55F766FFF4FF7EFA904377F936(plazi)|03CF878BFF8AC24820015CB7FA87AD4F(plazi),"Based on the provided documents, there is no specific mention of the body length of *Anurida granaria*. The sources primarily discuss distribution, taxonomy, and related species rather than morphological characteristics such as body size . Further detailed taxonomic or biological studies would be required to determine this information.",forest_wood|grassland,freshwater|agricultural,direct,"habitat statement concerns Specific habitats, not the target species",3,03CF878BFF8AC24820015CB7FA87AD4F(plazi),"Based on the provided documents, *Anurida granaria* is found in various locations across Western Europe, including France, Spain, Italy, and Greenland. It inhabits areas such as grasslands, heathlands, and forested regions, typically at elevations ranging from sea level up to 1400 meters . Specific habitats include marshes, meadows, and rocky outcrops .",11,NA|Adult,"NA|Seashore meadow|Phragmites swamp|G1.21, Riverine ash - alder woodland, wet at high but not at low water",NA,France|United Kingdom|Norway|Germany,Vestfold|Saxony,"NA|55.0544,-2.6174|51.4875,-0.2875",NA,2014-2021,NA|Temperate_Broadleaf_&_Mixed_Forest_simplify-0.001_buffered-0.018,NA|Celtic_broadleaf_forests|English_Lowlands_beech_forests|Scandinavian_and_Russian_taiga|Western_European_broadleaf_forests
Anurida granulata,Anurida,Neanuridae,2905848,species,,,,the sources contain no explicit statement about this species' diet,2,03CF878BFF8AC24822C85EACFB11AE83(plazi),"Based on the provided documents, there is no specific information regarding the diet of *Anurida granulata*. The sources mention its distribution and habitat but do not provide details about its feeding habits . Further research would be needed to determine its dietary preferences.",,,,2,03CF878BFF8AC24822C85EACFB11AE83(plazi),"Based on the provided documents, there is no specific information given about the body length of *Anurida granulata*. The sources mention its distribution and habitat but do not provide measurements related to its body size . Additional research would be required to determine this characteristic.",soil,,direct,,2,03CF878BFF8AC24822C85EACFB11AE83(plazi),"Based on the provided documents, *Anurida granulata* is found in the Savoie region, specifically at elevations between 950-2150 meters, inhabiting acidic soils . This indicates that its habitat includes mountainous areas with acidic soil conditions.",1,,"G3.1, Fir and spruce woodland",NA,Germany,Lower Saxony,"51.7161,10.5635",502,2020,Temperate_Broadleaf_&_Mixed_Forest_simplify-0.001_buffered-0.018,Western_European_broadleaf_forests
Anurida maritima,Anurida,Neanuridae,64695,species,,,,the sources contain no explicit statement about this species' diet,14,36975900(medline)|28311099(medline)|10497320(medline)|03848788467B663A4BD99CA2FB95D4B3(plazi)|PMC10051947(pmc),"Based on the provided documents, no specific information regarding the diet of *Anurida maritima* is given. The sources discuss its tidal activity patterns, chromosome structure, and antimicrobial peptides but do not mention feeding habits . Further research would be needed to determine its dietary preferences.",,,,14,10497320(medline)|33188193(medline)|28311099(medline)|34537592(medline)|36975900(medline)|266B5D55F767FFF5FF7EFEEC44E5FE5A(plazi)|03CF878BFF8AC24822A45DEAFA87AB43(plazi)|03AECF752E2FFFD5579420BEFAF2FC5A(plazi)|03848788467B663A4BD99CA2FB95D4B3(plazi)|EC6387A4FFEA3733FF62A674FAC3FE6A(plazi)|EC6387A4FFEB3733FCDFA39EFEB7F7E2(plazi)|PMC10051947(pmc),"Based on the provided documents, the body length of *Anurida maritima* is not specified. The sources discuss various biological aspects of *Anurida maritima*, such as its chromosome number, tidal activity patterns, and spermiogenesis, but none provide information regarding its body length .",marine_coastal,freshwater,direct,"categories resting only on a general term rather than an ecological description: freshwater; habitat statement concerns York salt, not the target species",14,28311099(medline)|22957707(medline)|266B5D55F767FFF5FF7EFEEC44E5FE5A(plazi)|03AECF752E2FFFD5579420BEFAF2FC5A(plazi)|03CF878BFF8AC24822A45DEAFA87AB43(plazi)|PMC3463129(pmc)|PMC10051947(pmc),"Based on the provided documents, Anurida maritima inhabits marine saltmarshes, specifically intertidal zones where it exhibits a tidal rhythm of activity on the mud surface . It is also associated with mosquito larval habitats in New York salt marshes .",12,NA|Adult,NA|Rocks at seashore,NA,France|United Kingdom|Norway,Normandie|Telemark,"49.9041,0.91816",NA,1999-2019,NA,European_Atlantic_mixed_forests|NA|Western_European_broadleaf_forests
Anurida polaris,Anurida,Neanuridae,64692,genus,,,,the sources contain no explicit statement about this species' diet,1,266B5D55F767FFF5FF7EFACC45B0F9BA(plazi),"Based on the provided documents, there is no specific information about the diet of *Anurida polaris*. The sources primarily discuss taxonomic classifications and distributions rather than feeding habits . Further research would be needed to determine its dietary preferences.",,,,1,266B5D55F767FFF5FF7EFACC45B0F9BA(plazi),"Based on the provided documents, there is no specific mention of the body length of *Anurida polaris*. The sources primarily discuss its taxonomy, nomenclature, and geographic distribution . Additional biological characteristics such as body size are not detailed in the given references.",,,,the sources give no explicit habitat description for this species,1,266B5D55F767FFF5FF7EFACC45B0F9BA(plazi),"Based on the provided documents, *Anurida polaris* is part of the general Northern Holarctic distribution, which suggests it inhabits regions across the northern parts of both the Palearctic and Nearctic realms. However, specific habitat details for *A. polaris* are not explicitly mentioned in the given sources .",3,Adult,Arctic tundra,NA,Norway,Svalbard,"77.018,15.886|79.252,20.134",NA,2013,NA,Russian_Arctic_desert|NA
Anurida thalassophila,Anurida,Neanuridae,64692,genus,,,,the sources contain no explicit statement about this species' diet,2,721B6E0C8C0BFFB4FF382275A8D92281(plazi)|03CF878BFF8BC24921FE5EADFDB5AE66(plazi),"Based on the provided documents, there is no specific information about the diet of *Anurida thalassophila* . The sources mention its ecological habitat as soil and general distribution but do not specify feeding habits . Further research would be needed to determine its food source.",,,,2,721B6E0C8C0BFFB4FF382275A8D92281(plazi)|03CF878BFF8BC24921FE5EADFDB5AE66(plazi),"Based on the provided documents, there is no specific information given about the body length of *Anurida thalassophila*. The sources mention ecological preferences and distribution but do not provide morphological details such as body length , .",sandy_dune|soil,,direct,"habitat statement concerns Iran according, not the target species",2,721B6E0C8C0BFFB4FF382275A8D92281(plazi)|03CF878BFF8BC24921FE5EADFDB5AE66(plazi),"Based on the provided documents, *Anurida thalassophila* inhabits sandy environments, specifically referred to as ""faune psammique"" in source . Additionally, it is noted that this species lives in soil in Iran according to source . Therefore, the habitat of *Anurida thalassophila* includes sandy soils and possibly other terrestrial habitats associated with such conditions.",2,Adult,"Understones, seashore",NA,Norway,Vestfold,"59.081,10.47",NA,2015,NA,NA
Anurida tullbergi,Anurida,Neanuridae,1725394,species,,,,the sources contain no explicit statement about this species' diet,3,28311073(medline)|266B5D55F768FFFAFF7EFE904315FD22(plazi)|03CF878BFF8BC249201E5D89FD9CAFCF(plazi),"Based on the provided documents, there is no specific information about the diet of *Anurida tullbergi*. The text mentions that this species survives long-term inundations in the egg stage but does not describe its feeding habits . Further research would be needed to determine its dietary preferences.",,,,3,28311073(medline)|03CF878BFF8BC249201E5D89FD9CAFCF(plazi)|266B5D55F768FFFAFF7EFE904315FD22(plazi),"Based on the provided documents, there is no specific mention of the body length of *Anurida tullbergi*. The text discusses the survival strategies of various species during flooding but does not provide morphological details such as body length for *Anurida tullbergi* . Further research would be needed to determine this characteristic.",floodplain,,direct,,3,28311073(medline)|266B5D55F768FFFAFF7EFE904315FD22(plazi)|03CF878BFF8BC249201E5D89FD9CAFCF(plazi),"Based on the provided documents, Anurida tullbergi is found on the flood plains of Eder Reservoir (Germany), where it survives long-term inundations in the egg stage under water . This indicates that its habitat includes these flood plain environments, which are subject to periodic flooding. The specific ecological niche of this species appears to be closely tied to such aquatic-intermittent habitats.",1,NA,NA,NA,United Kingdom,,"51.4875,0.2875",NA,2012,NA,English_Lowlands_beech_forests
Anurophorus atlanticus,Anurophorus,Isotomidae,208793,species,,,,the sources contain no explicit statement about this species' diet,1,266B5D55F771FFE3FF7EFD094409FCDC(plazi),"Based on the provided documents, there is no specific information given about the diet of *Anurophorus atlanticus*. The sources mention the taxonomic classification and general distribution but do not provide details on feeding habits . Further research would be needed to determine its dietary preferences.",,,,1,266B5D55F771FFE3FF7EFD094409FCDC(plazi),"Based on the provided documents, there is no specific mention of the body length of *Anurophorus atlanticus*. The sources primarily discuss its taxonomy, nomenclature, and geographic distribution . Further details regarding its morphology would require additional references.",,,,the sources give no explicit habitat description for this species,1,266B5D55F771FFE3FF7EFD094409FCDC(plazi),"Based on the provided documents, the specific habitat of *Anurophorus atlanticus* is not explicitly mentioned. However, it is noted that this species is part of the genus *Anurophorus*, which has a general distribution in the Nearctic and Eastern Palaearctic regions . Further details about its habitat would require additional studies or references.",4,adult|Adult,Mountain birch forest|Coniferous forest litter,Soil/litter sample|NA,Finland|Norway,Vestfold,"69.017,25.811|59.149,10.43",323|NA,2014-2019,Boreal_Forest_Taiga_simplify-0.1_buffered-0.018|NA,Scandinavian_and_Russian_taiga|NA
Anurophorus laricis,Anurophorus,Isotomidae,2107182,species,,,,the sources contain no explicit statement about this species' diet,6,23064850(medline)|E03187B3FFCAD41DFF31F63BFD05F8C2(plazi)|E03187B3FFC9D41EFF31F1A3FD49FE62(plazi)|266B5D55F771FFE3FF7EFBB54533FABD(plazi)|03CF878BFFA6C26522A65CCDFCEAAD13(plazi)|10.11646/zootaxa.5147.1.1(pmc),"Based on the provided documents, there is no specific information regarding the diet or feeding habits of *Anurophorus laricis*. The document mentions its abundance in certain conditions but does not specify what it feeds on . Further research would be needed to determine its dietary preferences.",,,,6,23064850(medline)|E03187B3FFCAD41DFF31F63BFD05F8C2(plazi)|E03187B3FFC9D41EFF31F1A3FD49FE62(plazi)|03CF878BFFA6C26522A65CCDFCEAAD13(plazi)|266B5D55F771FFE3FF7EFBB54533FABD(plazi)|10.11646/zootaxa.5147.1.1(pmc),"Based on the provided documents, there is no specific information given about the body length of *Anurophorus laricis*. The sources mention the species in the context of ecological studies but do not provide morphological details such as body length .",,forest_wood,,the sources give no explicit habitat description for this species; no explicit habitat description in the sources; value inferred,6,23064850(medline)|03CF878BFFA6C26522A65CCDFCEAAD13(plazi)|10.11646/zootaxa.5147.1.1(pmc),"Based on the provided documents, Anurophorus laricis is mentioned as one of the dominant Collembola species found in heavily damaged stands, suggesting its preference for disturbed or damaged habitats such as those resulting from windthrow or other forms of forest damage . There is no specific detailed information about its exact habitat preferences beyond this context.",7,Adult|NA,"EUNIS G1; Moss and bark on deciduous tree stem|NA|Under bark, Salix",NA|Malaise Trap,Denmark|Sweden|United Kingdom|Norway,Vestfold,"56.153,9.567|60.384,16.517",NA,2015-2025,Temperate_Broadleaf_&_Mixed_Forest_simplify-0.001_buffered-0.018|NA,Baltic_mixed_forests|Sarmatic_mixed_forests|NA
Anurophorus septentrionalis,Anurophorus,Isotomidae,1387124,species,,,,the sources contain no explicit statement about this species' diet,1,266B5D55F772FFE0FF7EFEAD4549FDBC(plazi),"Based on the provided documents, there is no specific information regarding the diet of *Anurophorus septentrionalis* . The sources mention its geographic distribution but do not describe its feeding habits. Further research would be needed to determine its dietary preferences.",,,,1,266B5D55F772FFE0FF7EFEAD4549FDBC(plazi),"Based on the provided documents, there is no specific mention of the body length of *Anurophorus septentrionalis*. The sources discuss the geographical distribution and some taxonomic references but do not provide morphological measurements . Further studies or publications would be required to determine the body length of this species.",,,,the sources give no explicit habitat description for this species,1,266B5D55F772FFE0FF7EFEAD4549FDBC(plazi),"Based on the provided documents, the specific habitat of *Anurophorus septentrilonalis* is not explicitly mentioned. However, it is noted that reliable records of this species are restricted to Eastern Europe, suggesting its habitat may be limited to this region . Further details about its preferred environment are lacking in the given sources.",13,immature|adult|NA|Adult,Coniferous forest|Alpine|Mountain birch forest|NA|Litter at foot of pine tree,Soil/litter sample|NA,Finland|Estonia|Norway,Vestfold,"68.014,25.192|60.348,24.312|67.693,24.455",NA|74|542,2015-2019,Boreal_Forest_Taiga_simplify-0.1_buffered-0.018|Tundra_simplify-0.001_buffered-0.018|NA,Scandinavian_and_Russian_taiga|Scandinavian_Montane_Birch_forest_and_grasslands|Sarmatic_mixed_forests
Archisotoma interstitialis,Archisotoma,Isotomidae,89820,genus,,,,the sources contain no explicit statement about this species' diet,1,03CF878BFFA7C26522EF5B89FB92A9CB(plazi),"Based on the provided documents, there is no specific information regarding the diet of *Archisotoma interstitialis* . The sources mention its distribution across various coastal regions but do not describe its feeding habits. Further research would be needed to determine its food source.",,,,1,03CF878BFFA7C26522EF5B89FB92A9CB(plazi),"Based on the provided documents, there is no specific mention of the body length of *Archisotoma interstitialis*. The sources describe its distribution and habitat but do not provide morphological measurements . Further research or references would be needed to determine this characteristic.",sandy_dune|marine_coastal,,direct,categories resting only on a general term rather than an ecological description: marine_coastal,1,03CF878BFFA7C26522EF5B89FB92A9CB(plazi),"Based on the provided documents, *Archisotoma interstitialis* inhabits coastal areas, specifically sandy shores and beach environments. It has been recorded from the French regions of Bouches-du-Rhône, Finistère, and Pyrénées-Orientales . The species is associated with littoral zones, including the margins of tidal flats and beaches .",2,Adult,Seashore,NA,Norway,Vestfold,"59.141,10.469",NA,2014,NA,NA
Archisotoma megalops,Archisotoma,Isotomidae,7931,species,,,,,0,,,,,,0,,,,,,,0,,,2,Adult,EUNIS B2.2; Unvegetated mobile shingle beaches above the driftline,NA,Denmark,,"56.297,10.855",NA,2019,Temperate_Broadleaf_&_Mixed_Forest_simplify-0.001_buffered-0.018,NA
Archisotoma pulchella,Archisotoma,Isotomidae,1725395,species,,,,the sources contain no explicit statement about this species' diet,2,03CF878BFFA7C2652291593DFBDFAB5F(plazi),"Based on the provided documents, there is no specific information about the diet of *Archisotoma pulchella* . The sources mention its distribution and taxonomic history but do not describe feeding habits. Further research would be needed to determine its food source.",,,,2,03CF878BFFA7C2652291593DFBDFAB5F(plazi)|03CF878BFFA7C26522AA5E2CFB71AF8C(plazi),"Based on the provided documents, there is no specific mention of the body length of *Archisotoma pulchella*. The sources provide taxonomic and distributional information but do not include measurements or morphological details regarding its body size , .",,marine_coastal,,no explicit habitat description in the sources; value inferred,2,03CF878BFFA7C2652291593DFBDFAB5F(plazi),"Based on the provided documents, *Archisotoma pulchella* is found in the area of Finistère, specifically ""Sur la slikke dela Rance"" . It is also recorded from Loire-Atlantique, particularly Le Croisic . These locations suggest that *Archisotoma pulchella* inhabits coastal or brackish environments, likely within estuaries or tidal areas.",2,NA|adult,NA|inter-tidal mud,NA|ad hoc grab,United Kingdom,England,"51.4875,0.2875",NA|0,2012,NA,English_Lowlands_beech_forests
Arrhopalites caecus,Arrhopalites,Arrhopalitidae,226808,species,,,,the sources contain no explicit statement about this species' diet,13,38837715(medline)|33801126(medline)|25947839(medline)|16112312(medline)|41118851(medline)|41119333(medline)|E03187B3FF1FD4C9FF31F797FDE3FEF3(plazi)|03C387C2FFE0FFC3FE9C40A6A9C03196(plazi)|721B6E0C8C25FF9AFF3825D0A941238F(plazi)|03CF878BFFF7C235200B5B8EFA74AD8E(plazi)|266B5D55F71FFF8DFF7EFB90450CFAFD(plazi)|PMC8004137(pmc),"Based on the provided documents, there is no explicit mention of what Arrhopalites caecus feeds on. The sources discuss the ecology, distribution, and some physiological characteristics of this species but do not provide detailed information about its diet , , , , , . Further research would be needed to determine its feeding habits.",,,,13,25947839(medline)|16112312(medline)|38837715(medline)|03C387C2FFE0FFC3FE9C40A6A9C03196(plazi)|PMC8004137(pmc),"Based on the provided documents, there is no specific mention of the body length of *Arrhopalites caecus*. The sources discuss various aspects of this species, such as its habitat, behavior, and ecological role, but do not provide detailed morphometric data like body length . Further research or reference to specialized taxonomic resources would be required to determine this characteristic.",leaf_litter|cave|forest_wood,,direct,,13,16112312(medline)|38837715(medline)|721B6E0C8C25FF9AFF3825D0A941238F(plazi)|E03187B3FF1FD4C9FF31F797FDE3FEF3(plazi)|266B5D55F71FFF8DFF7EFB90450CFAFD(plazi)|PMC8004137(pmc),"Based on the provided documents, Arrhopalites caecus is found in diverse habitats, including cave systems and forest leaf litter, and has a global distribution . It is also noted to be relatively tolerant to pollutants compared to other Collembola species .",6,adult,Coniferous forest|Peatland,Soil/litter sample|Moss sample,Finland,,"65.319,25.353|66.744,28.812",NA|274,2019-2020,Boreal_Forest_Taiga_simplify-0.1_buffered-0.018,Scandinavian_and_Russian_taiga
Ballistura borealis,Ballistura,Isotomidae,2736156,genus,,,,,0,,,,,,0,,,,,,,0,,,18,adult|immature,Sea shore|Pond shore|Peatland,Seaweed from rocky beach|Moss sample|Soil/litter sample,Finland,,"60.15,24.877|66.76,28.77",NA|287,2019-2020,NA|Boreal_Forest_Taiga_simplify-0.1_buffered-0.018,NA|Scandinavian_and_Russian_taiga
Bilobella aurantiaca,Bilobella,Neanuridae,106915,species,,,,the sources contain no explicit statement about this species' diet,8,33796684(medline)|1E482D44FFE9F479FF36FED79043FB9B(plazi)|PMC7971285(pmc),"Based on the provided documents, there is no specific information regarding the diet or feeding habits of *Bilobella aurantiaca*. The source mentions that *Y. szeptyckii* was closely clustered with *Bilobella aurantiaca* and *Friesea grisea*, but it does not provide details about their ecological niche or food sources . Further research would be needed to determine what *Bilobella aurantiaca* feeds on.",,,,8,33796684(medline)|721B6E0C8C09FFB6FF3823C5A8252279(plazi)|502187F3DD41FF87FF34FADF0AA3F8A4(plazi)|DE3DBD36FFC6DC69E17DF943FC53FB09(plazi)|03CF878BFF81C24022A15A15FD37A96C(plazi)|1E482D44FFE9F479FF36FED79043FB9B(plazi)|2D1E87C1FFF12D338F01F93F9067FE14(plazi)|PMC7971285(pmc),"Based on the provided documents, there is no specific information regarding the body length of *Bilobella aurantiaca*. The source mentions that *Y. szeptyckii* was closely clustered with *Bilobella aurantiaca* and *Friesea grisea*, but it does not provide any details about their physical characteristics or measurements .",,,,the sources give no explicit habitat description for this species,8,33796684(medline)|1E482D44FFE9F479FF36FED79043FB9B(plazi)|DE3DBD36FFC6DC69E17DF943FC53FB09(plazi)|502187F3DD41FF87FF34FADF0AA3F8A4(plazi)|PMC7971285(pmc),"Based on the provided documents, there is no specific information about the habitat of *Bilobella aurantiaca*. The source mentions that *Y. szeptyckii* was closely clustered with *B. aurantiaca* and *Friesea grisea*, but it does not provide details regarding their habitats . Additional research would be needed to determine the habitat preferences of *Bilobella aurantiaca*.",23,NA|I|A,NA,NA,France,Occitanie,"NA|42.7624,1.36214",NA,2001-2011,NA,NA|Pyrenees_conifer_and_mixed_forests
Bilobella braunerae,Bilobella,Neanuridae,106916,species,,,,the sources contain no explicit statement about this species' diet,2,502187F3DD41FF87FF34FADF0AA3F8A4(plazi),"Based on the provided documents, there is no specific information regarding the diet or feeding habits of *Bilobella braunerae*. The references mention its classification and distribution but do not provide details about its food source . Further research would be needed to determine its dietary preferences.",,,,2,502187F3DD41FF87FF34FADF0AA3F8A4(plazi),"Based on the provided documents, there is no specific mention of the body length of *Bilobella braunerae*. The references primarily discuss its taxonomy, distribution, and phylogenetic relationships rather than morphological measurements . Additional studies or sources would be required to determine its body length.",,leaf_litter|soil,,the sources give no explicit habitat description for this species,2,502187F3DD41FF87FF34FADF0AA3F8A4(plazi),"Based on the provided documents, the specific habitat of *Bilobella braunerae* is not explicitly mentioned. However, it belongs to the family Neanuridae, which includes springtails typically found in moist environments such as soil, leaf litter, or under stones . Further details about its exact habitat would require more targeted research.",2,NA,"NA|G1.61, Medio-European acidophilous beech forests",NA,United Kingdom|Germany,Brandenburg,"52.4654,-2.4357|52.9593,13.7498",NA|50,2019,NA|Temperate_Broadleaf_&_Mixed_Forest_simplify-0.001_buffered-0.018,Celtic_broadleaf_forests|Baltic_mixed_forests
Bilobella massoudi,Bilobella,Neanuridae,106917,species,,,,,0,,,,,,0,,,,,,,0,,,8,I,NA,NA,Slovenia,,"45.8269,14.1929|46.13521,14.392312|45.807552,14.234915",NA,2010,NA,Dinaric_Mountains_mixed_forests|Pannonian_mixed_forests
Bourletiella arvalis,Bourletiella,Bourletiellidae,2049373,species,,,,the sources contain no explicit statement about this species' diet,5,33365818(medline)|266B5D55F725FFB7FF7EFC974637FBD7(plazi)|03CF878BFFF1C23322795BCEFB0CAA64(plazi)|03B287EEFFD5CF3CFF2FFCE84387FC74(plazi)|PMC7706535(pmc),"Based on the provided documents, there is no specific information regarding the diet or feeding habits of *Bourletiella arvalis* . The source primarily discusses the mitochondrial genome and its implications for phylogenetic studies within the Collembola group.",,,,5,33365818(medline)|266B5D55F725FFB7FF7EFC974637FBD7(plazi)|03CF878BFFF1C23322795BCEFB0CAA64(plazi)|03B287EEFFD5CF3CFF2FFCE84387FC74(plazi)|PMC7706535(pmc),"Based on the provided documents, there is no specific information regarding the body length of Bourletiella arvalis. The source discusses the mitochondrial genome and phylogenetic analysis but does not mention morphological characteristics such as body length .",,,,the sources give no explicit habitat description for this species,5,33365818(medline)|03CF878BFFF1C23322795BCEFB0CAA64(plazi)|266B5D55F725FFB7FF7EFC974637FBD7(plazi)|PMC7706535(pmc),"Based on the provided documents, there is no specific information about the habitat of Bourletiella arvalis. The source discusses the mitochondrial genome and phylogenetic analysis of this species but does not mention its ecological or environmental preferences .",5,NA,NA|14. Artificial - Terrestrial | 14.2 Pastureland,Malaise Trap,United Kingdom|Portugal,Braganca,"51.495,-0.179|51.49583,-0.1783333|41.492,-6.515",NA|500,2018-2025,NA|Mediterranean_Forest_Woodlands_&_Scrub_simplify-0.001_buffered-0.018,English_Lowlands_beech_forests|NA|Iberian_sclerophyllous_and_semi-deciduous_forests
Bourletiella viridescens,Bourletiella,Bourletiellidae,574227,genus,,,,the sources contain no explicit statement about this species' diet,3,27395532(medline)|03CF878BFFF2C230226B5D7AFABAA9C2(plazi)|03AA531A0F493526FF585E9FFBF1A5A7(plazi),"Based on the provided documents, there is no specific information about the feeding habits of *Bourletiella viridescens* . The text discusses synonymy between *Katianna coeruleocephala* and *Bourletiella viridescens*, but does not provide dietary data for either species. Further research would be needed to determine the diet of *Bourletiella viridescens*.",,,,3,27395532(medline)|03AA531A0F493526FF585E9FFBF1A5A7(plazi)|03CF878BFFF2C230226B5D7AFABAA9C2(plazi),"Based on the provided documents, there is no specific information regarding the body length of *Bourletiella viridescens*. The text discusses synonymy between *Katianna coeruleocephala* and *Bourletiella viridescens*, but does not provide morphological measurements .",leaf_litter,,direct,,3,27395532(medline)|03CF878BFFF2C230226B5D7AFABAA9C2(plazi)|03AA531A0F493526FF585E9FFBF1A5A7(plazi),"Based on the provided documents, Bourletiella viridescens is noted to have a preferred habitat in cold and damp litter . This information is derived from the description of Katianna coeruleocephala, which was synonymized with Bourletiella viridescens. No additional details about its specific habitat preferences are provided in the given sources.",4,adult|NA,Garden compost|Meadow|NA,Pitfall trap|Malaise Trap,Finland|United Kingdom,,"60.441,22.308|61.715,26.388",28|110,2020-2021,Temperate_Broadleaf_&_Mixed_Forest_simplify-0.001_buffered-0.018|Boreal_Forest_Taiga_simplify-0.1_buffered-0.018|NA,Sarmatic_mixed_forests|Scandinavian_and_Russian_taiga|Celtic_broadleaf_forests
Brachystomella parvula,Brachystomella,Brachystomellidae,187611,species,,,,the sources contain no explicit statement about this species' diet,9,33426271(medline)|30743842(medline)|721B6E0C8C04FFBBFF382034A95E27CF(plazi)|PMC7755314(pmc),"Based on the provided documents, there is no specific information regarding the diet of *Brachystomella parvula*. The sources discuss its ecological distribution and mitochondrial genome but do not mention feeding habits . Further research would be needed to determine its dietary preferences.",,,,9,33426271(medline)|30743842(medline)|C874A727FF4AFF2C6AE1A19EFBBEBF47(plazi)|DE3DBD36FFC4DC6BE094FA00FF3FF80C(plazi)|721B6E0C8C04FFBBFF382034A95E27CF(plazi)|266B5D55F764FFF6FF7EFEC7450CFDA6(plazi)|502187F3DD4FFF89FF34FC0A0AA7F9C7(plazi)|03AECF752E24FFDE57942197FCACFB82(plazi)|PMC7755314(pmc),"Based on the provided documents, there is no specific mention of the body length of *Brachystomella parvula*. The sources discuss the mitochondrial genome and ecological distribution of this species but do not provide morphological measurements .",,,,,9,30743842(medline)|721B6E0C8C04FFBBFF382034A95E27CF(plazi)|DE3DBD36FFC4DC6BE094FA00FF3FF80C(plazi)|03AA531A0F593536FF585940FA39A05B(plazi)|E03187B3FF95D442FF31F2FBFD7FF844(plazi)|PMC7755314(pmc),"Based on the provided documents, *Brachystomella parvula* is found in red mud affected open habitats, where it forms a dominant part of the Collembola community . This indicates that its habitat includes areas contaminated by red mud, likely characterized by high alkalinity and specific chemical compositions associated with such contamination. No further details about its preferred environmental conditions beyond this context are provided in the given sources.",19,Adult|NA,"EUNIS G1.1; Riparian and gallery woodland, with dominant Alnus, Betula, Populus or Salix. Flushed organic matter at lakeshore|NA|R1, Dry grasslands|Garden compost|Shallow ditch, algae",NA|soil corer,Denmark|France|Germany|Sweden,Baden-Wuerttemberg|Vasternorrland|Kalmar,"56.05,9.652|42.9661,0.867867",NA,2014-2022,NA|Temperate_Broadleaf_&_Mixed_Forest_simplify-0.001_buffered-0.018,Baltic_mixed_forests|NA|Sarmatic_mixed_forests
Ceratophysella bengtssoni,Ceratophysella,Hypogastruridae,1720639,species,,,,the sources contain no explicit statement about this species' diet,4,37044521(medline)|266B5D55F74EFFDCFF7EFA75450CF9B4(plazi)|03CF878BFF97C25521EE5AA7FB1CAF11(plazi)|03AECF752E23FFD957942656FC60FB42(plazi),"Based on the provided documents, there is no information available about the diet of *Ceratophysella bengtssoni*. The sources discuss findings related to the genus *Mesogastrura* but do not mention *Ceratophysella bengtssoni* or its feeding habits.",,,,4,37044521(medline)|03AECF752E23FFD957942656FC60FB42(plazi)|266B5D55F74EFFDCFF7EFA75450CF9B4(plazi)|03CF878BFF97C25521EE5AA7FB1CAF11(plazi),"Based on the provided documents, there is no information regarding the body length of *Ceratophysella bengtssoni*. The sources discuss *Mesogastrura* species but do not mention *Ceratophysella bengtssoni* .",,cave,,the sources give no explicit habitat description for this species; no explicit habitat description in the sources; value inferred,4,37044521(medline)|03AECF752E23FFD957942656FC60FB42(plazi)|03CF878BFF97C25521EE5AA7FB1CAF11(plazi)|266B5D55F74EFFDCFF7EFA75450CF9B4(plazi),"Based on the provided documents, there is no information about the habitat of *Ceratophysella bengtssoni*. The sources discuss *Mesogastrura* species found in caves on the Korean Peninsula but do not mention *Ceratophysella bengtssoni* or its habitat .",10,NA|Adult,NA|Garden compost,NA|Malaise Trap,France|Norway|United Kingdom,Vestfold,"44.413,1.679|44.291,1.746",NA,2014-2025,NA,European_Atlantic_mixed_forests|NA
Ceratophysella cavicola,Ceratophysella,Hypogastruridae,1288903,species,,,,the sources contain no explicit statement about this species' diet,2,39645769(medline)|03CF878BFF97C25522955C6CFA95A885(plazi),"Based on the provided documents, there is no specific information about the diet or feeding habits of *Ceratophysella cavicola*. The source text discusses the morphology, DNA barcoding, and taxonomy of *Ceratophysella gracilimucronata* sp. nov., but does not mention *Ceratophysella cavicola* or its ecological preferences . Further research would be needed to determine the feeding behavior of this species.",,,,2,39645769(medline)|03CF878BFF97C25522955C6CFA95A885(plazi),"Based on the provided documents, there is no specific information about the body length of *Ceratophysella cavicola*. The source discusses *Ceratophysella gracilimucronata* but does not mention *C. cavicola* or its morphometric data .",,,,the sources give no explicit habitat description for this species,2,39645769(medline)|03CF878BFF97C25522955C6CFA95A885(plazi),"Based on the provided documents, there is no specific information about the habitat of *Ceratophysella cavicola*. The source text discusses *Ceratophysella gracilimucronata* sp. nov., but does not mention *Ceratophysella cavicola* or its habitat .",4,,NA,NA,Poland,,"50.777,15.755",650,2009,NA,Western_European_broadleaf_forests
Ceratophysella denticulata,Ceratophysella,Hypogastruridae,928250,species,microbivore|algivore,,direct,,16,26740559(medline)|721B6E0C8C1BFFA4FF38239CA98125E9(plazi)|266B5D55F74FFFDDFF7EFAC8457DF892(plazi)|502187F3DD4DFF8BFF34FBB70AA7FA81(plazi)|03B5E34DFFC3FFC4CD80FB6E8E9AFA47(plazi)|03BF042CFFA4B7733A42FBB9FBCEF269(plazi)|03AA531A0F55353AFF595FE0FC8AA260(plazi)|PMC4746759(pmc),"Based on the provided documents, Ceratophysella denticulata feeds on photoautotrophic microorganisms. Specifically, it derives carbon from microbial sources when incubated under light conditions . However, it does not graze on algal mats .",1-2,,,16,39246360(medline)|721B6E0C8C1BFFA4FF38239CA98125E9(plazi)|266B5D55F74FFFDDFF7EFAC8457DF892(plazi)|502187F3DD4DFF8BFF34FBB70AA7FA81(plazi)|03B5E34DFFC3FFC4CD80FB6E8E9AFA47(plazi)|03BF042CFFA4B7733A42FBB9FBCEF269(plazi)|03AA531A0F55353AFF595FE0FC8AA260(plazi)|PMC9565337(pmc),"Based on the provided documents, Ceratophysella denticulata is described as a small organism, typically less than 1-2 mm in length . No specific measurement is given in the text.",soil,,direct,,16,36234404(medline)|26856893(medline)|721B6E0C8C1BFFA4FF38239CA98125E9(plazi)|03BF042CFFA4B7733A42FBB9FBCEF269(plazi)|03B5E34DFFC3FFC4CD80FB6E8E9AFA47(plazi)|502187F3DD4DFF8BFF34FBB70AA7FA81(plazi)|E03187B3FF92D445FF31F253FD7FF953(plazi)|PMC9565337(pmc),"Based on the provided documents, Ceratophysella denticulata is described as an epiedaphic species, meaning it inhabits the upper layer of soil, near the surface . It is also noted to be a surface-dwelling species, contrasting with deeper-living euedaphic species .",78,Adult|adult|NA,"heathland and regeneration areas|NA|EUNIS G1.1; Riparian and gallery woodland, with dominant Alnus, Betula, Populus or Salix. Flushed organic matter at lakeshore|Sea shore|Garden compost|River shore|Lake shore|R18 Perennial rocky calcareous grassland of subatlantic-submediterranean Europe|Seashore wrack bed",soil sampling|NA|Soil/litter sample|Pitfall trap|Litter from decaying tree|soil corer,Spain|Poland|Denmark|Finland|Greece|Norway|Germany|Montenegro|Austria|France|Italy|Serbia|Croatia|Sweden|United Kingdom|Estonia,Canary Islands|Baden-Wuerttemberg|Vestfold|Occitanie,"28.442,-16.388|51.108,17.039",1145|NA,2003-2022,Mediterranean_Forest_Woodlands_&_Scrub_simplify-0.001_buffered-0.018|NA|Temperate_Broadleaf_&_Mixed_Forest_simplify-0.001_buffered-0.018|Boreal_Forest_Taiga_simplify-0.1_buffered-0.018,Canary_Islands_dry_woodlands_and_forests|Central_European_mixed_forests|Baltic_mixed_forests|Scandinavian_and_Russian_taiga|Sarmatic_mixed_forests|Aegean_and_Western_Turkey_sclerophyllous_and_mixed_forests|Iberian_sclerophyllous_and_semi-deciduous_forests|Western_European_broadleaf_forests|Dinaric_Mountains_mixed_forests|Alps_conifer_and_mixed_forests|Italian_sclerophyllous_and_semi-deciduous_forests|Balkan_mixed_forests|Pannonian_mixed_forests|NA|Pyrenees_conifer_and_mixed_forests|English_Lowlands_beech_forests
Ceratophysella engadinensis,Ceratophysella,Hypogastruridae,2803653,species,,,,the sources contain no explicit statement about this species' diet,5,03AECF752E23FFD9579426AEFC60FA6A(plazi)|03FD87AAFF8EFF8AFF0EFF4BFB66D7E5(plazi)|721B6E0C8C1BFFA4FF3822E4A95E22C9(plazi)|03CF878BFF91C25321D459AEFC21ADB8(plazi)|03EA87B2FFB8FFEDFF26FCF1FC639E58(plazi),"Based on the provided documents, there is no specific information about the diet or feeding habits of *Ceratophysella engadinensis*. The sources describe its distribution, habitat, and taxonomy but do not mention what it feeds on . Further research would be needed to determine its dietary preferences.",,,,5,721B6E0C8C1BFFA4FF3822E4A95E22C9(plazi)|03CF878BFF91C25321D459AEFC21ADB8(plazi)|03FD87AAFF8EFF8AFF0EFF4BFB66D7E5(plazi)|03AECF752E23FFD9579426AEFC60FA6A(plazi)|03EA87B2FFB8FFEDFF26FCF1FC639E58(plazi),"Based on the provided documents, there is no specific mention of the body length of *Ceratophysella engadinensis*. The sources describe its ecology, distribution, and habitat but do not provide morphological measurements . Further research or reference to taxonomic keys would be necessary to determine this characteristic.",leaf_litter|soil,forest_wood|grassland,direct,"categories inferred from locality, coordinates or altitude were not retained: forest_wood; habitat statement concerns Inthanon forest, not the target species",5,721B6E0C8C1BFFA4FF3822E4A95E22C9(plazi)|03EA87B2FFB8FFEDFF26FCF1FC639E58(plazi)|03AECF752E23FFD9579426AEFC60FA6A(plazi)|03CF878BFF91C25321D459AEFC21ADB8(plazi),"Based on the provided documents, *Ceratophysella engadinensis* inhabits soil of rice fields, leaf litter, and soil under herbal cover in Iran . It also occurs in litter at 2500 m altitude in Doi Inthanon forest in Thailand , and in soil and leaf litter of highlands grasslands in Itatiaia National Park, Brazil . The species is found in various habitats across different regions, including soils and leaf litter in areas with specific ecological conditions .",5,,NA,NA,Poland,,"51.363,17.464",NA,2009,NA,Central_European_mixed_forests
Ceratophysella gibbosa,Ceratophysella,Hypogastruridae,187618,species,,,,the sources contain no explicit statement about this species' diet,4,721B6E0C8C1BFFA4FF382404A95E2029(plazi),"Based on the provided documents, there is no specific information regarding the diet or feeding habits of *Ceratophysella gibbosa*. The sources primarily discuss its taxonomy, distribution, ecology, and habitat preferences, such as being found in soil under pine trees, oak forests, and alfalfa farms . Further research would be needed to determine its dietary characteristics.",,,,4,DE3DBD36FFCBDC64E08CFCA7FD97FAAA(plazi)|502187F3DD4DFF8BFF34FACA0ABAFA51(plazi)|03CF878BFF91C25322955DD1FA87AFD4(plazi)|721B6E0C8C1BFFA4FF382404A95E2029(plazi),"Based on the provided documents, there is no specific mention of the body length of *Ceratophysella gibbosa*. The sources discuss taxonomy, distribution, ecology, and some morphological characteristics but do not provide measurements related to body size .",,soil|forest_wood,,the sources give no explicit habitat description for this species,4,721B6E0C8C1BFFA4FF382404A95E2029(plazi)|502187F3DD4DFF8BFF34FACA0ABAFA51(plazi),"Based on the provided documents, *Ceratophysella gibbosa* inhabits soil under pine trees, oak forests, and alfalfa farms in Iran . The species has a holarctic distribution, indicating it can be found across various regions in both hemispheres . However, specific habitats beyond Iran are not detailed in the given sources.",14,,laurel forest|NA|cave,soil sampling|NA|pitfall traps,Spain|France|Italy,Canary Islands|Lombardy,"28.544,-16.226",830,2004-2023,Mediterranean_Forest_Woodlands_&_Scrub_simplify-0.001_buffered-0.018|NA,Canary_Islands_dry_woodlands_and_forests|Western_European_broadleaf_forests|NA
Ceratophysella granulata,Ceratophysella,Hypogastruridae,1218962,species,,,,the sources contain no explicit statement about this species' diet,5,33716539(medline)|3048909794415CAFAF7712BC8C024C10(plazi)|95DCD953A7CA50F6BD3741C2BF00246E(plazi)|PMC7940320(pmc),"Based on the provided documents, there is no specific information regarding the diet or feeding habits of *Ceratophysella granulata*. The sources describe its morphology, genetic characteristics, and taxonomic placement but do not mention its food source . Further research would be needed to determine its dietary preferences.",,,,5,33716539(medline)|3048909794415CAFAF7712BC8C024C10(plazi)|PMC7940320(pmc),"Based on the provided documents, the body length of *Ceratophysella granulata* is not explicitly mentioned . The text describes its morphological characteristics but does not provide specific measurements for body length. Additional studies or references would be required to determine this detail.",,,,the sources give no explicit habitat description for this species,5,33716539(medline)|95DCD953A7CA50F6BD3741C2BF00246E(plazi)|3048909794415CAFAF7712BC8C024C10(plazi)|PMC7940320(pmc),"Based on the provided documents, Ceratophysella granulata is mentioned as part of a group of species that includes C. granulata Stach, 1949, which is noted for its strong tegumentary granulation and specific chaetotaxy. However, no explicit information about the habitat of Ceratophysella granulata is provided in the sources . Therefore, the habitat cannot be determined from the available information.",6,Adult,"NA|Aspen/hazel litter, sand",NA,Poland|Norway,Vestfold,"49.27,20.018",1600,2009-2015,NA,Carpathian_montane_forests|NA
Ceratophysella longispina,Ceratophysella,Hypogastruridae,2722004,species,,,,the sources contain no explicit statement about this species' diet,3,39645769(medline)|266B5D55F751FFC3FF7EFF3B4484FE24(plazi)|03CF878BFF91C25322815BE0FABBA9D9(plazi),"Based on the provided documents, there is no specific information about the diet or feeding habits of *Ceratophysella longispina*. The source text discusses the morphology and molecular characterization of *Ceratophysella gracilimucronata* sp. nov., but does not mention *Ceratophysella longispina* or its ecological preferences . Further research would be needed to determine the feeding behavior of this species.",,,,3,39645769(medline)|03CF878BFF91C25322815BE0FABBA9D9(plazi)|266B5D55F751FFC3FF7EFF3B4484FE24(plazi),"Based on the provided documents, there is no specific information regarding the body length of *Ceratophysella longispina*. The source text discusses *Ceratophysella gracilimucronata* sp. nov., but does not mention *Ceratophysella longispina* or its morphometric characteristics .",,,,the sources give no explicit habitat description for this species,3,39645769(medline)|03CF878BFF91C25322815BE0FABBA9D9(plazi),"Based on the provided documents, there is no specific information about the habitat of *Ceratophysella longispina*. The source text discusses *Ceratophysella gracilimucronata* sp. nov., but does not mention *Ceratophysella longispina* or its habitat .",3,Adult,Arctic tundra|NA,NA|Pitfall,Norway,Svalbard,"78.704,16.617|78.92,11.92",NA|36,2010-2013,NA,Russian_Arctic_desert
Ceratophysella scotica,Ceratophysella,Hypogastruridae,2905844,species,,,,the sources contain no explicit statement about this species' diet,1,195D87CB8564FFD7BFEEFD22FE47FA7A(plazi),"Based on the provided documents, there is no specific information regarding the diet or feeding habits of *Ceratophysella scotica*. The document mentions the taxonomic classification and mitochondrial genome details of various springtail species but does not provide information about their dietary preferences .",,,,1,195D87CB8564FFD7BFEEFD22FE47FA7A(plazi),"Based on the provided documents, there is no specific information given about the body length of *Ceratophysella scotica*. The source mentions the presence of this species but does not provide any details regarding its physical dimensions .",,,,the sources give no explicit habitat description for this species,1,195D87CB8564FFD7BFEEFD22FE47FA7A(plazi),"Based on the provided documents, there is no specific information about the habitat of *Ceratophysella scotica*. The document mentions the genus *Ceratophysella* but does not provide details regarding the ecological or environmental preferences of its species . Further research would be needed to determine the habitat of *Ceratophysella scotica*.",6,Adult|adult,"EUNIS D2.291; Boreal Eriophorum vaginatum sphagnum fens|Lake shore|Salix thicket, lake shore|NA",NA|Moss sample,Denmark|Finland|Norway,Oppland|Trondelag,"56.045,9.65|66.621,25.205|61.542,8.901",NA,2014-2020,Temperate_Broadleaf_&_Mixed_Forest_simplify-0.001_buffered-0.018|Boreal_Forest_Taiga_simplify-0.1_buffered-0.018|NA|Temperate_Conifer_Forest_simplify-0.001_buffered-0.018,Baltic_mixed_forests|Scandinavian_and_Russian_taiga|Scandinavian_Montane_Birch_forest_and_grasslands|Scandinavian_coastal_conifer_forests
Ceratophysella sigillata,Ceratophysella,Hypogastruridae,1218965,species,,,,the sources contain no explicit statement about this species' diet,5,39645769(medline)|25968581(medline)|03CF878BFF92C25021F55B46FE1EA9D8(plazi)|10.5281/zenodo.8029105(pmc),"Based on the provided documents, there is no specific information about the diet or feeding habits of *Ceratophysella sigillata*. The sources focus on its chemical defenses and taxonomic descriptions rather than its ecological interactions related to food sources .",,,,5,25968581(medline)|32049518(medline)|39645769(medline)|03CF878BFF92C25021F55B46FE1EA9D8(plazi)|10.5281/zenodo.8029105(pmc),"Based on the provided documents, the body length of *Ceratophysella sigillata* is not explicitly mentioned . Further research or specific references detailing morphometric data would be required to determine its body length.",,,,the sources give no explicit habitat description for this species,5,25968581(medline)|03CF878BFF92C25021F55B46FE1EA9D8(plazi)|10.5281/zenodo.8029105(pmc),"Based on the provided documents, Ceratophysella sigillata is a winter-active species of springtail . However, specific details about its exact habitat are not mentioned in the sources.",18,NA,"NA|R16, Perennial rocky grassland of Central and South-Eastern Europe|F3.161, Juniper downs",NA|soil corer,Italy|Germany,Baden-Wuerttemberg,"46.07467,10.74275|46.254333,10.859",NA,2013-2022,NA|Temperate_Broadleaf_&_Mixed_Forest_simplify-0.001_buffered-0.018,NA|Western_European_broadleaf_forests
Ceratophysella stachi,Ceratophysella,Hypogastruridae,187617,genus,,,,the sources contain no explicit statement about this species' diet,3,33716539(medline)|3048909794415CAFAF7712BC8C024C10(plazi)|PMC7940320(pmc),"Based on the provided documents, there is no specific information regarding the diet or feeding habits of *Ceratophysella stachi* . The description focuses on its morphology, distribution, and taxonomic classification rather than ecological preferences or food sources.",,,,3,33716539(medline)|3048909794415CAFAF7712BC8C024C10(plazi)|PMC7940320(pmc),"Based on the provided documents, the body length of *Ceratophysella stachi* is not specified .",,leaf_litter|soil,,the sources give no explicit habitat description for this species; no explicit habitat description in the sources; value inferred,3,33716539(medline)|3048909794415CAFAF7712BC8C024C10(plazi)|PMC7940320(pmc),"Based on the provided documents, the specific habitat of *Ceratophysella stachi* is not explicitly mentioned. However, as a member of the family Hypogastruridae, it is likely to inhabit moist environments such as soil or leaf litter, which are typical habitats for many springtail species . Further details about its exact habitat would require more specialized ecological studies.",1,,"F9.2, Willow carr and fen scrub",NA,Germany,Mecklenburg-Vorpommern,"53.3676,12.9844",85,2013,Temperate_Broadleaf_&_Mixed_Forest_simplify-0.001_buffered-0.018,Baltic_mixed_forests
Ceratophysella succinea,Ceratophysella,Hypogastruridae,2041936,species,,,,the sources contain no explicit statement about this species' diet,4,E03187B3FF91D446FF31F0CBFB6CFBCF(plazi)|266B5D55F752FFC0FF7EFE01450CFD47(plazi)|03CF878BFF92C25021FC5927FD0EAACA(plazi)|03AA531A0F55353AFF5958F2FCC3A3F3(plazi),"Based on the provided documents, there is no specific information about the diet or feeding habits of *Ceratophysella succinea* . The sources primarily discuss its distribution, taxonomy, and ecological habitats but do not mention its food source. Further research would be needed to determine its dietary preferences.",,,,4,03CF878BFF92C25021FC5927FD0EAACA(plazi)|03AA531A0F55353AFF5958F2FCC3A3F3(plazi)|266B5D55F752FFC0FF7EFE01450CFD47(plazi)|E03187B3FF91D446FF31F0CBFB6CFBCF(plazi),"Based on the provided documents, there is no specific mention of the body length of *Ceratophysella succinea*. The sources discuss the distribution, ecology, and taxonomy of the species but do not provide morphometric data such as body length .",soil|forest_wood|agricultural|synanthropic,grassland,direct,"habitat statement concerns Robinia pseudoacacia, not the target species",4,03CF878BFF92C25021FC5927FD0EAACA(plazi)|E03187B3FF91D446FF31F0CBFB6CFBCF(plazi)|03AA531A0F55353AFF5958F2FCC3A3F3(plazi),"Based on the provided documents, *Ceratophysella succinea* inhabits various environments including forest, shrubland, agricultural land, and urban soils . It is also found in specific habitats such as groves of Robinia pseudoacacia and Pinus nigra, as well as wet meadows withLotus corniculatus, Carex spp., and Juncus spp. . The species has a cosmopolitan distribution, indicating it can thrive in diverse geographic regions .",7,Adult|NA,"EUNIS B2.2; Unvegetated mobile shingle beaches above the driftline. Old seaweed on the upper beach.|R1, Dry grasslands|Seashore",NA|soil corer,Denmark|Germany|Norway,Baden-Wuerttemberg|Vestfold,"56.297,10.855|48.78,8.8",NA|540,2014-2022,Temperate_Broadleaf_&_Mixed_Forest_simplify-0.001_buffered-0.018|NA,NA
Choreutinula inermis,Choreutinula,Hypogastruridae,2449119,species,,,,the sources contain no explicit statement about this species' diet,4,721B6E0C8C1AFFA5FF3820ECA83025A0(plazi)|4F034B6EFFBE3573D916FAED3C8FFA65(plazi)|E03187B3FF91D446FF31F46BFD1DF86F(plazi)|03CF878BFF92C25022955B22FBDBA9B4(plazi),"Based on the provided documents, there is no specific information about the diet or feeding habits of *Choreutinula inermis*. The sources describe its ecological preferences and geographic distribution but do not mention what it feeds on .",,,,4,03CF878BFF92C25022955B22FBDBA9B4(plazi)|4F034B6EFFBE3573D916FAED3C8FFA65(plazi)|721B6E0C8C1AFFA5FF3820ECA83025A0(plazi)|E03187B3FF91D446FF31F46BFD1DF86F(plazi),"Based on the provided documents, there is no specific mention of the body length of *Choreutinula inermis*. The sources discuss its distribution, ecology, and habitat but do not provide measurements related to body size .",leaf_litter|soil|forest_wood|agricultural|synanthropic|sandy_dune,,direct,,4,721B6E0C8C1AFFA5FF3820ECA83025A0(plazi)|4F034B6EFFBE3573D916FAED3C8FFA65(plazi)|E03187B3FF91D446FF31F46BFD1DF86F(plazi)|03CF878BFF92C25022955B22FBDBA9B4(plazi),"Based on the provided documents, *Choreutinula inermis* inhabits soil and leaf litter under various tree species such as white poplar, zelkova, pine, plane, black alder, acacia, plum, fig, and elm in Iran . It is also found in forest, shrubland, cultivated land, and gardens in Vietnam . Additionally, it occurs in acidic soils and sandy environments in France . Its presence in the Tsey Gorge is noted in pine forest litter .",20,adult|Adult,Coniferous forest|Sea shore|NA|Litter at foot og big pine|Pine litter/bark,Soil/litter sample|Litter from decaying spruce stump|Moss sample|Pine litter sample|Litter from ant (Formica) nest|Malaise Trap|NA,Finland|Sweden|Norway,Vestfold,"61.086,23.591|60.179,24.986|64.128,28.266",NA|316,2015-2021,Boreal_Forest_Taiga_simplify-0.1_buffered-0.018|NA|Temperate_Broadleaf_&_Mixed_Forest_simplify-0.001_buffered-0.018,Scandinavian_and_Russian_taiga|NA|Sarmatic_mixed_forests
Choreutinula kulla,Choreutinula,Hypogastruridae,2449118,genus,,,,,0,,,,,,0,,,,,,,0,,,2,Adult,"Dry meadow, gravel",NA,Norway,Vestfold,"59.072,10.525",NA,2014,NA,NA
Cribrochiurus subcribrosus,Cribrochiurus,Onychiuridae,,,,,,,0,,,,,,0,,,,,,,0,,,2,,cave,pitfall traps,Italy,Lombardy,"45.932556,10.095944",NA,2023,NA,NA
Cryptopygus clavatus,Cryptopygus,Isotomidae,3042125,species,algivore,,direct,,4,25995534(medline)|PMC4430596(pmc),"Based on the provided documents, Cryptopygus clavatus feeds on algae when it is submerged during the summer months .",,,,4,28875109(medline)|25995534(medline)|PMC4430596(pmc)|PMC5564267(pmc),"Based on the provided documents, there is no specific mention of the body length of *Cryptopygus clavatus*. The sources discuss its seasonal habitat changes and cuticular wetting properties but do not provide measurements related to its body size , .",marine_coastal,,direct,,4,25995534(medline)|PMC4430596(pmc),"Based on the provided documents, *Cryptopygus clavatus* inhabits a littoral environment, spending the summer submerged, grazing on algae under water, and the winter on dry land . This seasonal shift in habitat correlates with changes in its cuticular wetting properties .",5,Adult,Seashore rock pool,NA,Norway,Vestfold,"59.1476,10.4396",NA,2014,NA,NA
Cyphoderus albinus,Cyphoderus,Lepidocyrtidae,1499079,species,,predator,,the sources contain no explicit statement about this species' diet; no explicit diet statement in the sources; value inferred,8,30357527(medline)|03AA531A0F41352EFF595B59FC10AE0B(plazi)|03E5878DFFC7FFA0FF5DFB87835DFAE2(plazi),"Based on the provided documents, there is no specific information about the diet of *Cyphoderus albinus*. The source discusses the indirect effects of ants on prey-predator interactions involving *Cyphoderus albinus* but does not mention its feeding habits . Further research would be needed to determine what *Cyphoderus albinus* feeds on.",,,,8,30357527(medline)|03AA531A0F41352EFF595B59FC10AE0B(plazi)|DE3DBD36FFDFDC70E084F980FD64F911(plazi)|03CF878BFFDBC21922AE5D83FAC2ABF1(plazi)|721B6E0C8C3BFF84FF382184A97A27F0(plazi)|03DD371FFFADFFD834F6FC2FFC8FFB8E(plazi),"Based on the provided documents, there is no specific mention of the body length of *Cyphoderus albinus*. The sources discuss the indirect effects of ants on prey-predator interactions involving this species but do not provide morphological details such as body length . Further research or documentation would be required to determine this characteristic.",,,,the sources give no explicit habitat description for this species,8,30357527(medline)|03AA531A0F41352EFF595B59FC10AE0B(plazi)|721B6E0C8C3BFF84FF382184A97A27F0(plazi)|03DD371FFFADFFD834F6FC2FFC8FFB8E(plazi),"Based on the provided documents, there is no specific mention of the habitat of *Cyphoderus albinus*. The text discusses its interaction with ants and other symbiotic species but does not provide details about its habitat . Additional research would be needed to determine the specific environmental conditions where *Cyphoderus albinus* resides.",15,Adult|NA,"EUNIS G4; Formica polyctena nest. Deciduous forest|NA|R1, Dry grasslands|R16, Perennial rocky grassland of Central and South-Eastern Europe|R1M Lowland to montane, dry to mesic grassland usually dominated by Nardus stricta|Under stone, with ants|Hollow aspen with Lasius brunneus",NA|soil corer,Denmark|France|Germany|Sweden|Norway,Baden-Wuerttemberg|Kalmar|Vestfold,"56.127,9.496|42.954,-0.332",NA,2014-2022,Temperate_Broadleaf_&_Mixed_Forest_simplify-0.001_buffered-0.018|NA,Baltic_mixed_forests|NA|Sarmatic_mixed_forests
Desoria blekeni,Desoria,Isotomidae,281417,genus,,,,,0,,,,,,0,,,,,,,0,,,1,Adult,Old growth spruce forest,NA,Norway,Oppland,"61.213,8.95",NA,2014,NA,Scandinavian_and_Russian_taiga
Desoria blufusata,Desoria,Isotomidae,281417,genus,,,,the sources contain no explicit statement about this species' diet,1,266B5D55F700FF93FF7EF8C3450CFEEF(plazi),"Based on the provided documents, there is no specific information about the diet of *Desoria blufusata* . The references listed primarily pertain to taxonomic descriptions, geographical distributions, and studies related to other species or general ecological contexts, but none detail the feeding habits of this particular species.",,,,1,266B5D55F700FF93FF7EF8C3450CFEEF(plazi),"Based on the provided documents, there is no specific mention of the body length of *Desoria blufusata*. The sources primarily discuss its taxonomy, distribution, and references to studies but do not provide morphological measurements .",,,,the sources give no explicit habitat description for this species,1,266B5D55F700FF93FF7EF8C3450CFEEF(plazi),"Based on the provided documents, the specific habitat details for *Desoria blufusata* are not explicitly mentioned. However, it is noted to have a Holarctic distribution, indicating it is found across both the Nearctic and Palearctic regions. Further ecological specifics would require additional studies or references .",3,Adult,"Salix litter, lake shore",NA,Norway,Oppland,"61.542,8.901",NA,2014,NA,Scandinavian_Montane_Birch_forest_and_grasslands
Desoria calderonis,Desoria,Isotomidae,2865909,species,,,,the sources contain no explicit statement about this species' diet,1,AE318780FF90700A8204FCEDFD2FF667(plazi),"Based on the provided documents, there is no specific information regarding the diet or feeding habits of *Desoria calderonis*. The description focuses on its morphology and taxonomy rather than its ecology or food source . Further studies would be required to determine its dietary preferences.",0.1-1.5,,,1,AE318780FF90700A8204FCEDFD2FF667(plazi),"Based on the provided documents, the mean body length of *Desoria calderonis* is 1.5 mm with a standard deviation of 0.1 mm .",alpine_glacier,,direct,,1,AE318780FF90700A8204FCEDFD2FF667(plazi),"Based on the provided documents, *Desoria calderonis* sp. nov. is found exclusively on supraglacial stony debris, and not in the surrounding habitats such as LIA moraines . This specific habitat is characterized by unique environmental conditions including high pH, specific organic matter content, and high carbonate calcium levels .",21,NA,Supraglacial stony debris (carbonate: dolomite and limestone)|NA,NA,Italy,Abruzzo,"42.471,13.568",2700,2020,Temperate_Broadleaf_&_Mixed_Forest_simplify-0.001_buffered-0.018|NA,Appenine_deciduous_montane_forests|NA
Desoria fennica,Desoria,Isotomidae,281417,genus,,,,the sources contain no explicit statement about this species' diet,3,266B5D55F701FF93FF7EFABA450CF9A1(plazi)|03AA531A0F5C3533FFA85B1CFB83A1F1(plazi)|03CF878BFFA1C26322C85D22FA52AFA9(plazi),"Based on the provided documents, there is no specific information regarding the diet or feeding habits of *Desoria fennica*. The sources primarily discuss taxonomic classifications, synonyms, and geographic distributions . Further research would be needed to determine its dietary preferences.",,,,3,266B5D55F701FF93FF7EFABA450CF9A1(plazi)|03AA531A0F5C3533FFA85B1CFB83A1F1(plazi)|03CF878BFFA1C26322C85D22FA52AFA9(plazi),"Based on the provided documents, there is no specific mention of the body length of *Desoria fennica*. The sources discuss taxonomic history, distribution, and morphological characteristics but do not provide measurements . Further research would be needed to determine this detail.",,cave|freshwater,,the sources give no explicit habitat description for this species; no explicit habitat description in the sources; value inferred,3,03CF878BFFA1C26322C85D22FA52AFA9(plazi)|03AA531A0F5C3533FFA85B1CFB83A1F1(plazi),"Based on the provided documents, *Desoria fennica* is primarily associated with mountainous regions and caves. It has been recorded from areas such as the Pyrenees, Jura, and the Massif du Nouveau in France, as well as from Deliblatska Pećina in Vojvodina, Serbia . These locations suggest that it inhabits alpine or subalpine environments, possibly including cave systems . However, specific habitat details beyond these general associations are not explicitly described in the sources.",1,Adult,"Alnus litter, near sea",NA,Norway,Vestfold,"59.098,10.407",NA,2015,NA,NA
Desoria grisea,Desoria,Isotomidae,2107370,species,,,,,0,,,,,,0,,,,,,,0,,,17,Adult|adult|immature|NA,NA|EUNIS G4; Formica polyctena nest. Deciduous forest|Pond shore|Coniferous forest|Sea shore|Garden compost,"NA|Moss sample|Soil/litter sample|Needles, moss and hay (artificial pile)|Malaise Trap",France|Denmark|Finland|Estonia|Norway,Northern Ostrobothnia|Sor-Trondelag|Vestfold,"49.457,1.069",NA,2009-2020,NA|Temperate_Broadleaf_&_Mixed_Forest_simplify-0.001_buffered-0.018|Boreal_Forest_Taiga_simplify-0.1_buffered-0.018,European_Atlantic_mixed_forests|Baltic_mixed_forests|Scandinavian_and_Russian_taiga|NA|Sarmatic_mixed_forests
Desoria hiemalis,Desoria,Isotomidae,3051841,species,,,,,0,,,,,,0,,,,,,,0,,,15,NA|adult|Adult,"mixed forest with Phyllitis scolopendrium|NA|Mountain birch forest|Salix litter, lake shore",NA|Soil/litter sample,Germany|Italy|Finland|Norway,Bavaria|Oppland,"47.85637,12.12247|46.156834,10.952722|69.808,27.176",585|NA,2014-2020,NA|Tundra_simplify-0.001_buffered-0.018,Western_European_broadleaf_forests|NA|Scandinavian_Montane_Birch_forest_and_grasslands
Desoria infuscata,Desoria,Isotomidae,281417,genus,,,,,0,,,,,,0,,,,,,,0,,,3,Adult,"Alpine moss, 2.000 m asl.",NA,Norway,Oppland,"61.397,8.711",2000,2014,NA,Scandinavian_Montane_Birch_forest_and_grasslands
Desoria intermedia,Desoria,Isotomidae,3158790,species,,,,the sources contain no explicit statement about this species' diet,1,03CF878BFFA1C26322A45BCCFB70A9EE(plazi),"Based on the provided documents, there is no specific information given about the diet of *Desoria intermedia* . The sources mention its distribution and some taxonomic details but do not provide information on feeding habits. Further research would be needed to determine its food source.",,,,1,03CF878BFFA1C26322A45BCCFB70A9EE(plazi),"Based on the provided documents, there is no specific information given about the body length of *Desoria intermedia* . The sources mention its distribution and ecology but do not provide measurements related to its body size.",,sandy_dune,,the sources give no explicit habitat description for this species,1,03CF878BFFA1C26322A45BCCFB70A9EE(plazi),"Based on the provided documents, *Desoria intermedia* is found in the Camargue region, specifically in the dunes of Beynes and brackish waters (eaux saumâtres) . The exact ecological preferences and habitat details beyond these locations are not specified in the given sources.",8,adult|Adult,"NA|Coniferous forest|On snow, forest edge|Leaf litter, mixed forest",Litter sample from decaying birch|Soil/litter sample|NA,Finland|Norway|Sweden,Vestfold|Gavleborg,"60.019,21.653|64.127,28.27",NA|344,2015-2019,NA|Boreal_Forest_Taiga_simplify-0.1_buffered-0.018,NA|Scandinavian_and_Russian_taiga
Desoria neglecta,Desoria,Isotomidae,1924105,species,,,,the sources contain no explicit statement about this species' diet,4,721B6E0C8C3FFF80FF3827D4A99F2198(plazi)|03DD371FFFAEFFDB3405FD09FF75FC64(plazi)|266B5D55F702FF90FF7EFA54450CF8B9(plazi)|03B387DE0E38FFB0BF7CFB35738CE4E0(plazi),"Based on the provided documents, there is no specific information regarding the diet or feeding habits of *Desoria neglecta*. The sources describe its ecological preferences and geographic distribution but do not mention what it feeds on .",,,,4,721B6E0C8C3FFF80FF3827D4A99F2198(plazi)|266B5D55F702FF90FF7EFA54450CF8B9(plazi)|03B387DE0E38FFB0BF7CFB35738CE4E0(plazi)|03DD371FFFAEFFDB3405FD09FF75FC64(plazi),"Based on the provided documents, there is no specific mention of the body length of *Desoria neglecta*. The sources describe its ecology, distribution, and habitats but do not provide morphological measurements . Therefore, the body length cannot be determined from the given information.",leaf_litter|soil|forest_wood|synanthropic,,direct,,4,721B6E0C8C3FFF80FF3827D4A99F2198(plazi)|03DD371FFFAEFFDB3405FD09FF75FC64(plazi)|03B387DE0E38FFB0BF7CFB35738CE4E0(plazi),"Based on the provided documents, *Desoria neglecta* inhabits soil and leaf litter under various vegetation types such as walnut trees, barberry shrubs (*Berberis vulgaris*), pine forests, oak forests, and urban areas with forested regions . Its general distribution includes the Holarctic region, extending into the Arctic and Subarctic zones .",2,Adult,"Salix litter, lake shore",NA,Norway,Oppland,"61.542,8.901",NA,2014,NA,Scandinavian_Montane_Birch_forest_and_grasslands
Desoria nivea,Desoria,Isotomidae,1184800,species,,,,the sources contain no explicit statement about this species' diet,3,E03187B3FFC7D411FF31F797FD6AFEF3(plazi)|4F034B6EFFBC357ED934F8A83B70FB95(plazi)|10.11646/zootaxa.5147.1.1(pmc),"Based on the provided documents, there is no specific information regarding the diet or feeding habits of *Desoria nivea*. The sources primarily discuss its taxonomy, distribution, and authorship . Further research would be needed to determine its dietary preferences.",,,,3,E03187B3FFC7D411FF31F797FD6AFEF3(plazi)|4F034B6EFFBC357ED934F8A83B70FB95(plazi)|10.11646/zootaxa.5147.1.1(pmc),"Based on the provided documents, there is no specific mention of the body length of *Desoria nivea*. The sources discuss its distribution, authorship, type locality, and morphological characteristics but do not provide measurements , . Further research would be needed to determine its body length.",agricultural|synanthropic,,direct,,3,E03187B3FFC7D411FF31F797FD6AFEF3(plazi)|10.11646/zootaxa.5147.1.1(pmc),"Based on the provided documents, *Desoria nivea* is found in cultivated land and gardens in Vietnam, specifically noted in areas like Lai Chù (Qu H), Lào Cai (Sa Pa), and Võ Ninh Phúc (Tam Đảo National Park) . Additionally, it has been recorded in the Red River Delta region . The general distribution includes the Western Paleartic region, though some records may pertain to other species .",3,Adult,Rotten pine bark,NA,Norway,Vestfold,"59.069,10.03",NA,2014,NA,Scandinavian_and_Russian_taiga
Desoria olivacea,Desoria,Isotomidae,370026,species,,,,the sources contain no explicit statement about this species' diet,3,03CF878BFFA2C26021925EA2FD3AA898(plazi)|03AA531A0F5F3530FF595CBFFCEBA7AB(plazi)|721B6E0C8C3EFF81FF382184A9802744(plazi),"Based on the provided documents, there is no specific information regarding the diet or feeding habits of *Desoria olivacea*. The sources primarily focus on its taxonomy, distribution, and ecological habitat rather than its dietary preferences . Further research would be needed to determine its food source.",,,,3,03CF878BFFA2C26021925EA2FD3AA898(plazi)|721B6E0C8C3EFF81FF382184A9802744(plazi)|03AA531A0F5F3530FF595CBFFCEBA7AB(plazi),"Based on the provided documents, there is no specific mention of the body length of *Desoria olivacea*. The sources discuss the species' distribution, taxonomy, and ecology but do not provide measurements related to its body size . Further research would be needed to determine this characteristic.",soil|cave,,direct,,3,721B6E0C8C3EFF81FF382184A9802744(plazi)|03CF878BFFA2C26021925EA2FD3AA898(plazi)|03AA531A0F5F3530FF595CBFFCEBA7AB(plazi),"Based on the provided documents, *Desoria olivacea* inhabits soil environments . It has been recorded from various locations across Europe, including France, Italy, Spain, and Sweden, with specific mentions of its presence in soil habitats such as those found in caves and near water bodies . The species is also noted to occur in regions like Vojvodina, where it was found in the Obedska Bara area .",19,Adult|immature|adult,"EUNIS G1.5; Broadleaved swamp woodland on acid peat. Sphagnum etc.|Coniferous forest|NA|Mountain birch forest|Alpine|Damp spruce forest|G3.1, Fir and spruce woodland",NA|Soil/litter sample|Moss sample,Denmark|Finland|Norway|Germany,Vestfold|Saxony-Anhalt|Oppland|More og Romsdal,"56.126,9.503|63.1,29.804",NA|324,2011-2019,Temperate_Broadleaf_&_Mixed_Forest_simplify-0.001_buffered-0.018|Boreal_Forest_Taiga_simplify-0.1_buffered-0.018|Tundra_simplify-0.001_buffered-0.018|NA,Baltic_mixed_forests|Scandinavian_and_Russian_taiga|Scandinavian_Montane_Birch_forest_and_grasslands|NA|Western_European_broadleaf_forests
Desoria orobica,Desoria,Isotomidae,3127815,species,,,,,0,,,,,,0,,,,,,,0,,,5,NA,NA,NA,Italy,,"46.054443,10.086389|NA",NA,2023,NA,NA
Desoria propinqua,Desoria,Isotomidae,281417,genus,,,,the sources contain no explicit statement about this species' diet,1,03CF878BFFA2C260200F5B8CFDA8AA13(plazi),"Based on the provided documents, there is no specific information regarding the diet or feeding habits of *Desoria propinqua* . The sources mention its distribution and morphological characteristics but do not provide details about its food source. Further research would be needed to determine its dietary preferences.",,,,1,03CF878BFFA2C260200F5B8CFDA8AA13(plazi),"Based on the provided documents, there is no specific mention of the body length of *Desoria propinqua*. The sources provide distribution and morphological notes but do not include measurements .",,soil,,the sources give no explicit habitat description for this species; no explicit habitat description in the sources; value inferred,1,03CF878BFFA2C260200F5B8CFDA8AA13(plazi),"Based on the provided documents, the habitat of *Desoria propinqua* includes the Hautes-Pyrénées and the Massif du Nouveau in France, as well as the Pyrénées centrales . Specific locations mentioned are Cassagnau's studies from 1961 and 1968, indicating these areas are part of its distribution range. However, detailed ecological preferences or specific habitats such as soil type or vegetation are not explicitly described in the given sources.",2,adult,Coniferous forest,Soil/litter sample,Finland,,"65.341,25.711",NA,2019,Boreal_Forest_Taiga_simplify-0.1_buffered-0.018,Scandinavian_and_Russian_taiga
Desoria saltans,Desoria,Isotomidae,3127811,species,,,,the sources contain no explicit statement about this species' diet,4,504F2D6CFFDDFF8D97BEF214FDAA1F69(plazi)|E03187B3FFC7D410FF31F493FE06F9C7(plazi)|03CF878BFFA2C260202958ACFAACAD27(plazi),"Based on the provided documents, there is no specific information about the diet or feeding habits of *Desoria saltans*. The sources mention its distribution and taxonomic status but do not provide details on its food source . Further research would be needed to determine what *Desoria saltans* feeds on.",,,,4,504F2D6CFFDDFF8D97BEF214FDAA1F69(plazi)|504F2D6CFFD8FF8D97BEF774FD1C1CBC(plazi)|03CF878BFFA2C260202958ACFAACAD27(plazi)|E03187B3FFC7D410FF31F493FE06F9C7(plazi),"Based on the provided documents, there is no specific mention of the body length of *Desoria saltans*. The sources describe its distribution, morphology, and ecological preferences but do not provide measurements related to body size . Further research would be needed to determine this characteristic.",alpine_glacier,,direct,,4,03CF878BFFA2C260202958ACFAACAD27(plazi)|504F2D6CFFD8FF8D97BEF774FD1C1CBC(plazi),"Based on the provided documents, *Desoria saltans* is associated with glacial environments. It has been noted to inhabit glaciers and snowfields, particularly in Europe, where it is referred to as the ""Gletscherflohs"" . Additionally, it has been documented in the Alps and is linked to cold climates . However, specific habitat details beyond these general observations are not extensively described in the given sources.",24,NA,NA,NA,Italy|France,,NA,NA,2021,NA,NA
Desoria tigrina,Desoria,Isotomidae,370036,species,,,,the sources contain no explicit statement about this species' diet,3,721B6E0C8C3EFF81FF382080A97A24A4(plazi)|266B5D55F704FF96FF7EFE2845FDFCA9(plazi)|03CF878BFFA2C26022C15E49FBD6AF89(plazi),"Based on the provided documents, there is no specific information regarding the diet or feeding habits of *Desoria tigrina*. The sources primarily discuss its taxonomy, distribution, and ecology without mentioning its food source .",,,,3,03CF878BFFA2C26022C15E49FBD6AF89(plazi)|721B6E0C8C3EFF81FF382080A97A24A4(plazi)|266B5D55F704FF96FF7EFE2845FDFCA9(plazi),"Based on the provided documents, there is no specific mention of the body length of *Desoria tigrina*. The sources discuss its distribution, ecology, and morphology but do not provide measurements related to body size .",,soil|forest_wood,,the sources give no explicit habitat description for this species; no explicit habitat description in the sources; value inferred,3,03CF878BFFA2C26022C15E49FBD6AF89(plazi)|721B6E0C8C3EFF81FF382080A97A24A4(plazi),"Based on the provided documents, *Desoria tigrina* inhabits soil environments . It is distributed across various regions including France, Italy, and Iran, with specific mentions of its presence in forested areas and mountainous regions . The exact ecological preferences are not detailed beyond the general mention of soil habitats.",4,NA|Adult,NA|Garden compost,NA,United Kingdom|Norway,Vestfold,"51.2988,-0.373|59.1,10.412",NA,2014,NA,English_Lowlands_beech_forests|NA
Desoria tolya,Desoria,Isotomidae,281417,genus,,,,,0,,,,,,0,,,,,,,0,,,10,adult|Adult,Alpine|Mountain birch forest|Lake shore|Coniferous forest|Rotten birch trees,Soil/litter sample|Moss sample|Moss sample from ditch|NA,Finland|Norway,Oppland,"67.692,24.446|69.149,25.794|67.693,24.457",559|278,2014-2020,Boreal_Forest_Taiga_simplify-0.1_buffered-0.018|NA,Scandinavian_and_Russian_taiga|Scandinavian_Montane_Birch_forest_and_grasslands
Desoria trispinata,Desoria,Isotomidae,1184801,species,,,,the sources contain no explicit statement about this species' diet,6,03E5878DFFC1FFA6FF5DFD16852FFC3A(plazi)|E03187B3FFC6D411FF31F05BFD7FFD1B(plazi),"Based on the provided documents, there is no specific information about the diet or feeding habits of *Desoria trispinata*. The sources describe its ecological preferences, such as being found in soil under oak trees or in compost and organic debris, but do not mention what it feeds on , . Further research would be needed to determine its dietary requirements.",,,,6,E03187B3FFC6D411FF31F05BFD7FFD1B(plazi)|721B6E0C8C3EFF81FF3823A0A99025A0(plazi)|266B5D55F704FF96FF7EFB88457DFB1D(plazi)|FB3F87CFF074D931465EF291DFBD0B5F(plazi)|03E5878DFFC1FFA6FF5DFD16852FFC3A(plazi)|03E5878DFFC6FFA3FFAEFE8983B5FBBF(plazi),"Based on the provided documents, no specific body length for *Desoria trispinata* is mentioned. The sources describe its general characteristics and distribution but do not provide measurements .",soil|agricultural|synanthropic,,direct,,6,03E5878DFFC1FFA6FF5DFD16852FFC3A(plazi)|E03187B3FFC6D411FF31F05BFD7FFD1B(plazi),"Based on the provided documents, *Desoria trispinata* inhabits soil under oak trees (*Quercus castaneifolia*) in Iran , and it is also found in agricultural lands in Vietnam . Additionally, it occurs in compost and other organic debris globally , indicating a cosmopolitan distribution and preference for moist, organic-rich environments.",55,NA|Adult,"NA|EUNIS G1.1; Riparian and gallery woodland, with dominant Alnus, Betula, Populus or Salix. Litter compost.|Garden compost|E2.6, Agriculturally-improved, re-seeded and heavily fertilised grassland, including sports fields and grass lawns",NA|Malaise Trap|Pitfall Trap,Germany|United Kingdom|France|Belgium|Denmark|Norway,Bavaria|Occitanie|Luik (Liege)|Ile-de-France|Vestfold,"48.09536,11.29434|51.49583,-0.1783333|43.604,1.435",NA,2009-2025,NA|Temperate_Broadleaf_&_Mixed_Forest_simplify-0.001_buffered-0.018,Western_European_broadleaf_forests|NA|Pyrenees_conifer_and_mixed_forests|Baltic_mixed_forests|European_Atlantic_mixed_forests|English_Lowlands_beech_forests
Desoria tshernovi,Desoria,Isotomidae,281418,species,,,,the sources contain no explicit statement about this species' diet,1,266B5D55F704FF96FF7EFA7745B0F937(plazi),"Based on the provided documents, there is no specific information regarding the diet or feeding habits of *Desoria tshernovi* . The sources primarily focus on taxonomic descriptions and distributions rather than ecological interactions or dietary preferences. Further research would be needed to determine its food source.",,,,1,266B5D55F704FF96FF7EFA7745B0F937(plazi),"Based on the provided documents, there is no specific mention of the body length of *Desoria tshernovi*. The sources primarily discuss taxonomic classifications and distributions rather than morphological measurements . Further research would be needed to determine its body length.",,,,the sources give no explicit habitat description for this species,1,266B5D55F704FF96FF7EFA7745B0F937(plazi),"Based on the provided documents, there is no specific information about the habitat of *Desoria tshernovi*. The references mainly discuss taxonomic classifications and distributions without detailing ecological preferences or habitats .",5,Adult,NA|Arctic tundra,NA,Norway,Svalbard,"78.059,13.635",NA,2013,NA,Russian_Arctic_desert|NA
Desoria violacea,Desoria,Isotomidae,2041937,species,,,,the sources contain no explicit statement about this species' diet,1,03CF878BFFA2C26022B05CE5FAE4A95F(plazi),"Based on the provided documents, there is no specific information given about the diet of *Desoria violacea* . The sources mention its distribution and ecological role as a bioindicator but do not specify feeding habits. Further research would be needed to determine its food source.",,,,1,03CF878BFFA2C26022B05CE5FAE4A95F(plazi),"Based on the provided documents, there is no specific mention of the body length of *Desoria violacea*. The sources discuss its distribution and ecological role but do not provide measurements related to its physical dimensions . Further research would be needed to determine this characteristic.",,cave|soil,,the sources give no explicit habitat description for this species; no explicit habitat description in the sources; value inferred,1,03CF878BFFA2C26022B05CE5FAE4A95F(plazi),"Based on the provided documents, *Desoria violacea* is found in specific locations such as the Jura region in France, particularly in caves like ""gouffre du Bois du Banc Les Bouchoux"" and ""grotte de Commune Saint-Claude,"" as well as in the Nièvre region within the ""Parc régional du Morvan"" . These habitats suggest that it is associated with subterranean or cave environments. However, detailed ecological preferences or broader habitat descriptions are not explicitly mentioned in the given sources.",5,,NA,NA,Moldova,,"47.3,28.06667",NA,2011,NA,Central_European_mixed_forests
Detriturus jubilarius,Detriturus,Onychiuridae,,,,,,the sources contain no explicit statement about this species' diet,1,03CF878BFFB2C270200E5D80FD47A899(plazi),"Based on the provided documents, there is no specific information about the diet of *Detriturus jubilarius*. The sources mention its distribution, physiology, and ecological role as a bioindicator, but not its feeding habits .",,,,1,03CF878BFFB2C270200E5D80FD47A899(plazi),"Based on the provided documents, there is no specific mention of the body length of *Detriturus jubilarius*. The sources discuss distribution, physiology, and ecology but do not provide measurements related to body size .",,leaf_litter|soil|forest_wood,,the sources give no explicit habitat description for this species; no explicit habitat description in the sources; value inferred,1,03CF878BFFB2C270200E5D80FD47A899(plazi),"Based on the provided documents, *Detriturus jubilarius* is found in specific regions such as Bas-Rhin, Essonne, and Nièvre, with mentions of habitats like Parc du Laboratoire du MNHN Brunoy and Parc régional du Morvan . These areas suggest that the species inhabits forested or protected natural environments, possibly associated with moist soils or leaf litter, given its ecological roles as a bioindicator and its sensitivity to pollutants . However, detailed habitat preferences are not explicitly described in the sources.",4,NA,"R1M Lowland to montane, dry to mesic grassland usually dominated by Nardus stricta|R1, Dry grasslands",soil corer,Germany,Baden-Wuerttemberg,"47.87,8.01|49.09,8.56|48.78,8.8",1470|200|540,2022,NA,NA
Deuteraphorura kratochvili,Deuteraphorura,Onychiuridae,2703755,species,,,,the sources contain no explicit statement about this species' diet,3,03F6757CFF7CA64EFF4CFF46DBE36CD6(plazi)|03F6757CFF7BA640FF4CF8D2DCB96CAA(plazi)|10.11646/zootaxa.5182.5.3(pmc),"Based on the provided documents, there is no specific information regarding the diet or feeding habits of *Deuteraphorura kratochvili*. The sources describe morphological characteristics and taxonomic notes but do not mention ecological data related to food sources , .",1.5-2.2,,,3,03F6757CFF7BA640FF4CF8D2DCB96CAA(plazi)|10.11646/zootaxa.5182.5.3(pmc),"Based on the provided documents, the body length of *Deuteraphorura kratochvili* ranges from 1.5 to 2.2 mm .",,cave,,the sources give no explicit habitat description for this species,3,03F6757CFF7CA64EFF4CFF46DBE36CD6(plazi)|10.11646/zootaxa.5182.5.3(pmc),"Based on the provided documents, Deuteraphorura kratochvili is associated with cave environments, specifically mentioned in relation to the Slovak and Aggtelek Karst regions, where it has been found in shaft caves . However, specific details about its exact habitat preferences or ecological niche are not explicitly described in the given texts.",34,NA,epikarst,NA,Slovakia,Zilina,"49.002,19.583",NA,2019-2020,Temperate_Conifer_Forest_simplify-0.001_buffered-0.018|NA,Carpathian_montane_forests
Deuteraphorura scotaria,Deuteraphorura,Onychiuridae,2041959,genus,,,,the sources contain no explicit statement about this species' diet,1,4E324D2AFFB97D00FF0BBD9EEDC5B5D0(plazi),"Based on the provided documents, there is no specific information regarding the diet or feeding habits of *Deuteraphorura scotaria* . The sources describe its habitat and collection details but do not mention its food source. Further research would be needed to determine its dietary preferences.",,,,1,4E324D2AFFB97D00FF0BBD9EEDC5B5D0(plazi),"Based on the provided documents, the body length of *Deuteraphorura scotaria* is not specified . Further details regarding its morphology are lacking in the given source material.",cave,,direct,no explicit habitat description in the sources; value inferred,1,4E324D2AFFB97D00FF0BBD9EEDC5B5D0(plazi),"Based on the provided documents, 5 specimens of *Deuteraphorura scotaria* were collected from caves in North-eastern Italy, specifically from ""Grotta c/o Clenia, valle del Natisone"" and ""grotta del Forame, (Bus delle Fave)"" . The remaining five specimens were most likely collected in open habitats since their labels did not specify cave locations . Therefore, *D. scotaria* appears to have both cave-dwelling and possibly terrestrial habitats.",20,NA|Adult,"NA|Oak forest, leaf litter",Pitfall Trap|NA,United Kingdom|Norway,Aust-Agder,"55.99,-4.95",NA,2014-2025,NA,NA|Scandinavian_and_Russian_taiga
Deutonura albella,Deutonura,Neanuridae,106921,genus,,,,the sources contain no explicit statement about this species' diet,3,29362535(medline)|541287D01975FFF326AAF8C0915EB58F(plazi)|PMC5769716(pmc),"Based on the provided documents, there is no specific information regarding the diet of *Deutonura albella*. The text mentions the presence of this species in hygrophilous habitats but does not describe its feeding habits . Further research would be needed to determine its dietary preferences.",,,,3,29362535(medline)|541287D01975FFF326AAF8C0915EB58F(plazi)|PMC5769716(pmc),"Based on the provided documents, there is no specific information given about the body length of *Deutonura albella*. The source mentions the presence of this species in certain habitats but does not provide morphological details such as body length .",freshwater,,direct,,3,29362535(medline)|541287D01975FFF326AAF8C0915EB58F(plazi)|PMC5769716(pmc),"Based on the provided documents, *Deutonura albella* prefers hygrophilous habitats, specifically the river section in Braniște with quiet backwaters, as well as the artificial shoreline of the large lake . This indicates a preference for moist environments near aquatic systems.",1,,NA,NA,Moldova,,"47.3,28.95",NA,2011,NA,Central_European_mixed_forests
Deutonura caerulescens,Deutonura,Neanuridae,768147,species,,,,the sources contain no explicit statement about this species' diet,2,03CF878BFF82C240228B5D95FA52AF93(plazi)|039187891700FF8BFF149B12FB6E62B3(plazi),"Based on the provided documents, there is no specific information regarding the diet or feeding habits of *Deutonura caerulescens*. The sources mention its distribution and molecular data but do not provide details about its food source , .",,,,2,03CF878BFF82C240228B5D95FA52AF93(plazi),"Based on the provided documents, the body length of *Deutonura caerulescens* is not explicitly mentioned . The description focuses on other morphological features rather than providing specific measurements.",,marine_coastal,,the sources give no explicit habitat description for this species; no explicit habitat description in the sources; value inferred,2,03CF878BFF82C240228B5D95FA52AF93(plazi),"Based on the provided documents, *Deutonura caerulescens* has been recorded from locations such as ""Camps la Source et Rougiers, plan d'Aups, Mounes-les-Montrieux"" and ""Mont Faron près de Toulon,"" suggesting it inhabits areas near these sites, likely involving coastal or semi-coastal environments . The specific habitat details are not explicitly described in the given texts.",6,,NA,NA,France,,"43.137,5.935",NA,2008,NA,Northeast_Spain_and_Southern_France_Mediterranean_forests
Deutonura decolorata,Deutonura,Neanuridae,768148,species,,,,the sources contain no explicit statement about this species' diet,2,03CF878BFF82C240227E5A9BFA9FAB78(plazi)|721B6E0C8C08FFB7FF382509A9C922C9(plazi),"Based on the provided documents, there is no specific information regarding the diet of *Deutonura decolorata*. The sources mention its distribution and taxonomy but do not provide details about its feeding habits , . Further research would be needed to determine its food source.",,,,2,03CF878BFF82C240227E5A9BFA9FAB78(plazi)|721B6E0C8C08FFB7FF382509A9C922C9(plazi),"Based on the provided documents, there is no specific mention of the body length of *Deutonura decolorata*. The sources discuss taxonomy, distribution, and molecular data but do not provide measurements related to body size , .",leaf_litter|soil,,direct,,2,03CF878BFF82C240227E5A9BFA9FAB78(plazi)|721B6E0C8C08FFB7FF382509A9C922C9(plazi),"Based on the provided documents, *Deutonura decolorata* inhabits soil and leaf litter under oak trees in its ecological context . Additionally, it has been recorded from areas such as Haute-Savoie and Savoie in France, typically at elevations around 850 meters . The species' general distribution includes the western Palaearctic region .",1,,NA,NA,France,Auvergne-Rhones-Alpes,"45.277,5.557",NA,2007,NA,"Western_European_broadleaf_forests, Alps_conifer_and_mixed_forests"
Deutonura deficiens,Deutonura,Neanuridae,172926,species,,,,the sources contain no explicit statement about this species' diet,8,21209797(medline)|03CF878BFF83C241226A5E0DFA62A8E7(plazi)|PMC3014355(pmc),"Based on the provided documents, there is no specific information regarding the diet or feeding habits of *Deutonura deficiens*. The source discusses the use of cuticular compounds to distinguish between different taxa within the *Deutonura deficiens* complex but does not mention dietary preferences . Further research would be needed to determine its food sources.",,,,8,21209797(medline)|039187891700FF8BFF149B12FB6E62B3(plazi)|PMC3014355(pmc),"Based on the provided documents, there is no specific mention of the body length of *Deutonura deficiens*. The source discusses the use of cuticular compounds to differentiate between subspecies and morphotypes within the *Deutonura deficiens* complex but does not provide measurements related to body size .",,,,the sources give no explicit habitat description for this species,8,21209797(medline)|03CF878BFF83C24120185A48FA52ACF5(plazi)|03CF878BFF83C241226A5E0DFA62A8E7(plazi)|039AEC5BFFD27305FF75D5A8FE1FFAE7(plazi)|PMC3014355(pmc),"Based on the provided documents, no specific information about the habitat of *Deutonura deficiens* is given . The study focuses on cuticular compounds and their utility in distinguishing infraspecific entities within the complex, but does not describe the ecological or geographic habitat preferences of the species.",8,I,NA,NA,France,Provence-Alpes-Cote d'Azur|Nouvelle-Aquitaine,"NA|45.9965,1.37038",NA,2004-2008,NA,NA|Western_European_broadleaf_forests
Deutonura gibbosa,Deutonura,Neanuridae,1095201,species,,,,the sources contain no explicit statement about this species' diet,3,039187891700FF8BFF149B12FB6E62B3(plazi)|03CF878BFF83C24122485A7BFA9FAB03(plazi)|C16E0551217CFFA6C1A0FB497D294201(plazi),"Based on the provided documents, there is no specific information regarding the diet or feeding habits of *Deutonura gibbosa*. The sources describe its distribution and taxonomic details but do not mention its food source .",,1.3-1.4,body size of the target species not available; the value reported in the source is for Deutonura zana,3,039187891700FF8BFF149B12FB6E62B3(plazi),"Based on the provided documents, the body length of *Deutonura gibbosa* is not explicitly mentioned. However, the description of *Deutonura zana* provides a length range of 1.3–1.4 mm, which may be comparable, though this cannot be confirmed without direct measurement data for *D. gibbosa* .",,,,the sources give no explicit habitat description for this species,3,03CF878BFF83C24122485A7BFA9FAB03(plazi),"Based on the provided documents, Deutonura gibbosa is found in various locations within the French Alps, including areas such as Montaud, La Balme-les-Grottes, Le Sappey-en Chartreuse, Saint-Laurent-du-Pont, and Saint-Pierre-de-Chartreuse . These sites suggest that the species inhabits alpine regions, possibly associated with rocky or mountainous environments. However, specific habitat details beyond these general locations are not explicitly mentioned in the given texts.",5,I,NA,NA,France,Auvergne-Rhones-Alpes|Provence-Alpes-Cote d'Azur,"45.277,5.557|NA",NA,2007,NA,"Western_European_broadleaf_forests, Alps_conifer_and_mixed_forests|NA"
Deutonura monticola,Deutonura,Neanuridae,1218232,species,,,,the sources contain no explicit statement about this species' diet,1,03CF878BFF8CC24F21DE5800FD35A813(plazi),"Based on the provided documents, there is no specific information about the diet of *Deutonura monticola*. The sources describe its distribution and taxonomy but do not mention feeding habits . Further research would be needed to determine its food source.",,,,1,03CF878BFF8CC24F21DE5800FD35A813(plazi),"Based on the provided documents, there is no specific mention of the body length of *Deutonura monticola*. The text provides distribution details but does not include morphological measurements .",forest_wood,,direct,,1,03CF878BFF8CC24F21DE5800FD35A813(plazi),"Based on the provided documents, *Deutonura monticola* inhabits mountainous regions within the Aude and Ariège departments in France. It has been recorded at elevations ranging from 400 to 1400 meters, specifically in areas such as the Massif des Arize, Col de Latour-Laffont, Forêt de Bethmale, and Forêt de Freychin-de . The species is associated with forested habitats, including mixed woodlands and possibly rocky or semi-shaded environments.",25,NA|A|I,NA,NA,France,Occitanie,NA,NA,2001-2010,NA,NA|Pyrenees_conifer_and_mixed_forests|Northeast_Spain_and_Southern_France_Mediterranean_forests
Deutonura provincialis,Deutonura,Neanuridae,1218233,species,,,,the sources contain no explicit statement about this species' diet,1,03CF878BFF8DC24F228A5B93FA9FA9A5(plazi),"Based on the provided documents, there is no specific information given about the diet of *Deutonura provincialis*. The sources mention its distribution and some taxonomic details but do not provide data on feeding habits . Further research would be needed to determine its food source.",,,,1,03CF878BFF8DC24F228A5B93FA9FA9A5(plazi),"Based on the provided documents, there is no specific mention of the body length of *Deutonura provincialis*. The sources provide distribution and collection data but do not include morphological measurements .",,soil|marine_coastal,,the sources give no explicit habitat description for this species; no explicit habitat description in the sources; value inferred,1,03CF878BFF8DC24F228A5B93FA9FA9A5(plazi),"Based on the provided documents, *Deutonura provincialis* is found in the Alpes-Maritimes region, specifically in areas such as Peille, Sainte-Beaune, and the massif des Maures, including La Garde Freinet . These locations suggest that the species inhabits coastal and possibly subterranean environments within this area. However, specific habitat details beyond these geographic references are not explicitly mentioned in the sources.",5,,NA,NA,France,Provence-Alpes-Cote d'Azur,NA,NA,2008,NA,NA
Deutonura stachi,Deutonura,Neanuridae,106921,genus,,,,the sources contain no explicit statement about this species' diet,1,541287D01975FFF326AAF8C0915EB58F(plazi),"Based on the provided documents, there is no specific information regarding the diet of *Deutonura stachi*. The sources mention collection dates and locations but do not describe feeding habits . Further research would be needed to determine its dietary preferences.",,,,1,541287D01975FFF326AAF8C0915EB58F(plazi),"Based on the provided documents, there is no specific mention of the body length of *Deutonura stachi*. The records include collection dates and locations but not morphological measurements .",,forest_wood|grassland,,the sources give no explicit habitat description for this species; no explicit habitat description in the sources; value inferred,1,541287D01975FFF326AAF8C0915EB58F(plazi),"Based on the provided documents, Deutonura stachi has been recorded from several locations including Copanca, Cociulia, Plaiul Fagului, and others in Moldova. These sites suggest that the species inhabits areas such as forests or grasslands, but specific habitat details are not explicitly mentioned in the sources .",3,Adult,"NA|Rich hardwood, fat soil",NA,Moldova|Norway,Telemark,"47.3,28.95|59.066,9.695",NA,2011-2015,NA,Central_European_mixed_forests|NA
Dicyrtoma aurata,Dicyrtoma,Dicyrtomidae,8174,species,,,,the sources contain no explicit statement about this species' diet,1,266B5D55F727FFB5FF7EFE884506FE42(plazi),"Based on the provided documents, there is no specific information given about the diet of *Dicyrtoma aurata* . The sources mention its taxonomic classification and general distribution but do not provide details on feeding habits. Further research would be needed to determine its dietary preferences.",,,,1,266B5D55F727FFB5FF7EFE884506FE42(plazi),"Based on the provided documents, there is no specific information given about the body length of *Dicyrtoma aurata*. The sources mention its general distribution and taxonomic details but do not provide measurements or dimensions related to its body size. Therefore, the body length cannot be determined from the available data.",,,,,1,266B5D55F727FFB5FF7EFE884506FE42(plazi),"Based on the provided documents, no specific habitat details for *Dicyrtoma aurata* are mentioned. The general distribution is noted as Nearctic . Further ecological or habitat-specific information would require additional research beyond the given sources.",9,adult|NA,Birch forest|NA,Soil/litter sample|NA,Finland|Estonia,,"67.165,28.618|NA",181|NA,2020,Boreal_Forest_Taiga_simplify-0.1_buffered-0.018|NA,Scandinavian_and_Russian_taiga|NA
Dicyrtoma fusca,Dicyrtoma,Dicyrtomidae,1385863,species,,,,the sources contain no explicit statement about this species' diet,6,EC6387A4FFEA3733FF62A674FAC3FE6A(plazi)|721B6E0C8C26FF99FF3824D8AE7220B8(plazi)|0383FA7037728B78C66CFCB75E27FC5A(plazi)|4F034B6EFFB1357DD926FCD53F8DFA01(plazi)|03AA531A0F483527FFA85FDCFCA5A290(plazi)|03CF878BFFFDC23F21A3594BFAAEAFAB(plazi),"Based on the provided documents, there is no specific information regarding the diet of *Dicyrtoma fusca*. The sources discuss its taxonomy, distribution, and ecological habitat but do not mention feeding habits . Further research would be needed to determine its dietary preferences.",,,,6,721B6E0C8C26FF99FF3824D8AE7220B8(plazi)|0383FA7037728B78C66CFCB75E27FC5A(plazi)|4F034B6EFFB1357DD926FCD53F8DFA01(plazi)|EC6387A4FFEA3733FF62A674FAC3FE6A(plazi)|03AA531A0F483527FFA85FDCFCA5A290(plazi),"Based on the provided documents, there is no specific mention of the body length of *Dicyrtoma fusca*. The sources discuss its ecology, distribution, and anatomical features such as the tracheal system, but do not provide measurements related to body size .",forest_wood|grassland|leaf_litter,,direct,,6,0383FA7037728B78C66CFCB75E27FC5A(plazi)|721B6E0C8C26FF99FF3824D8AE7220B8(plazi)|03AA531A0F483527FFA85FDCFCA5A290(plazi),"Based on the provided documents, *Dicyrtoma fusca* is primarily found in moist or wet habitats such as meadows and forests . It has also been recorded in leaf litter within forest environments . The species is part of the Holarctic region, indicating its presence across various temperate regions .",30,NA|adult|Adult,"NA|Coniferous forest|Alpine|Hazel/aspen litter, sand|F9.2, Willow carr and fen scrub",Malaise Trap|Soil/litter sample|Litter from decaying birch|NA,United Kingdom|Finland|Germany|Estonia|Sweden|Norway,Vestfold|Mecklenburg-Vorpommern,"52.4758,-2.1815|67.841,26.717|68.344,27.468",NA|218|390,2013-2024,Temperate_Broadleaf_&_Mixed_Forest_simplify-0.001_buffered-0.018|Boreal_Forest_Taiga_simplify-0.1_buffered-0.018|NA,Celtic_broadleaf_forests|Scandinavian_and_Russian_taiga|Western_European_broadleaf_forests|Sarmatic_mixed_forests|English_Lowlands_beech_forests|NA|Baltic_mixed_forests
Dicyrtomina minuta,Dicyrtomina,Dicyrtomidae,1387116,species,,,,the sources contain no explicit statement about this species' diet,11,33801126(medline)|39211894(medline)|38340520(medline)|39301438(medline)|03AA531A0F483527FFA85942FC9CA381(plazi)|721B6E0C8C25FF9AFF3820FBA88F2497(plazi)|PMC8004137(pmc)|PMC11411247(pmc)|PMC11360184(pmc),"Based on the provided documents, there is no specific information regarding the diet or feeding habits of *Dicyrtomina minuta*. The available sources discuss taxonomy, morphology, jumping mechanics, and genomics of this species but do not address its dietary preferences . Further research would be needed to determine what *Dicyrtomina minuta* feeds on.",1-2,,,11,39211894(medline)|DE3DBD36FFDADC75E179F8C3FBCEFB69(plazi)|721B6E0C8C25FF9AFF3820FBA88F2497(plazi)|03AA531A0F483527FFA85942FC9CA381(plazi)|03CF878BFFFDC23C22825B02FDB5AF05(plazi)|PMC11360184(pmc),"Based on the provided documents, Dicyrtomina minuta has body lengths ranging from 1 to 2 mm .",,soil,,no explicit habitat description in the sources; value inferred,11,33801126(medline)|721B6E0C8C25FF9AFF3820FBA88F2497(plazi)|03CF878BFFFDC23C22825B02FDB5AF05(plazi)|PMC11411247(pmc)|PMC8004137(pmc),"Based on the provided documents, Dicyrtomina minuta is mentioned in the context of being found in the mesovoid shallow substratum (MSS) of the Sierra de Guadarrama National Park in Madrid and Segovia, Spain . This suggests that its habitat includes soil environments, specifically the upper layers of soil where organic matter accumulates. No other specific habitats are detailed in the given sources.",20,NA|A|Adult|adult,"NA|Phragmites-belt at seashore|F9.2, Willow carr and fen scrub",NA|Malaise Trap,France|Estonia|Germany|Norway|United Kingdom,Normandie|Bavaria|Ostfold|Mecklenburg-Vorpommern,"49.4592,1.07749",NA,2009-2024,NA|Temperate_Broadleaf_&_Mixed_Forest_simplify-0.001_buffered-0.018,European_Atlantic_mixed_forests|Sarmatic_mixed_forests|Western_European_broadleaf_forests|NA|Baltic_mixed_forests
Dicyrtomina ornata,Dicyrtomina,Dicyrtomidae,1113191,species,,,,the sources contain no explicit statement about this species' diet,13,38340520(medline)|10497320(medline)|30647373(medline)|32404874(medline)|37161456(medline)|DE3DBD36FFDADC75E179F8C3FBCEFB69(plazi)|03AA531A0F483527FFA8598DFF1CA0E8(plazi)|03B7878BD915E335CFE650962782D492(plazi)|721B6E0C8C25FF9AFF3823F7A97A258E(plazi)|03CF878BFFFEC23C20085C53FD7FAAE7(plazi)|PMC7221082(pmc)|10.5281/zenodo.4620094(pmc),"Based on the provided documents, there is no specific information regarding the diet or feeding habits of *Dicyrtomina ornata*. The sources discuss various aspects such as morphology, genetics, and biomechanics but do not mention dietary preferences . Further research would be needed to determine what *Dicyrtomina ornata* feeds on.",,,,13,38340520(medline)|10497320(medline)|32404874(medline)|37161456(medline)|30647373(medline)|DE3DBD36FFDADC75E179F8C3FBCEFB69(plazi)|721B6E0C8C25FF9AFF3823F7A97A258E(plazi)|03B7878BD915E335CFE650962782D492(plazi)|03AA531A0F483527FFA8598DFF1CA0E8(plazi)|03CF878BFFFEC23C20085C53FD7FAAE7(plazi)|PMC10169344(pmc),"Based on the provided documents, there is no specific mention of the body length of *Dicyrtomina ornata*. The sources discuss various aspects of its morphology and physiology but do not provide measurements related to body size , , , , . Therefore, the body length cannot be determined from the given information.",cave|soil,,direct,,13,30647373(medline)|32404874(medline)|721B6E0C8C25FF9AFF3823F7A97A258E(plazi)|DE3DBD36FFDADC75E179F8C3FBCEFB69(plazi)|03B7878BD915E335CFE650962782D492(plazi)|03AA531A0F483527FFA8598DFF1CA0E8(plazi)|PMC10169344(pmc)|10.5281/zenodo.4620094(pmc),"Based on the provided documents, Dicyrtomina ornata is mentioned in the context of cave environments in Mallorca, Balearic Islands, where it was found among other collembolan species . Additionally, it is noted as a soil-dwelling bug due to its cuticle structure . Therefore, Dicyrtomina ornata inhabits both cave and soil environments.",68,NA,NA|Urban,Malaise Trap|NA,United Kingdom|France|Germany,Ile-de-France,"51.49583,-0.1783333",NA,2008-2024,NA|Temperate_Broadleaf_&_Mixed_Forest_simplify-0.001_buffered-0.018,NA|European_Atlantic_mixed_forests|English_Lowlands_beech_forests|Western_European_broadleaf_forests|Celtic_broadleaf_forests
Dicyrtomina saundersi,Dicyrtomina,Dicyrtomidae,438492,species,,,,the sources contain no explicit statement about this species' diet,2,03CF878BFFFEC23C21E25873FBAEADDF(plazi)|10.5281/zenodo.4620094(pmc),"Based on the provided documents, there is no specific information given about the diet or feeding habits of *Dicyrtomina saundersi* . The sources mention its distribution and some ecological context but do not specify what it feeds on.",,,,2,03CF878BFFFEC23C21E25873FBAEADDF(plazi)|10.5281/zenodo.4620094(pmc),"Based on the provided documents, there is no specific mention of the body length of *Dicyrtomina saundersi*. The sources provide distribution and ecological information but do not include measurements related to body size .",,,,the sources give no explicit habitat description for this species,2,03CF878BFFFEC23C21E25873FBAEADDF(plazi)|10.5281/zenodo.4620094(pmc),"Based on the provided documents, *Dicyrtomina saundersi* is found in specific locations such as ""Lieu-dit Les Mazes près de Vallon-Pont-d'Arc"" and ""Forêt de Cadarache"" in Bouches-du-Rhône, as well as in Camargue and Corsica . The species appears to be associated with irradiated environments, suggesting it may thrive in areas affected by radiation . However, detailed ecological preferences or broader habitat descriptions are not explicitly mentioned in the given sources.",65,Adult|NA,"EUNIS G1.5; Broadleaved swamp woodland on acid peat. Sphagnum etc.|NA|G1.6, Beech woodland",NA|Malaise Trap|Pan Trap,Denmark|United Kingdom|Germany,Brandenburg,"56.126,9.503|52.4758,-2.1815",NA,2019-2025,Temperate_Broadleaf_&_Mixed_Forest_simplify-0.001_buffered-0.018|NA,Baltic_mixed_forests|NA|Celtic_broadleaf_forests
Endonura gracilirostris,Endonura,Neanuridae,,,,,,the sources contain no explicit statement about this species' diet,4,541287D01975FFF326AAF8C0915EB58F(plazi)|8C0ABB53D9E1547C911B8BF8575EEF9A(plazi)|48FB5C4A5C9D9FD40BCAEC6E614949BD(plazi)|03FDFA4BFFD4BC1C61DEFCC93323A8F1(plazi),"Based on the provided documents, there is no specific information regarding the diet or feeding habits of *Endonura gracilirostris*. The sources describe morphological characteristics and distribution but do not mention ecological data related to its food source .",1.16-1.45,,,4,03FDFA4BFFD4BC1C61DEFCC93323A8F1(plazi),"Based on the provided documents, the body length of *Endonura gracilirostris* (without antennae) ranges from 1.16 to 1.45 mm .",,forest_wood,,the sources give no explicit habitat description for this species; no explicit habitat description in the sources; value inferred,4,541287D01975FFF326AAF8C0915EB58F(plazi),"Based on the provided documents, the specific habitat of *Endonura gracilirostris* is not explicitly mentioned. However, it is noted that this species has been collected from various locations in Moldova, including areas such as Gura Bicului, Orheiul Vechi, and Plaiul Fagului . These sites suggest that *E. gracilirostris* may inhabit forested or semi-natural environments, but further ecological studies are needed for confirmation.",5,,NA,NA,Moldova,,"47.3,28.95",NA,2011,NA,Central_European_mixed_forests
Entomobrya albocincta,Entomobrya,Entomobryidae,2107183,species,,,,the sources contain no explicit statement about this species' diet,3,011B87E9FF83656BFF60C7A9FAE0BA81(plazi)|03CF878BFFC4C20622895C5FFB11AA50(plazi)|039A87B5FFF90E03FF07F957FCD4FB16(plazi),"Based on the provided documents, there is no specific information about the feeding habits of *Entomobrya albocincta*. The sources describe its taxonomy, geographic distribution, and some collection details but do not mention dietary preferences . Further research would be needed to determine its diet.",,,,3,039A87B5FFF90E03FF07F957FCD4FB16(plazi)|03CF878BFFC4C20622895C5FFB11AA50(plazi)|011B87E9FF83656BFF60C7A9FAE0BA81(plazi),"Based on the provided documents, there is no specific mention of the body length of *Entomobrya albocincta*. The sources discuss taxonomy, distribution, and remarks about the species but do not provide morphological measurements .",leaf_litter|forest_wood,freshwater|marine_coastal,direct,no explicit habitat description in the sources; value inferred,3,03CF878BFFC4C20622895C5FFB11AA50(plazi)|039A87B5FFF90E03FF07F957FCD4FB16(plazi),"Based on the provided documents, *Entomobrya albocincta* is primarily associated with habitats such as forest canopies where it inhabits bark or leaf litter . Additionally, it has been recorded from specific locations including marshes and areas near coastal stations, suggesting a preference for moist environments . However, detailed ecological preferences beyond these observations are not fully described in the given texts.",193,NA|Adult,NA|EUNIS G1; Moss and bark on deciduous tree stem|Urban|1. Forest & Woodland | 1.4. Temperate Forest|Litter at foot of pine tree,Malaise Trap|NA|Pan Trap,United Kingdom|France|Denmark|Portugal|Norway,Ile-de-France|Occitanie|Porto|Vestfold,"51.49583,-0.1783333",NA,2005-2025,NA|Temperate_Broadleaf_&_Mixed_Forest_simplify-0.001_buffered-0.018|Temperate_Conifer_Forest_simplify-0.001_buffered-0.018,NA|European_Atlantic_mixed_forests|Northeast_Spain_and_Southern_France_Mediterranean_forests|Baltic_mixed_forests|Celtic_broadleaf_forests|Cantabrian_mixed_forests|Scandinavian_and_Russian_taiga|Caledon_conifer_forests|English_Lowlands_beech_forests
Entomobrya assuta,Entomobrya,Entomobryidae,1602980,species,,,,the sources contain no explicit statement about this species' diet,8,26487816(medline)|03F787DF1D01D970FE6A685784A6FB9B(plazi)|3F166F7E67AEE8B41076FED7B9FC81C0(plazi)|502D3D8B803275449FB7526EDA6A0584(plazi)|266B5D55F716FF84FF7EFD684506FC5C(plazi)|011B87E9FF82656CFF60C1D8FDF2BC4B(plazi)|10.1111/zoj.12220(pmc)|PMC4607850(pmc),"Based on the provided documents, there is no specific information regarding the diet or feeding habits of *Entomobrya assuta*. The sources focus on taxonomic revisions, phylogenetic analyses, and morphological variations within the genus *Entomobrya* . Further research would be needed to determine its dietary preferences.",,,,8,26487816(medline)|011B87E9FF82656CFF60C1D8FDF2BC4B(plazi)|PMC4607850(pmc),"Based on the provided documents, the specific body length of *Entomobrya assuta* is not mentioned . Further details regarding its morphology or dimensions would require additional references.",,,,the sources give no explicit habitat description for this species,8,26487816(medline)|266B5D55F716FF84FF7EFD684506FC5C(plazi)|PMC4607850(pmc)|10.1111/zoj.12220(pmc),"Based on the provided documents, there is no specific information about the habitat of *Entomobrya assuta*. The document mentions that new diagnoses were provided for this species but does not describe its ecological or habitat preferences . Further research would be needed to determine its habitat.",3,NA,Urban,Malaise Trap,Bulgaria,Sofia-Capital,"42.6381,23.298",NA,2017,NA,Rodope_montane_mixed_forests
Entomobrya atrocincta,Entomobrya,Entomobryidae,1602981,species,,,,the sources contain no explicit statement about this species' diet,11,26487816(medline)|03F787DF1D01D970FE6A685784A6FB9B(plazi)|C4B184E1E6989CADE9A715E5F0369918(plazi)|9A39404FF88A0799FFC10F6AA37FF53D(plazi)|6040DE7A2536FFA15A547061FA0CFF23(plazi)|721B6E0C8C33FF8CFF382331AE612519(plazi)|266B5D55F716FF84FF7EFC42442AFB53(plazi)|03CF878BFFC4C20722AB58A2FE3FAE69(plazi)|PMC4607850(pmc)|10.1111/zoj.12220(pmc),"Based on the provided documents, there is no specific information regarding the diet or feeding habits of *Entomobrya atrocincta* . The sources focus on taxonomic reviews, phylogenetic analyses, and distribution records rather than ecological interactions or dietary preferences. Further research would be needed to determine the feeding ecology of this species.",,,,11,26487816(medline)|03F787DF1D01D970FE6A685784A6FB9B(plazi)|C4B184E1E6989CADE9A715E5F0369918(plazi)|9A39404FF88A0799FFC10F6AA37FF53D(plazi)|266B5D55F716FF84FF7EFC42442AFB53(plazi)|6040DE7A2536FFA15A547061FA0CFF23(plazi)|721B6E0C8C33FF8CFF382331AE612519(plazi)|03CF878BFFC4C20722AB58A2FE3FAE69(plazi)|PMC4607850(pmc),"Based on the provided documents, the specific body length of *Entomobrya atrocincta* is not mentioned . Additional research would be required to determine this characteristic.",,leaf_litter|soil|forest_wood,,"the sources give no explicit habitat description for this species; habitat statement concerns Entomobrya linda, not the target species",11,26487816(medline)|37518472(medline)|721B6E0C8C33FF8CFF382331AE612519(plazi)|0383FA70377D8B77C69FFC585EA3FB75(plazi)|PMC4607850(pmc),"Based on the provided documents, the specific habitat of *Entomobrya atrocincta* is not explicitly mentioned. However, it is noted that *Entomobrya atrocincta* is one of the species discussed in the taxonomic review and phylogenetic analysis of North American Entomobrya . Additionally, other *Entomobrya* species, such as *Entomobrya linda*, have been recorded in the Reserva Natural Mesenia - Paramillo in Antioquia Department, Colombia, suggesting that these species may inhabit similar environments like moist soils or leaf litter in forested areas . Therefore, it can be inferred that *Entomobrya atrocincta* might also inhabit such environments, although this remains speculative without direct evidence.",52,NA,NA,NA|Malaise Trap,Moldova|United Kingdom,,"47.072567,28.391111|51.841972,-4.146598",NA,2011-2023,NA|Temperate_Broadleaf_&_Mixed_Forest_simplify-0.001_buffered-0.018,Central_European_mixed_forests|NA|Celtic_broadleaf_forests
Entomobrya corticalis,Entomobrya,Entomobryidae,1503966,species,,,,the sources contain no explicit statement about this species' diet,4,03E5878DFFC6FFA3FFAEFE8983B5FBBF(plazi)|721B6E0C8C33FF8CFF382275AFF02279(plazi)|03CF878BFFC5C20721FB5B93FD5AA9D3(plazi)|03E5878DFFC8FFAFFFAEFC3A85B8FAB8(plazi),"Based on the provided documents, there is no specific information about the feeding habits of *Entomobrya corticalis*. The sources describe its morphology, distribution, and habitat but do not mention its diet .",,,,4,03CF878BFFC5C20721FB5B93FD5AA9D3(plazi)|721B6E0C8C33FF8CFF382275AFF02279(plazi)|03E5878DFFC8FFAFFFAEFC3A85B8FAB8(plazi)|03E5878DFFC6FFA3FFAEFE8983B5FBBF(plazi),"Based on the provided documents, there is no specific mention of the body length of *Entomobrya corticalis*. The sources describe its distribution, habitat, and morphological characteristics but do not provide measurements related to body size .",leaf_litter|soil|forest_wood,,direct,"habitat statement concerns Palaearctic region, not the target species",4,03E5878DFFC8FFAFFFAEFC3A85B8FAB8(plazi)|721B6E0C8C33FF8CFF382275AFF02279(plazi)|03CF878BFFC5C20721FB5B93FD5AA9D3(plazi),"Based on the provided documents, *Entomobrya corticalis* inhabits soil and leaf litter in various regions, including Iran's Golestan National Park and alfalfa fields . It is also found under bark on dead trees in the Palaearctic region . The species is commonly associated with forested areas, such as those under juniper trees . Its distribution includes parts of Europe, like France and Switzerland .",11,Adult|adult|immature|NA,"EUNIS G1; Moss and bark on deciduous tree stem|Coniferous forest|NA|U. bark, dead birch trees|G4, Mixed deciduous and coniferous woodland",NA|Soil/moss sample|Soil/litter sample|Needle litter sample|Moss sample,Denmark|Finland|Estonia|Norway|Germany,Vestfold|Lower Saxony,"56.153,9.567|61.086,23.591|61.063,28.313",NA|107,2014-2020,Temperate_Broadleaf_&_Mixed_Forest_simplify-0.001_buffered-0.018|Boreal_Forest_Taiga_simplify-0.1_buffered-0.018|NA,Baltic_mixed_forests|Scandinavian_and_Russian_taiga|Sarmatic_mixed_forests|NA|Western_European_broadleaf_forests
Entomobrya handschini,Entomobrya,Entomobryidae,187625,genus,,,,the sources contain no explicit statement about this species' diet,6,721B6E0C8C33FF8CFF382595A9E02359(plazi)|AC6C3F5BEA525990ABDE8E0C53141D66(plazi)|03AA531A0F40352CFFA85BB9FB38A782(plazi)|03DD371FFFADFFD834F6F888FA33F7E5(plazi),"Based on the provided documents, there is no specific information regarding the diet or feeding habits of *Entomobrya handschini*. The sources describe its ecology, habitat, and morphology but do not mention what it feeds on . Further research would be needed to determine its dietary preferences.",,1.3-2.1,body length of this species is not stated in the sources,6,20098787FF889E4EE3E1FCFC23F4FB88(plazi),"Based on the provided documents, the body length of *Entomobrya handschini* is not explicitly stated. However, related species such as *Entomobrya maroccana* and *Entomobrya lawrencei*, which are closely associated with *E. handschini*, have body lengths ranging from 1.3 to 2.1 mm excluding antennae . This suggests that *E. handschini* may have a comparable body size.",leaf_litter|soil,forest_wood,direct,"habitat statement concerns Kurdistan province, not the target species",6,721B6E0C8C33FF8CFF382595A9E02359(plazi)|03DD371FFFADFFD834F6F888FA33F7E5(plazi)|03AA531A0F40352CFFA85BB9FB38A782(plazi),"Based on the provided documents, *Entomobrya handschini* inhabits soil and leaf litter under apricot (*Prunus sp.*) and cedar (*Cupressus sempervirens*) trees in Iran . It is also found in oak forests in Kurdistan province, Iran, specifically in soil and leaf litter under oak trees . Additionally, it occurs in the plant community *Chrysopogonetum pannonicum typicum* in Deliblatska Pećara, Vojvodina .",8,NA,NA,NA|Malaise Trap,Moldova|Bulgaria,Sofia,"47.3,28.95",NA,2011-2012,NA,Central_European_mixed_forests|Balkan_mixed_forests
Entomobrya intermedia,Entomobrya,Entomobryidae,1602984,species,,,,the sources contain no explicit statement about this species' diet,6,03F787DF1D01D970FE6A685784A6FB9B(plazi)|9A39404FF88A0799FFC10F6AA37FF53D(plazi)|C4B184E1E6989CADE9A715E5F0369918(plazi)|FB17ACB651FC2651B8B7C51630C8DE11(plazi)|4F21DB05201BB4AA81AAA95BC7CAC17D(plazi)|10.1111/zoj.12220(pmc),"Based on the provided documents, there is no specific information regarding the diet or feeding habits of *Entomobrya intermedia*. The sources discuss taxonomic relationships, morphology, and geographic distributions but do not mention ecological preferences or food sources . Further research would be needed to determine its dietary characteristics.",,,,6,4F21DB05201BB4AA81AAA95BC7CAC17D(plazi)|10.1111/zoj.12220(pmc),"Based on the provided documents, there is no explicit mention of the body length of *Entomobrya intermedia*. The descriptions focus on morphological features such as macrosetae arrangement, color patterns, and other structural characteristics rather than providing measurements . Therefore, the body length cannot be determined from the given sources.",,synanthropic,,the sources give no explicit habitat description for this species; no explicit habitat description in the sources; value inferred,6,4F21DB05201BB4AA81AAA95BC7CAC17D(plazi)|10.1111/zoj.12220(pmc),"Based on the provided documents, the specific habitat of *Entomobrya intermedia* is not explicitly stated. However, it is mentioned that specimens were collected from Pennsylvania, Chester County, Wayne, on a sweep of *Forsythia* spp. . This suggests that *Entomobrya intermedia* may inhabit areas where *Forsythia* plants are present, likely in terrestrial environments such as lawns, gardens, or other vegetated areas. Further details about its preferred habitat are lacking in the given sources.",104,NA|adult,NA|1. Forest & Woodland | 1.4. Temperate Forest,Malaise Trap|NA,United Kingdom|Portugal,England|Porto,"51.495,-0.179|51.49583,-0.1783333",NA,2018-2025,Temperate_Broadleaf_&_Mixed_Forest_simplify-0.001_buffered-0.018|NA,English_Lowlands_beech_forests|NA|Cantabrian_mixed_forests|Celtic_broadleaf_forests
Entomobrya lanuginosa,Entomobrya,Entomobryidae,187626,species,,,,the sources contain no explicit statement about this species' diet,6,03CF878BFFC5C20721E15803FA87AF63(plazi)|03AA531A0F43352CFF585D82FECEA4C6(plazi)|E03187B3FFACD47CFF31F40FFBD3FED7(plazi)|03BC87BC7260FF9BFF07FBA3C93BFB5C(plazi)|721B6E0C8C33FF8CFF3827B1AE522152(plazi)|10.11646/zootaxa.5147.1.1(pmc),"Based on the provided documents, there is no specific information about the diet of *Entomobrya lanuginosa*. The sources discuss its distribution, ecological preferences, and habitats but do not mention feeding habits .",,,,6,721B6E0C8C33FF8CFF3827B1AE522152(plazi)|03CF878BFFC5C20721E15803FA87AF63(plazi)|03BC87BC7260FF9BFF07FBA3C93BFB5C(plazi)|03AA531A0F43352CFF585D82FECEA4C6(plazi)|E03187B3FFACD47CFF31F40FFBD3FED7(plazi)|10.11646/zootaxa.5147.1.1(pmc),"Based on the provided documents, there is no specific mention of the body length of *Entomobrya lanuginosa*. The sources discuss ecological preferences, geographic distribution, and taxonomic history but do not provide morphometric data such as body length .",leaf_litter|soil|grassland|forest_wood|agricultural|synanthropic,marine_coastal,direct,categories resting only on a general term rather than an ecological description: marine_coastal,6,721B6E0C8C33FF8CFF3827B1AE522152(plazi)|03AA531A0F43352CFF585D82FECEA4C6(plazi)|E03187B3FFACD47CFF31F40FFBD3FED7(plazi)|03BC87BC7260FF9BFF07FBA3C93BFB5C(plazi)|10.11646/zootaxa.5147.1.1(pmc),"Based on the provided documents, *Entomobrya lanuginosa* inhabits open habitats such as pastures, soil, and leaf litter . It is also found in various environments including forests, shrublands, cultivated lands, gardens, and coastal areas . The species prefers streuchichten (straw layers) and grassy open habitats across central and northern Europe . Its distribution includes regions like Iran, France, and parts of Vietnam .",4,Adult,"EUNIS B3.4; Soft sea-cliffs, often vegetated. Loamy cliff by the beach.|NA|Lichens on sea cliffs",NA,Denmark|France|Norway,Vestfold,"56.267,10.819|48.8414,2.3588|59.146,10.445",NA,2001-2019,NA,NA|European_Atlantic_mixed_forests
Entomobrya marginata,Entomobrya,Entomobryidae,1387110,species,,,,the sources contain no explicit statement about this species' diet,4,03CF878BFFC5C204229B5C8CFE39A95F(plazi)|03EF9C1E3915A84EFEFCFC03269DF8F3(plazi)|266B5D55F718FF8AFF7EFBDB4660FA3D(plazi),"Based on the provided documents, there is no specific information regarding the diet or feeding habits of *Entomobrya marginata*. The sources primarily discuss its taxonomy, distribution, and morphology . Therefore, the feeding preferences of this species remain unspecified in the given context.",2.06,,,4,03EF9C1E3915A84EFEFCFC03269DF8F3(plazi),"Based on the provided documents, the body length of Entomobrya marginata is up to 2.06 mm without antennae .",soil|forest_wood,,direct,,4,266B5D55F718FF8AFF7EFBDB4660FA3D(plazi)|03CF878BFFC5C204229B5C8CFE39A95F(plazi),"Based on the provided documents, Entomobrya marginata inhabits acidic soils (sol acide) . It is also found in various regions including France, Spain, and other areas with specific ecological conditions . The species shows a preference for moist environments, often associated with forested or mountainous habitats . However, detailed habitat preferences beyond these general observations are not extensively described in the given sources.",655,immature|adult|NA|Adult,"Coniferous forest|Lake shore|Spruce forest|NA|R1, Dry grasslands|Under bark, Salix",Soil/litter sample|Litter from decaying pine stump|Tree lichen|NA|Malaise Trap|soil corer,Finland|Estonia|France|Belarus|Sweden|Germany|Norway|Moldova,Minsk|Northern Ostrobothnia|Corsica|Baden-Wuerttemberg|Vestfold,"60.362,23.181|68.758,27.461",51|152,2011-2022,Boreal_Forest_Taiga_simplify-0.1_buffered-0.018|NA|Temperate_Broadleaf_&_Mixed_Forest_simplify-0.001_buffered-0.018|Mediterranean_Forest_Woodlands_&_Scrub_simplify-0.001_buffered-0.018,"Scandinavian_and_Russian_taiga|Sarmatic_mixed_forests|European_Atlantic_mixed_forests|Sarmatic_mixed_forests, Central_European_mixed_forests|Corsican_montane_broadleaf_and_mixed_forests|NA|East_European_forest_steppe"
Entomobrya multifasciata,Entomobrya,Entomobryidae,247613,species,,fungivore,,the sources contain no explicit statement about this species' diet; no explicit diet statement in the sources; value inferred,12,26313958(medline)|03F787DF1D01D970FE6A685784A6FB9B(plazi)|C4B184E1E6989CADE9A715E5F0369918(plazi)|9A39404FF88A0799FFC10F6AA37FF53D(plazi)|DE3DBD36FFDFDC70E30CFB01FB56F9AA(plazi)|721B6E0C8C32FF8DFF3823E8A9412230(plazi)|PMC4607850(pmc)|10.1111/zoj.12220(pmc),"Based on the provided documents, Entomobrya multifasciata is noted as a predominant fungal feeder in cotton fields . This suggests that its diet primarily consists of fungi. However, no specific details about its feeding habits beyond this classification are provided in the given sources.",,,,12,26487816(medline)|26313958(medline)|14629361(medline)|DE3DBD36FFDFDC70E30CFB01FB56F9AA(plazi)|PMC4607850(pmc),"Based on the provided documents, there is no specific mention of the body length of *Entomobrya multifasciata*. The sources discuss its taxonomy, phylogenetic relationships, ecological roles, and genetic studies but do not provide measurements related to body size . Further research would be required to determine this characteristic.",,agricultural|soil,,"the sources give no explicit habitat description for this species; habitat statement concerns Entomobryidae family, not the target species",12,26313958(medline)|14629361(medline)|721B6E0C8C32FF8DFF3823E8A9412230(plazi)|D46487FEAB215B40FF06FB4AFB6DFC1E(plazi)|03DD371FFFADFFD834F6F9BCFC57F8F4(plazi)|PMC4607850(pmc),"Based on the provided documents, *Entomobrya multifasciata* is primarily associated with agricultural environments, specifically irrigated cotton fields in New South Wales, Australia, where it is one of the numerically dominant surface-colonizing Collembola species . It has also been detected as prey in spider digestive systems in arable ecosystems, indicating its presence in such habitats . The species is part of the Entomobryidae family and exhibits characteristics typical of soil-dwelling Collembola, though specific habitat preferences beyond agricultural settings are not detailed in the sources.",69,adult|NA|Adult,Beech|NA|EUNIS B2; Beach|Urban,Berlese trap|NA|Malaise Trap|Pan Trap|Soil/litter sample,France|Moldova|United Kingdom|Denmark|Finland|Portugal,Centre-Val de Loire|Normandie|England|Azores|Ile-de-France,"47.258,2.133|46.66667,29.6|49.4592,1.07749",166.183|NA,2009-2025,Temperate_Broadleaf_&_Mixed_Forest_simplify-0.001_buffered-0.018|NA,European_Atlantic_mixed_forests|East_European_forest_steppe|NA|Baltic_mixed_forests|Celtic_broadleaf_forests|Azores_temperate_mixed_forests|English_Lowlands_beech_forests
Entomobrya muscorum,Entomobrya,Entomobryidae,2041940,species,,,,the sources contain no explicit statement about this species' diet,5,E03187B3FFABD47CFF31F29BFD46F953(plazi)|03CF878BFFC6C20421E35AA3FA52A8B2(plazi)|03BC87BC7260FF9BFF07FA41C9A8F9B3(plazi)|03AA531A0F43352CFF58587CFE25A2C8(plazi)|062587E9C757FE2EFF7CC1C9FCC5231F(plazi),"Based on the provided documents, there is no specific information regarding the diet of *Entomobrya muscorum*. The sources discuss its distribution and morphological characteristics but do not mention feeding habits . Further research would be needed to determine its dietary preferences.",,,,5,03CF878BFFC6C20421E35AA3FA52A8B2(plazi)|03AA531A0F43352CFF58587CFE25A2C8(plazi)|E03187B3FFABD47CFF31F29BFD46F953(plazi)|03BC87BC7260FF9BFF07FA41C9A8F9B3(plazi)|062587E9C757FE2EFF7CC1C9FCC5231F(plazi),"Based on the provided documents, there is no specific mention of the body length of *Entomobrya muscorum*. The sources discuss its distribution, habitat preferences, and taxonomic classification but do not provide measurements related to body size .",leaf_litter|forest_wood|synanthropic|soil|agricultural,,direct,,5,E03187B3FFABD47CFF31F29BFD46F953(plazi)|03BC87BC7260FF9BFF07FA41C9A8F9B3(plazi)|03CF878BFFC6C20421E35AA3FA52A8B2(plazi),"Based on the provided documents, *Entomobrya muscorum* inhabits moist, vegetation-rich environments and also occurs in forest litter (JORDANA 2012). It is found in various habitats such as forests, shrublands, cultivated lands, gardens, and urban soils in Vietnam . The species is widely distributed across Europe, including areas like France, Ardennes, Calvados, and others . Its preference for humid conditions suggests it thrives in microhabitats with adequate moisture .",2,,"NA|F9.2, Willow carr and fen scrub",NA,Moldova|Germany,Mecklenburg-Vorpommern,"47.072567,28.391111|53.3676,12.9844",NA|85,2011-2013,NA|Temperate_Broadleaf_&_Mixed_Forest_simplify-0.001_buffered-0.018,Central_European_mixed_forests|Baltic_mixed_forests
Entomobrya nicoleti,Entomobrya,Entomobryidae,2041941,species,,,,the sources contain no explicit statement about this species' diet,9,40497342(medline)|34186848(medline)|721B6E0C8C32FF8DFF38252CA9C8232C(plazi)|PMC12684311(pmc),"Based on the provided documents, there is no specific information regarding the diet or feeding habits of *Entomobrya nicoleti* . The sources focus on population dynamics, genetic diversity, and taxonomic descriptions rather than ecological interactions or dietary preferences. Further research would be needed to determine its food sources.",,,,9,34186848(medline)|40497342(medline)|EA3FE482766A98B4E6DDCCF43DF1B81D(plazi)|PMC12684311(pmc),"Based on the provided documents, the specific body length of *Entomobrya nicoleti* is not mentioned . The sources focus on taxonomic descriptions and genetic studies rather than morphological measurements . Further research would be needed to determine its exact body length.",grassland,agricultural,direct,"habitat statement concerns Agricultural expansion, not the target species",9,34186848(medline)|40497342(medline)|721B6E0C8C32FF8DFF38252CA9C8232C(plazi)|E03187B3FFAAD47DFF31F037FB07FD1A(plazi)|039A87B5FFE30E1AFC79F957FD8BF9B5(plazi)|PMC12684311(pmc),"Based on the provided documents, *Entomobrya nicoleti* inhabits natural grasslands . Agricultural expansion has been shown to reduce habitat suitability for this species, leading to fragmented populations and reduced genetic diversity .",593,Adult|NA,"EUNIS C3.21; Phragmites australis beds. Lakeshore|1. Forest & Woodland | 1.4. Temperate Forest|NA|Garden compost|J6.1, Waste resulting from building construction or demolition",NA|Malaise Trap,Denmark|Portugal|United Kingdom|Sweden|Poland,Porto|Vasternorrland|Lower Silesian Voivodeship,"56.284,10.822|41.341,-8.692",NA|52,2014-2025,Temperate_Broadleaf_&_Mixed_Forest_simplify-0.001_buffered-0.018|NA,NA|Cantabrian_mixed_forests|Celtic_broadleaf_forests|Sarmatic_mixed_forests|Central_European_mixed_forests
Entomobrya nivalis,Entomobrya,Entomobryidae,1387109,species,,,,the sources contain no explicit statement about this species' diet,8,03F787DF1D01D970FE6A685784A6FB9B(plazi)|4F21DB05201BB4AA81AAA95BC7CAC17D(plazi)|03CF878BFFC6C20522975836FE4EAB55(plazi)|FB17ACB651FC2651B8B7C51630C8DE11(plazi)|011B87E9FFC86520FF60C201FC2DB85E(plazi)|721B6E0C8C32FF8DFF382724AE712125(plazi)|03AA531A0F43352CFF58596BFCEBA3F6(plazi)|10.1111/zoj.12220(pmc),"Based on the provided documents, there is no specific information regarding the diet of *Entomobrya nivalis*. The sources primarily discuss taxonomy, morphology, distribution, and phylogenetic relationships rather than ecological feeding habits . Further research would be needed to determine its dietary preferences.",,,,8,03F787DF1D01D970FE6A685784A6FB9B(plazi)|4F21DB05201BB4AA81AAA95BC7CAC17D(plazi)|FB17ACB651FC2651B8B7C51630C8DE11(plazi)|721B6E0C8C32FF8DFF382724AE712125(plazi)|03CF878BFFC6C20522975836FE4EAB55(plazi)|03AA531A0F43352CFF58596BFCEBA3F6(plazi)|10.1111/zoj.12220(pmc),"Based on the provided documents, the body length of *Entomobrya nivalis* is not explicitly mentioned . Therefore, it cannot be determined from the given information.",soil|alpine_glacier,moss_lichen,direct,"habitat statement concerns America and, not the target species",8,FB17ACB651FC2651B8B7C51630C8DE11(plazi)|721B6E0C8C32FF8DFF382724AE712125(plazi)|10.1111/zoj.12220(pmc),"Based on the provided documents, Entomobrya nivalis inhabits soil environments, specifically in wheat, ironwood, and rice fields near rivers in Iran . Additionally, it is found in North America and Europe, where it resides in moss and vegetation areas such as blueberry and juniper habitats . Its exact ecological preferences are not fully detailed in the sources.",7230,NA|Adult|immature|adult|A,"NA|EUNIS G1; Moss and bark on deciduous tree stem|Coniferous forest|1.4. Temperate Forest|1. Forest & Woodland|Alpine|Arctic city garden|Garden|1. Forest & Woodland|1.4. Temperate Forest|14. Artificial - Terrestrial | 14.5 Urban Areas|Urban|Rotten birch trees|U. bark, dead birch trees|G3.1, Fir and spruce woodland|bog","NA|Malaise Trap|Pan Trap|Soil/litter sample|Soil/litter sample, under Robus americana|Pitfall trap|Hand Picked",United Kingdom|France|Denmark|Finland|Austria|Estonia|Germany|Belarus|Norway|Sweden,England|Occitanie|Hauts-de-France|Lower Austria|Scotland|Minsk|Northern Ostrobothnia|Bavaria|Rhineland-Palatinate|Sor-Trondelag|Oppland|Lower Saxony|Carinthia|Trondelag,"53.593,-3.056|52.6997,-1.2351|55.39406,-3.328292",NA,2009-2025,"Temperate_Broadleaf_&_Mixed_Forest_simplify-0.001_buffered-0.018|NA|Boreal_Forest_Taiga_simplify-0.1_buffered-0.018|Temperate_Conifer_Forest_simplify-0.001_buffered-0.018, Temperate_Broadleaf_&_Mixed_Forest_simplify-0.001_buffered-0.018|Temperate_Conifer_Forest_simplify-0.001_buffered-0.018|Tundra_simplify-0.001_buffered-0.018","Celtic_broadleaf_forests|NA|Pyrenees_conifer_and_mixed_forests|European_Atlantic_mixed_forests|Northeast_Spain_and_Southern_France_Mediterranean_forests|Baltic_mixed_forests|Scandinavian_and_Russian_taiga|Alps_conifer_and_mixed_forests|Sarmatic_mixed_forests|Western_European_broadleaf_forests|Sarmatic_mixed_forests, Central_European_mixed_forests|English_Lowlands_beech_forests|Caledon_conifer_forests|Scandinavian_Montane_Birch_forest_and_grasslands|English_Lowlands_beech_forests, Celtic_broadleaf_forests"
Entomobrya quinquelineata,Entomobrya,Entomobryidae,187625,genus,,,,the sources contain no explicit statement about this species' diet,5,20098787FF8D9E42E3E1F9892260F829(plazi)|03CF878BFFC7C20522835E62FAC7AE25(plazi)|721B6E0C8C31FF8EFF382080A94E2441(plazi)|03AA531A0F43352CFF595A65FA17A0E5(plazi)|E1174CA12B51513D842DEE4DB290DF77(plazi),"Based on the provided documents, there is no specific information regarding the diet or feeding habits of *Entomobrya quinquelineata*. The sources describe its morphology, distribution, and ecology but do not mention its food source .",1.5,,,5,20098787FF8D9E42E3E1F9892260F829(plazi),"Based on the provided documents, the body length of *Entomobrya quinquelineata* is up to 1.5 mm . This measurement refers to the maximum recorded size of the species.",leaf_litter|soil,alpine_glacier,direct,"habitat statement concerns Belledonne mountain, not the target species",5,721B6E0C8C31FF8EFF382080A94E2441(plazi)|03AA531A0F43352CFF595A65FA17A0E5(plazi)|03CF878BFFC7C20522835E62FAC7AE25(plazi),"Based on the provided documents, *Entomobrya quinquelineata* inhabits soil and leaf litter in Iran . Its general distribution includes Europe , with specific records from Germany, Vojvodina, and the French Pyrenees . The species is also associated with moist habitats, such as those found near glaciers in the Belledonne mountain range .",2,NA,"R1, Dry grasslands",soil corer,Germany,Baden-Wuerttemberg,"47.6,8.36",610,2022,NA,NA
Entomobrya unostrigata,Entomobrya,Entomobryidae,1690820,species,,fungivore,,"the sources contain no explicit statement about this species' diet; diet statement concerns Entomobrya multifasciata, not the target species; no explicit diet statement in the sources; value inferred",8,26313958(medline)|721B6E0C8C31FF8EFF382298A83722E4(plazi)|E03187B3FFAAD47DFF31F5B3FC83FA2E(plazi)|8A8562571D127BDF626CE40601F3892E(plazi),"Based on the provided documents, Entomobrya unostrigata is noted as one of the numerically dominant species on the ground in irrigated cotton fields, but its specific diet is not explicitly mentioned. However, it is part of a group (Entomobrya multifasciata grp) that is described as predominantly fungal feeders . Therefore, it is likely that Entomobrya unostrigata feeds on fungi.",,,,8,26313958(medline)|03F787DF1D01D970FE6A685784A6FB9B(plazi)|721B6E0C8C31FF8EFF382298A83722E4(plazi)|8A8562571D127BDF626CE40601F3892E(plazi)|E03187B3FFAAD47DFF31F5B3FC83FA2E(plazi)|D46487FEAB165B48FF06FDBCFBE5FE84(plazi)|011B87E9FFDD6534FF60C1D8FE35BCA3(plazi)|BF8EAF45DE025E92A6EBEE16636CD03A(plazi),"Based on the provided documents, there is no specific information regarding the body length of *Entomobrya unostrigata*. The source discusses the abundance and diversity of Collembola species but does not provide morphological details such as body length for this particular species .",,agricultural,,the sources give no explicit habitat description for this species; no explicit habitat description in the sources; value inferred,8,26313958(medline)|E03187B3FFAAD47DFF31F5B3FC83FA2E(plazi)|721B6E0C8C31FF8EFF382298A83722E4(plazi)|011B87E9FFDD6534FF60C1D8FE35BCA3(plazi)|BF8EAF45DE025E92A6EBEE16636CD03A(plazi),"Based on the provided documents, *Entomobrya unostrigata* is mentioned as one of the numerically dominant species on the ground in irrigated cotton fields in New South Wales, Australia . The document does not specify its exact microhabitat beyond being associated with the surface layer of these agricultural environments.",6,,NA,NA,France,,"49.4715,0.33275",NA,2011,NA,European_Atlantic_mixed_forests
Folsomia agrelli,Folsomia,Isotomidae,158440,genus,,,,the sources contain no explicit statement about this species' diet,4,266B5D55F709FF98FF7EF90A43D5FEF3(plazi)|266B5D55F775FFE7FF7EFF724404FE27(plazi)|E03187B3FFC6D411FF31F423FD48F92B(plazi)|10.11646/zootaxa.5147.1.1(pmc),"Based on the provided documents, there is no specific information about the diet or feeding habits of *Folsomia agrelli*. The sources primarily discuss its taxonomy, distribution, and some remarks regarding potential misidentification . Further research would be needed to determine its dietary preferences.",,,,4,266B5D55F775FFE7FF7EFF724404FE27(plazi)|E03187B3FFC6D411FF31F423FD48F92B(plazi)|10.11646/zootaxa.5147.1.1(pmc),"Based on the provided documents, there is no specific mention of the body length of *Folsomia agrelli*. The sources discuss its distribution, taxonomy, and remarks about potential misidentification but do not provide measurements . Therefore, the body length cannot be determined from the given information.",agricultural,,direct,,4,E03187B3FFC6D411FF31F423FD48F92B(plazi)|266B5D55F775FFE7FF7EFF724404FE27(plazi)|10.11646/zootaxa.5147.1.1(pmc),"Based on the provided documents, Folsomia agrelli is found in cultivated land in Vietnam . Additionally, it has a general distribution in Western Europe and Greenland . However, its exact habitat preferences beyond these regions are not clearly specified in the given sources.",4,Adult,"Moss on ground, 2.000 m",NA,Norway,Oppland,"61.397,8.711",NA,2014,NA,Scandinavian_Montane_Birch_forest_and_grasslands
Folsomia binoculata,Folsomia,Isotomidae,158440,genus,,,,the sources contain no explicit statement about this species' diet,1,721B6E0C8C3AFF85FF382184AED52745(plazi),"Based on the provided documents, there is no specific information about the diet of *Folsomia binoculata*. The sources mention its ecology and habitat but do not detail feeding habits . Further research would be needed to determine its food sources.",,,,1,721B6E0C8C3AFF85FF382184AED52745(plazi),"Based on the provided documents, there is no specific information given about the body length of *Folsomia binoculata*. The sources mention ecological preferences and geographical distribution but do not provide measurements related to body size . Further research would be needed to determine this characteristic.",,leaf_litter|soil,,the sources give no explicit habitat description for this species,1,721B6E0C8C3AFF85FF382184AED52745(plazi),"Based on the provided documents, Folsomia binoculata inhabits soil and leaf litter in Iran . Its general distribution includes the Palaearctic region, specifically arctic islands and Taimyr . The specific ecological preferences for other regions are not detailed in the given sources.",7,Adult,NA|Arctic tundra,NA,Norway,Svalbard,"78.059,13.635",NA,2013,NA,Russian_Arctic_desert
Folsomia bisetosa,Folsomia,Isotomidae,281419,species,,,,the sources contain no explicit statement about this species' diet,5,039387CDFF9CFFB9FF2864F6FF3A3020(plazi)|03EA6F09D3030E6EF6F323F9FA18F2B2(plazi)|03CF878BFFA2C26022CE587CFAC1ABF1(plazi)|266B5D55F775FFE7FF7EFE5845B0FCCC(plazi)|03EA6F09D3000E6EF6F32058FAC4F7B3(plazi),"Based on the provided documents, there is no specific information about the diet or feeding habits of *Folsomia bisetosa*. The sources describe its distribution, morphology, and taxonomy but do not mention its food source . Further research would be needed to determine its dietary preferences.",,0.7-0.9,body size of the target species not available; the value reported in the source is for Folsomia mofettophila,5,03EA6F09D3000E6EF6F32058FAC4F7B3(plazi),"Based on the provided documents, the body length of *Folsomia bisetosa* is not explicitly stated. However, it is noted that *Folsomia mofettophila*, a closely related species, has a body size ranging from 0.7 mm (male) up to 0.9 mm (largest female) . This suggests that *Folsomia bisetosa* may have a similar size range, though this is an inference rather than a direct measurement.",marine_coastal|sandy_dune,,direct,,5,03CF878BFFA2C26022CE587CFAC1ABF1(plazi)|039387CDFF9CFFB9FF2864F6FF3A3020(plazi),"Based on the provided documents, *Folsomia bisetosa* is widely distributed in the Holarctic region and is found in littoral habitats such as sandy shores . It also inhabits damp places, particularly in regions like Buryatia . The species is associated with moist environments, though specific details about its ecological preferences are limited in the given sources.",4,adult|Adult,Mountain birch forest|Arctic tundra,Soil/litter sample|NA,Finland|Norway,Svalbard,"69.147,25.795|79.252,20.134",267|NA,2013-2019,Boreal_Forest_Taiga_simplify-0.1_buffered-0.018|NA,Scandinavian_and_Russian_taiga|NA
Folsomia candida,Folsomia,Isotomidae,158441,species,fungivore,,direct,evidence from laboratory feeding experiments; may not reflect the diet in the field; predation relationship runs the other way; species is the prey,18,28547039(medline)|15021980(medline)|39329523(medline)|E03187B3FFC6D411FF31F3CFFD1EFCEF(plazi)|266B5D55F775FFE7FF7EFCF2457DFBDA(plazi)|F86587B9FF9D1D05EE762AF7FB32769B(plazi)|E03187B3FFC5D412FF31F1A3FD7FFE46(plazi)|721B6E0C8C3AFF85FF38239CA9A425E8(plazi)|03B287EEFFD6CF3EFF0AF94641DDFC43(plazi)|PMC11537059(pmc)|PMC10103860(pmc)|PMC4553462(pmc)|PMC3618273(pmc),"Based on the provided documents, Folsomia candida feeds primarily on fungal species, including both wild-type and melanin-deficient forms of *Aspergillus fumigatus*, as well as other fungi like *Cladosporium cladosporioides* . Additionally, it can survive on mycotoxin-producing fungi although with reduced physiological parameters . It is also noted that F. candida can be part of the diet for predators such as spiders, indicating its role as prey .",,,,18,33423105(medline)|24901322(medline)|20185177(medline)|42043134(medline)|36930309(medline)|E03187B3FFC6D411FF31F3CFFD1EFCEF(plazi)|266B5D55F775FFE7FF7EFCF2457DFBDA(plazi)|E03187B3FFC5D412FF31F1A3FD7FFE46(plazi)|721B6E0C8C3AFF85FF38239CA9A425E8(plazi)|PMC10439338(pmc)|PMC12295829(pmc)|PMC7882584(pmc),"Based on the provided documents, there is no direct mention of the specific body length of *Folsomia candida*. However, studies discuss measurements of body length in relation to various factors such as pollutant exposure and dispersal behavior . For precise measurements, specialized software like CollScope has been developed for accurate and reliable body length assessment . Further details on average body length would require referencing additional studies or datasets.",leaf_litter|soil|cave|forest_wood,,direct,no explicit habitat description in the sources; value inferred,17,38837715(medline)|27510404(medline)|21411448(medline)|721B6E0C8C3AFF85FF38239CA9A425E8(plazi)|03DD371FFFAFFFDA34F6F918FAE1F891(plazi)|PMC10439338(pmc)|PMC5397431(pmc),"Based on the provided documents, *Folsomia candida* inhabits soil and leaf litter environments which vary in resource availability . It is also found in diverse habitats, including cave systems and forest leaf litter, indicating a broad distribution . Additionally, it is commonly associated with litter-derived nitrogen flux studies, suggesting its presence in ecosystems where organic matter decomposition occurs .",17,A|NA,NA,NA,Germany|Slovakia|Denmark|France|Netherlands,,"51.166,10.459",NA,1983-2013,NA,Central_European_mixed_forests|Carpathian_montane_forests|Baltic_mixed_forests|Western_European_broadleaf_forests|European_Atlantic_mixed_forests|NA
Folsomia ciliata,Folsomia,Isotomidae,210569,species,,,,,0,,,,,,0,,,,,,,0,,,6,Adult,Arctic tundra,NA,Norway,Svalbard,"77.501,21.458|78.115,20.828",NA,2009-2013,NA,Russian_Arctic_desert|NA
Folsomia coeruleogrisea,Folsomia,Isotomidae,158440,genus,,,,the sources contain no explicit statement about this species' diet,2,E03187B3FFC5D412FF31F317FD40FBEA(plazi)|266B5D55F775FFE7FF7EFBC44496F9C7(plazi),"Based on the provided documents, there is no specific information regarding the diet or feeding habits of *Folsomia coeruleogrisea*. The sources primarily discuss taxonomy, distribution, and authorship related to this species , . Further research would be needed to determine its dietary preferences.",,,,2,266B5D55F775FFE7FF7EFBC44496F9C7(plazi)|E03187B3FFC5D412FF31F317FD40FBEA(plazi),"Based on the provided documents, there is no specific mention of the body length of *Folsomia coeruleogrisea*. The sources discuss taxonomic classifications, distribution, and authors but do not provide morphological measurements such as body length , .",agricultural|synanthropic,,direct,,2,E03187B3FFC5D412FF31F317FD40FBEA(plazi),"Based on the provided documents, *Folsomia coeruleogrisea* is found in shrubland, cultivated land, and gardens in Vietnam . The species has been recorded specifically in the Red River Delta region, including areas such as H i D ng, H ng Y n, and Vnh Ph c . There is no additional detailed information about its broader habitat preferences beyond these locations.",1,Adult,Arctic tundra,NA,Norway,Svalbard,"79.252,20.134",NA,2013,NA,NA
Folsomia fimetaria,Folsomia,Isotomidae,1387114,species,,herbivore|detritivore|fungivore|bacterivore|microbivore|predator,,the sources contain no explicit statement about this species' diet; no explicit diet statement in the sources; value inferred,13,28310911(medline)|721B6E0C8C3AFF85FF3825E0A94123E0(plazi)|PMC6848234(pmc),"Based on the provided documents, Folsomia fimetaria feeds on organic matter such as barley straw and possibly other plant materials. It is involved in the decomposition process, interacting with microbial communities including fungi, bacteria, and protozoa during the breakdown of organic substrates . There is no direct mention of specific food items in the sources, but its role in decomposing plant material implies it consumes detritus.",,,,13,28310911(medline)|24374376(medline)|11386715(medline)|40266792(medline)|17258847(medline)|12051811(medline)|E03187B3FFC5D413FF31F640FBF8FED7(plazi)|03CF878BFFACC26E21F05921FA47A8BA(plazi)|721B6E0C8C3AFF85FF3825E0A94123E0(plazi)|266B5D55F776FFE4FF7EFCBE450CFACF(plazi)|039387CDFF9BFFBEFF28601BFB3035F2(plazi)|PMC9565337(pmc),"Based on the provided documents, there is no specific mention of the body length of *Folsomia fimetaria*. The sources discuss various aspects such as its ecological role, toxicity responses, and biodiversity, but none provide detailed morphological measurements like body length .",soil|agricultural,sandy_dune,direct,"habitat reflects an experimental substrate, not the natural habitat; no explicit habitat description in the sources; value inferred",14,20821454(medline)|11386715(medline)|10330321(medline)|31736616(medline)|721B6E0C8C3AFF85FF3825E0A94123E0(plazi)|E03187B3FFC5D413FF31F640FBF8FED7(plazi)|039387CDFF9BFFBEFF28601BFB3035F2(plazi)|PMC6848234(pmc)|PMC9565337(pmc),"Based on the provided documents, Folsomia fimetaria is a soil-dwelling micro-arthropod that inhabits agricultural soils . It is also found in copper-contaminated soils , loamy sands exposed to nickel , and anthropogenic soils in East European tundra . These findings suggest that Folsomia fimetaria can inhabit various types of soil environments, including those affected by contaminants.",6,A|Adult|adult|NA,NA|EUNIS G4; Formica polyctena nest. Deciduous forest,NA|Litter from decaying birch,Denmark|Finland|Estonia,,"56.268,9.492|56.127,9.496",NA,2019,NA|Temperate_Broadleaf_&_Mixed_Forest_simplify-0.001_buffered-0.018|Boreal_Forest_Taiga_simplify-0.1_buffered-0.018,Baltic_mixed_forests|Scandinavian_and_Russian_taiga|Sarmatic_mixed_forests
Folsomia fimetarioides,Folsomia,Isotomidae,158440,genus,fungivore,,experimental,the sources contain no explicit statement about this species' diet; evidence from laboratory feeding experiments; may not reflect the diet in the field,1,28313106(medline),"Based on the provided documents, Folsomia fimetarioides shows a higher preference for metal-tolerant fungi compared to Isotomiella minor . However, the specific diet of Folsomia fimetarioides is not explicitly stated in the given text. The study focuses on their feeding preferences regarding fungal substrates with varying levels of metal contamination rather than detailing their exact food sources. Therefore, additional research would be needed to determine the full range of what Folsomia fimetarioides feeds on.",,,,1,28313106(medline),"Based on the provided documents, there is no specific information regarding the body length of *Folsomia fimetarioides*. The sources discuss ecological preferences and tolerances but do not provide morphological details such as body length .",,soil,,the sources give no explicit habitat description for this species,1,28313106(medline),"Based on the provided documents, Folsomia fimetarioides inhabits metal-polluted soils, where it shows a preference for metal-tolerant fungi and avoids polluted substrates . It is also found in environments where there is a heavy metal gradient, indicating its adaptation to such conditions . The exact geographic distribution is not specified in the given text.",4,adult,Coniferous forest|NA,Moss sample|Litter from decaying spruce stump|Soil/litter sample,Finland,,"65.312,25.391|60.601,24.906|60.335,21.98",NA|111,2019,Boreal_Forest_Taiga_simplify-0.1_buffered-0.018|Temperate_Broadleaf_&_Mixed_Forest_simplify-0.001_buffered-0.018,Scandinavian_and_Russian_taiga|NA
Folsomia inoculata,Folsomia,Isotomidae,2041942,species,,,,the sources contain no explicit statement about this species' diet,8,29692642(medline)|721B6E0C8C3AFF85FF3824FCA941209C(plazi)|03CF878BFFACC26E22CA5BE1FB11A9BA(plazi)|FB3F87CFF074D931465EF291DFBD0B5F(plazi)|E625075B561C0CAB1466E7E2E0AC00F7(plazi)|266B5D55F776FFE4FF7EFAFB4571FA16(plazi)|E03187B3FFC4D413FF31F0A7FD2AFC8B(plazi)|PMC5913165(pmc),"Based on the provided documents, there is no specific information regarding the diet or feeding habits of *Folsomia* species, including those in the ""inoculata"" group. The text focuses on taxonomic classification and morphological characteristics rather than ecological preferences . Further research would be needed to determine their dietary habits.",,,,8,29692642(medline)|721B6E0C8C3AFF85FF3824FCA941209C(plazi)|03CF878BFFACC26E22CA5BE1FB11A9BA(plazi)|266B5D55F776FFE4FF7EFAFB4571FA16(plazi)|E03187B3FFC4D413FF31F0A7FD2AFC8B(plazi)|FB3F87CFF074D931465EF291DFBD0B5F(plazi)|E625075B561C0CAB1466E7E2E0AC00F7(plazi)|PMC5913165(pmc),"Based on the provided documents, the specific body length of *Folsomia inoculata* is not mentioned . The text focuses on taxonomic classification and morphological characteristics rather than providing measurements. Additional studies would be required to determine its exact body length.",,,,,8,29692642(medline)|721B6E0C8C3AFF85FF3824FCA941209C(plazi)|E625075B561C0CAB1466E7E2E0AC00F7(plazi)|E03187B3FFC4D413FF31F0A7FD2AFC8B(plazi)|PMC5913165(pmc),"Based on the provided documents, no specific habitat details for *Folsomia inoculata* are mentioned. The text focuses on taxonomic classification and morphological characteristics rather than ecological preferences or habitats . Additional studies would be required to determine its habitat.",7,NA,"NA|G1.2, Mixed riparian floodplain and gallery woodland",Pitfall Trap|NA,United Kingdom|Germany,Saxony,"55.99,-4.95",NA,2014-2025,NA|Temperate_Broadleaf_&_Mixed_Forest_simplify-0.001_buffered-0.018,NA|Western_European_broadleaf_forests
Folsomia manolachei,Folsomia,Isotomidae,1884766,species,,,,the sources contain no explicit statement about this species' diet,9,30743842(medline)|16168536(medline)|15093010(medline)|039387CDFF96FFB3FF2867DBFAB931FA(plazi)|266B5D55F776FFE5FF7EF810447AFF12(plazi)|721B6E0C8C39FF86FF382184AE1127A8(plazi)|03CF878BFFADC26F21F65DC9FD7BABF1(plazi)|9E7187A0077FFFB807F4FA4EFEF15634(plazi)|03DD371FFFAFFFDB34F6F82FFBF5FEA9(plazi),"Based on the provided documents, there is no specific information regarding the diet of *Folsomia manolachei*. The sources discuss its behavioral responses to contaminants and its presence in certain environmental conditions but do not mention feeding habits . Further research would be needed to determine its dietary preferences.",,,,9,30743842(medline)|16168536(medline)|15093010(medline)|266B5D55F776FFE5FF7EF810447AFF12(plazi)|721B6E0C8C39FF86FF382184AE1127A8(plazi)|039387CDFF96FFB3FF2867DBFAB931FA(plazi)|03CF878BFFADC26F21F65DC9FD7BABF1(plazi)|9E7187A0077FFFB807F4FA4EFEF15634(plazi)|03DD371FFFAFFFDB34F6F82FFBF5FEA9(plazi),"Based on the provided documents, there is no specific mention of the body length of *Folsomia manolachei*. The sources discuss its ecological roles, behavioral responses, and community dynamics but do not provide morphometric data such as body length . Further research would be required to determine this characteristic.",soil,forest_wood,direct,"habitat statement concerns Collembola community, not the target species; no explicit habitat description in the sources; value inferred",9,16168536(medline)|30743842(medline)|721B6E0C8C39FF86FF382184AE1127A8(plazi)|03DD371FFFAFFFDB34F6F82FFBF5FEA9(plazi)|03BF042CFFAFB7793AB1FD13FDD4F634(plazi),"Based on the provided documents, Folsomia manolachei is mentioned as a dominant species found in soil environments, specifically associated with contaminated sites and soil surfaces. It shows vertical attraction in response to phenanthrene and is part of the Collembola community in both open habitats and woodlands affected by contamination ,. Its presence indicates it inhabits soil ecosystems, likely within the upper layers where organic matter and moisture are available.",16,NA,"NA|R1, Dry grasslands|R1M Lowland to montane, dry to mesic grassland usually dominated by Nardus stricta",NA|soil corer,Moldova|Slovakia|Denmark|Germany,Baden-Wuerttemberg,"47.3,28.06667",NA,2011-2022,NA,Central_European_mixed_forests|Carpathian_montane_forests|European_Atlantic_mixed_forests|NA
Folsomia palaearctica,Folsomia,Isotomidae,1410392,species,,,,the sources contain no explicit statement about this species' diet,2,039387CDFF94FFB1FF286705FEC03119(plazi)|266B5D55F777FFE5FF7EFBDA450CFAB1(plazi),"Based on the provided documents, there is no specific information about the diet of *Folsomia palaearctica*. The sources discuss its taxonomy, morphology, distribution, and habitat preferences but do not mention feeding habits , . Further research would be needed to determine its food source.",,,,2,039387CDFF94FFB1FF286705FEC03119(plazi)|266B5D55F777FFE5FF7EFBDA450CFAB1(plazi),"Based on the provided documents, there is no specific mention of the body length of *Folsomia palaearctica*. The sources discuss its morphology, distribution, and ecological preferences but do not provide measurements , . Further research would be needed to determine this characteristic.",forest_wood|grassland,,direct,,2,039387CDFF94FFB1FF286705FEC03119(plazi),"Based on the provided documents, *Folsomia palaearctica* inhabits all types of forests and alpine sites, often in dry conditions, although it is very rare in steppes . It is described as a common and eurytopic species with a transholarctic distribution .",4,adult,Alpine,Soil/litter sample,Finland,,"67.692,24.446|67.693,24.457",559,2019,Boreal_Forest_Taiga_simplify-0.1_buffered-0.018,Scandinavian_and_Russian_taiga
Folsomia penicula,Folsomia,Isotomidae,266765,species,,,,the sources contain no explicit statement about this species' diet,7,23064850(medline)|03AA531A0F5D3532FF595EDCFCDFA50B(plazi)|03CF878BFFADC26F22B15CAFFC32AA27(plazi)|DE3DBD36FFDCDC73E16DFE64FD1FFD08(plazi)|266B5D55F777FFE5FF7EFA2F44B5F99F(plazi)|721B6E0C8C39FF86FF3820A4AE882577(plazi)|03B387DE0E38FFB0BF7CFA12738CE7A4(plazi),"Based on the provided documents, there is no specific information about the diet of *Folsomia penicula*. The sources mention its abundance in certain ecological contexts but do not describe its feeding habits . Further research would be needed to determine its dietary preferences.",,,,7,23064850(medline)|03AA531A0F5D3532FF595EDCFCDFA50B(plazi)|DE3DBD36FFDCDC73E16DFE64FD1FFD08(plazi)|266B5D55F777FFE5FF7EFA2F44B5F99F(plazi)|03CF878BFFADC26F22B15CAFFC32AA27(plazi)|721B6E0C8C39FF86FF3820A4AE882577(plazi)|03B387DE0E38FFB0BF7CFA12738CE7A4(plazi),"Based on the provided documents, there is no specific information regarding the body length of *Folsomia penicula*. The sources mention the species but do not provide morphological details such as body length . Further research or reference to taxonomic literature would be required to determine this characteristic.",,,,,7,23064850(medline)|03B387DE0E38FFB0BF7CFA12738CE7A4(plazi)|721B6E0C8C39FF86FF3820A4AE882577(plazi)|03BF042CFFAEB7793A42FE1CFA57F44D(plazi)|03DD371FFFAEFFDB3405FEC7FD49FDA6(plazi),"Based on the provided documents, Folsomia penicula is mentioned as one of the most abundant species in undisturbed or less disturbed stands within the Tatra National Park, suggesting it inhabits such environments. However, specific details about its preferred habitat are not elaborated upon in the given text .",20,NA,NA,NA,Moldova|Slovakia,,"47.072567,28.391111",NA,2011-2013,NA,Central_European_mixed_forests|Carpathian_montane_forests
Folsomia quadrioculata,Folsomia,Isotomidae,281420,species,,bacterivore|algivore,,the sources contain no explicit statement about this species' diet,16,37989986(medline)|E03187B3FFC6D411FF31F423FD48F92B(plazi)|E03187B3FFC4D413FF31F59FFD2AF9E3(plazi)|03DD371FFFAFFFDA34F6FACCFC57F985(plazi)|DE3DBD36FFDCDC73E090FC87FE66FB69(plazi)|721B6E0C8C39FF86FF38226DA9412294(plazi)|03E5878DFFC2FFA5FFAEF9B884CFF856(plazi)|PMC7240498(pmc),"Based on the provided documents, Folsomia quadrioculata feeds on bark with a natural layer of Cyanobacteria, which was used in experiments involving dietary exposure to imidacloprid . There is no specific mention of its natural food sources beyond this experimental context.",,,,16,33035364(medline)|21396373(medline)|37989986(medline)|15093010(medline)|41729894(medline)|38981302(medline)|E03187B3FFC4D413FF31F59FFD2AF9E3(plazi)|DE3DBD36FFDCDC73E090FC87FE66FB69(plazi)|721B6E0C8C39FF86FF38226DA9412294(plazi)|E03187B3FFC6D411FF31F423FD48F92B(plazi)|03E5878DFFC2FFA5FFAEF9B884CFF856(plazi)|03DD371FFFAFFFDA34F6FACCFC57F985(plazi)|PMC10724306(pmc)|10.11646/zootaxa.5147.1.1(pmc),"Based on the provided documents, there is no specific mention of the body length of *Folsomia quadrioculata*. The sources discuss various aspects such as survival rates, reproductive effects, and physiological responses to environmental factors like pesticides and temperature, but none provide direct measurements of body length . Further research would be needed to obtain this specific biological measurement.",forest_wood,,direct,,16,38981302(medline)|29626329(medline)|03DD371FFFAFFFDA34F6FACCFC57F985(plazi)|03E5878DFFC2FFA5FFAEF9B884CFF856(plazi)|721B6E0C8C39FF86FF38226DA9412294(plazi)|PMC5632673(pmc)|PMC7240498(pmc),"Based on the provided documents, Folsomia quadrioculata is found in various habitats including arctic tundra , coniferous forest floors , and paddy fields with heavy metal contamination . This species is widely distributed across the Northern Hemisphere , indicating a broad range of environmental tolerances.",205,adult|NA|Adult,"NA|mixed, mainly decidous forest|Coniferous forest|Alpine|Birch forest|R16, Perennial rocky grassland of Central and South-Eastern Europe|Arctic tundra|Damp seashore meadow",NA|Soil/litter sample|soil corer,Norway|Germany|Finland|Denmark|North Macedonia|Italy|Serbia|Spain|France|Sweden|Croatia|United Kingdom|Slovenia|Hungary|Ukraine|Slovakia|Estonia|Montenegro|Greece|Austria,Svalbard|Bavaria|Vestfold|Krym|Baden-Wuerttemberg,"80.036,18.691|77.756,14.388|69.283,15.983",NA,2007-2022,NA|Boreal_Forest_Taiga_simplify-0.1_buffered-0.018|Tundra_simplify-0.001_buffered-0.018,Russian_Arctic_desert|Scandinavian_coastal_conifer_forests|Western_European_broadleaf_forests|NA|Scandinavian_and_Russian_taiga|Scandinavian_Montane_Birch_forest_and_grasslands|Baltic_mixed_forests|Balkan_mixed_forests|Italian_sclerophyllous_and_semi-deciduous_forests|Iberian_sclerophyllous_and_semi-deciduous_forests|Pannonian_mixed_forests|Celtic_broadleaf_forests|Carpathian_montane_forests|Sarmatic_mixed_forests|Dinaric_Mountains_mixed_forests|Aegean_and_Western_Turkey_sclerophyllous_and_mixed_forests|Alps_conifer_and_mixed_forests|English_Lowlands_beech_forests|European_Atlantic_mixed_forests
Folsomia sensibilis,Folsomia,Isotomidae,2736120,species,,,,the sources contain no explicit statement about this species' diet,3,266B5D55F778FFEAFF7EFB9344B5FA10(plazi)|249152930DFCAD4DBC8C5096C3E82EBB(plazi)|03CF878BFFAEC26C22A25B89FA52AAD1(plazi),"Based on the provided documents, no specific information about the diet of *Folsomia sensibilis* is given , , . Further research would be needed to determine its feeding habits.",,1.75,body size of the target species not available; the value reported in the source is for Folsomia minorae,3,249152930DFCAD4DBC8C5096C3E82EBB(plazi),"Based on the provided documents, the body length of *Folsomia sensibilis* is not explicitly stated. However, it can be inferred that the species has a relatively small size, as comparisons with other similar species like *Folsomia minorae*, which measures 1.75 mm for an adult female, suggest that *Folsomia sensibilis* likely has a comparable or smaller body length . Further specific measurements would be needed for precise determination.",,soil,,the sources give no explicit habitat description for this species; no explicit habitat description in the sources; value inferred,3,266B5D55F778FFEAFF7EFB9344B5FA10(plazi),"Based on the provided documents, *Folsomia sensibilis* is distributed across various regions including the Massif des Arizes, Aude, Hautes-Pyrénées, Pyrénées-Orientales, and Savoie, typically inhabiting areas between 400-1400 meters elevation . These habitats include locations near Banyuls-sur-Mer and ski stations such as Calmazeille-Formigues, suggesting it thrives in mountainous environments . However, specific habitat preferences like soil type or vegetation are not detailed in the given texts.",1,Adult,"Litter, spruce plantation",NA,Norway,Telemark,"59.81,8.296",NA,2015,NA,Scandinavian_Montane_Birch_forest_and_grasslands
Folsomia sexoculata,Folsomia,Isotomidae,281422,species,,,,the sources contain no explicit statement about this species' diet,7,28308776(medline)|03CF878BFFAFC26D21F05FE2FEECADB0(plazi)|03CF878BFFADC26C2296594BFE67AD3E(plazi)|721B6E0C8C39FF86FF3824EEA95C210C(plazi)|039A87B5FFFF0E05FF0FF994FB5CFD49(plazi)|E03187B3FFC4D414FF31F74BFCB8FF4B(plazi)|266B5D55F778FFEAFF7EF98E45FCF8FA(plazi),"Based on the provided documents, there is no specific information about the diet of *Folsomia sexoculata*. The source discusses ecological factors affecting population dynamics but does not mention feeding habits . Further research would be needed to determine its dietary preferences.",,,,7,28308776(medline)|03CF878BFFAFC26D21F05FE2FEECADB0(plazi)|03CF878BFFADC26C2296594BFE67AD3E(plazi)|721B6E0C8C39FF86FF3824EEA95C210C(plazi)|E03187B3FFC4D414FF31F74BFCB8FF4B(plazi)|039A87B5FFFF0E05FF0FF994FB5CFD49(plazi)|266B5D55F778FFEAFF7EF98E45FCF8FA(plazi),"Based on the provided documents, the body length of *Folsomia sexoculata* is not specified . Further research would be required to determine this characteristic.",,,,,7,28308776(medline)|721B6E0C8C39FF86FF3824EEA95C210C(plazi)|E03187B3FFC4D414FF31F74BFCB8FF4B(plazi)|03CF878BFFADC26C2296594BFE67AD3E(plazi)|039A87B5FFFF0E05FF0FF994FB5CFD49(plazi)|266B5D55F778FFEAFF7EF98E45FCF8FA(plazi),"Based on the provided documents, Folsomia sexoculata inhabits arctic environments, specifically within tussock habitats where they experience varying levels of cover and are affected by environmental factors such as drought and temperature . The study indicates that these organisms are influenced by spatial habitat configurations and climatic conditions like warmth and dryness during critical periods such as July .",11,Adult|NA,EUNIS B2; Beach|NA|Arctic tundra|Brackish seashore meadow,NA,Denmark|United Kingdom|Norway,Svalbard|Vestfold,"55.614,12.397|51.4875,-0.2875",NA,2009-2019,Temperate_Broadleaf_&_Mixed_Forest_simplify-0.001_buffered-0.018|NA,Baltic_mixed_forests|English_Lowlands_beech_forests|NA
Folsomia spinosa,Folsomia,Isotomidae,2041943,species,,detritivore,,the sources contain no explicit statement about this species' diet; no explicit diet statement in the sources; value inferred,2,FB3F87CFF074D931465EF291DFBD0B5F(plazi),"Based on the provided documents, there is no explicit mention of the feeding habits of *Folsomia spinosa*. However, it is noted that the species was found in the debris of *Pinus* trees . This suggests that *Folsomia spinosa* may feed on organic matter present in forest litter, which is common for springtails. Further research would be needed to confirm specific dietary preferences.",,,,2,03CF878BFFAFC26D200F5C65FCEAA85B(plazi),"Based on the provided documents, the body length of *Folsomia spinosa* is not explicitly mentioned . Additional research would be required to determine this characteristic.",forest_wood,leaf_litter,direct,no explicit habitat description in the sources; value inferred,2,03CF878BFFAFC26D200F5C65FCEAA85B(plazi)|FB3F87CFF074D931465EF291DFBD0B5F(plazi),"Based on the provided documents, Folsomia spinosa is found in forested areas, specifically associated with pine debris at around 1200 meters altitude in Ordu Province, Turkey . Additionally, it has been recorded in regions such as Puy-de-Dôme and Tarn in France . The species prefers moist environments, likely within leaf litter or similar organic material.",2,NA,"R1, Dry grasslands",soil corer,Germany,Baden-Wuerttemberg,"47.94,8.63",760,2022,NA,NA
Folsomia thalassophila,Folsomia,Isotomidae,158440,genus,,,,,0,,,,,,0,,,,,,,0,,,2,Adult,"Understones, seashore",NA,Norway,Vestfold,"59.081,10.47",NA,2015,NA,NA
Folsomides angularis,Folsomides,Isotomidae,3054966,species,,,,the sources contain no explicit statement about this species' diet,7,25781745(medline)|DE3DBD36FFDCDC73E083FAA1FCFFF9AB(plazi)|721B6E0C8C22FF9DFF3827F9AE0521FD(plazi)|03CF878BFFAFC26D21FF5BF5FF05ABF1(plazi)|03DD371FFFA0FFDA3405F82CFB62FE5B(plazi),"Based on the provided documents, there is no specific information regarding the feeding habits of *Folsomides angularis* or any related species within the genus *Folsomides*. The sources primarily focus on taxonomic descriptions and distribution rather than ecological data such as diet . Further research would be needed to determine their dietary preferences.",,,,7,25781745(medline)|DE3DBD36FFDCDC73E083FAA1FCFFF9AB(plazi)|721B6E0C8C22FF9DFF3827F9AE0521FD(plazi)|03DD371FFFA0FFDA3405F82CFB62FE5B(plazi)|03CF878BFFAFC26D21FF5BF5FF05ABF1(plazi),"Based on the provided documents, the specific body length of *Folsomides angularis* is not mentioned . The text describes morphological characteristics such as macrochaetotaxy and chaetae numbers but does not provide measurements related to body length.",,leaf_litter|soil|forest_wood,,the sources give no explicit habitat description for this species; no explicit habitat description in the sources; value inferred,7,25781745(medline)|03DD371FFFA0FFDA3405F82CFB62FE5B(plazi)|721B6E0C8C22FF9DFF3827F9AE0521FD(plazi)|DE3DBD36FFDCDC73E083FAA1FCFFF9AB(plazi),"Based on the provided documents, the specific habitat of *Folsomides angularis* is not explicitly mentioned. However, it is noted that *Folsomides halshinicus* and *Folsomides subvinosus*, which belong to the *Folsomides angularis* group, were found in Kermanshah Province, Western Iran . This suggests that the group may inhabit similar environments, potentially including soil or leaf litter in forested areas. Further details about their exact habitat would require additional studies.",1,Adult,Lichens on sea cliffs,NA,Norway,Vestfold,"59.146,10.445",NA,2015,NA,NA
Folsomides parvulus,Folsomides,Isotomidae,1184808,species,,fungivore,,the sources contain no explicit statement about this species' diet; no explicit diet statement in the sources; value inferred,7,26313958(medline)|03DCB870E637FFABFC612FE2FC15F95F(plazi)|266B5D55F779FFEBFF7EFBAE457DFA77(plazi)|721B6E0C8C21FF9EFF3823C4A9102278(plazi)|DE3DBD36FFDCDC73E16DF920FE2CF80C(plazi)|E03187B3FFC3D414FF31F3BBFE96FCEF(plazi)|03AA531A0F5D3532FF595CBEFBAEA42F(plazi),"Based on the provided documents, Folsomides parvulus is noted as one of the dominant Collembola species in the soil of irrigated cotton fields, but specific feeding habits for this species are not detailed in the given text . The document mentions that nineteen out of twenty-four identified species from cotton were predominantly fungal feeders, suggesting that Folsomides parvulus may have a similar diet, though this is not explicitly stated . Further research would be needed to confirm its exact dietary preferences.",,,,7,26313958(medline)|E03187B3FFC3D414FF31F3BBFE96FCEF(plazi)|DE3DBD36FFDCDC73E16DF920FE2CF80C(plazi)|03AA531A0F5D3532FF595CBEFBAEA42F(plazi)|03DCB870E637FFABFC612FE2FC15F95F(plazi)|266B5D55F779FFEBFF7EFBAE457DFA77(plazi)|8F68E959EE69A715E2317E8FFC65F8B4(plazi),"Based on the provided documents, there is no specific information given about the body length of *Folsomides parvulus*. The source mentions the presence of this species in cotton fields but does not provide morphological details such as body length .",,soil,,"the sources give no explicit habitat description for this species; habitat statement concerns Collembola such, not the target species; no explicit habitat description in the sources; value inferred",7,26313958(medline)|8F68E959EE6DA713E06C7E25FD36FEBB(plazi)|03E5878DFFC7FFA0FF5DFEEB8523FCFC(plazi)|03EA87B2FFA4FFF1FF26F9CCFD079DFF(plazi),"Based on the provided documents, Folsomides parvulus is a species of Collembola that inhabits the surface layer of soil in irrigated cotton fields in New South Wales, Australia. It was noted as one of the dominant species in the soil alongside other Collembola such as Mesaphorura sp. and Hemisotoma thermophila grp . The document does not provide specific details about its exact microhabitat preferences beyond being present in the topsoil layers.",5,NA,"R1, Dry grasslands|R18 Perennial rocky calcareous grassland of subatlantic-submediterranean Europe",soil corer,Germany,Baden-Wuerttemberg,"49.09,8.56|47.79,9.4",200|670,2022,NA,NA
Friesea atypica,Friesea,Neanuridae,3447686,species,,,,the sources contain no explicit statement about this species' diet,1,975D1509FFB8735035FC2C9F8601EDF0(plazi),"Based on the provided documents, there is no specific information regarding the diet of *Friesea atypica*. The sources describe its distribution and collection localities but do not mention feeding habits . Further research would be needed to determine its dietary preferences.",,,,1,975D1509FFB8735035FC2C9F8601EDF0(plazi),"Based on the provided documents, there is no specific mention of the body length of *Friesea atypica*. The sources describe collection localities, dates, and numbers of specimens but do not provide morphological measurements . Additional references or studies would be required to determine the body length of this species.",soil|leaf_litter,,direct,,1,975D1509FFB8735035FC2C9F8601EDF0(plazi),"Based on the provided documents, *Friesea atypica* inhabits rocky areas with litter and soil, specifically found in mountainous regions such as the Piatra Craiului Mountains. The species was recorded in habitats at elevations around 995 m and 2100 m, associated with rock substrates and organic material . There is no additional detailed information about its specific microhabitat preferences beyond these observations.",1,NA,NA,NA,France,,NA,NA,2021,NA,NA
Friesea claviseta,Friesea,Neanuridae,1725396,species,,,,the sources contain no explicit statement about this species' diet,6,266B5D55F764FFF6FF7EFAE0457DFA07(plazi)|E03187B3FF88D45FFF31F52FFD7FFA82(plazi)|03CF878BFF87C24520115A0AFB34AD13(plazi)|975D1509FFA7734E37662C9F8397EB14(plazi)|03AECF752E21FFDB579427EAFC60F9AE(plazi)|721B6E0C8C04FFBBFF382507A95E22C3(plazi),"Based on the provided documents, there is no specific information about the diet or feeding habits of *Friesea claviseta*. The sources describe its distribution, habitats, and type locality but do not mention what it feeds on .",,,,6,266B5D55F764FFF6FF7EFAE0457DFA07(plazi)|721B6E0C8C04FFBBFF382507A95E22C3(plazi)|03AECF752E21FFDB579427EAFC60F9AE(plazi)|E03187B3FF88D45FFF31F52FFD7FFA82(plazi)|03CF878BFF87C24520115A0AFB34AD13(plazi)|975D1509FFA7734E37662C9F8397EB14(plazi),"Based on the provided documents, there is no specific mention of the body length of *Friesea claviseta*. The sources describe its distribution, ecology, and habitats but do not provide morphological measurements such as body length , , , , , .",leaf_litter|soil,moss_lichen|forest_wood,direct,"habitat statement concerns Europe and, not the target species; habitat statement concerns Brazil and, not the target species",6,721B6E0C8C04FFBBFF382507A95E22C3(plazi)|975D1509FFA7734E37662C9F8397EB14(plazi)|E03187B3FF88D45FFF31F52FFD7FFA82(plazi)|266B5D55F764FFF6FF7EFAE0457DFA07(plazi)|03AECF752E21FFDB579427EAFC60F9AE(plazi)|03EA87B2FFB7FFE2FF26FBAAFCED9E88(plazi),"Based on the provided documents, *Friesea claviseta* inhabits soil and leaf litter under pine and cypress trees in Iran . It also occurs in beech forests, spruce forests, and areas with mosses in various elevations across Europe and Asia . Additionally, it has been found in halophytic-psammophilous vegetation in Brazil and in forested areas at high altitudes in Thailand . The species is cosmopolitan in distribution .",5,adult|NA|Adult,Peatland|NA|Garden compost,Soil/moss sample|NA,Finland|United Kingdom|Norway,Vestfold,"60.449,22.768|51.4478,-0.245",NA,2014-2019,Temperate_Broadleaf_&_Mixed_Forest_simplify-0.001_buffered-0.018|NA,Sarmatic_mixed_forests|English_Lowlands_beech_forests|NA
Friesea mirabilis,Friesea,Neanuridae,187627,species,,,,the sources contain no explicit statement about this species' diet,6,721B6E0C8C04FFBBFF38271FA95E20FB(plazi),"Based on the provided documents, there is no specific information regarding the diet or feeding habits of *Friesea mirabilis*. The sources primarily discuss its taxonomy, distribution, and ecological habitats, such as soil, leaf litter, and vegetated areas . Further research would be needed to determine its dietary preferences.",,,,6,5306878ECC17FFF4D9B0FA10FAD26A99(plazi)|502187F3DD41FF87FF34FEA708C1FDC0(plazi)|721B6E0C8C04FFBBFF38271FA95E20FB(plazi)|266B5D55F765FFF7FF7EFC86457DFBE2(plazi)|975D1509FFA5734835C52F5E8396EF37(plazi)|03AECF752E2EFFD4579420D3FC60FCC7(plazi),"Based on the provided documents, there is no specific mention of the body length of *Friesea mirabilis*. The sources discuss taxonomy, distribution, ecology, and habitat but do not provide morphological measurements such as body length .",leaf_litter|forest_wood|soil|moss_lichen|grassland,,direct,,6,721B6E0C8C04FFBBFF38271FA95E20FB(plazi)|975D1509FFA5734835C52F5E8396EF37(plazi),"Based on the provided documents, *Friesea mirabilis* inhabits various environments including soil, leaf litter, moss on tree bases, rotten wood, and specific vegetation types such as juniperous and pine forests, alpine meadows, and shrublands . It is also found in wet depressions with grasses and flowering plants, as well as in dry and cracked soils alongside certain plant species . The species exhibits a cosmopolitan distribution, being present across diverse geographic regions .",8,adult,NA|Coniferous forest|Alpine|Mountain birch forest,NA|Soil/litter sample,Moldova|Finland,,"47.072567,28.391111",NA,2011-2019,NA|Boreal_Forest_Taiga_simplify-0.1_buffered-0.018,Central_European_mixed_forests|Scandinavian_and_Russian_taiga|Scandinavian_Montane_Birch_forest_and_grasslands
Friesea quinquespinosa,Friesea,Neanuridae,3447681,species,,,,the sources contain no explicit statement about this species' diet,1,266B5D55F765FFF7FF7EFB6145B0FA60(plazi),"Based on the provided documents, there is no specific information given about the diet or feeding habits of *Friesea quinquespinosa* . The sources mention its taxonomic history and general distribution but do not provide details on its food source. Further research would be needed to determine its dietary preferences.",,,,1,266B5D55F765FFF7FF7EFB6145B0FA60(plazi),"Based on the provided documents, there is no specific mention of the body length of *Friesea quinquespinosa*. The sources primarily discuss its taxonomy, nomenclature, and general distribution within the Northern Holarctic region . Further details regarding physical characteristics such as body length would require additional references.",,,,the sources give no explicit habitat description for this species,1,266B5D55F765FFF7FF7EFB6145B0FA60(plazi),"Based on the provided documents, the specific habitat of *Friesea quinquespinosa* is not explicitly mentioned. However, it is noted to have a general distribution within the Northern Holarctic region . Further details about its preferred habitat would require additional ecological studies or references.",1,Adult,Arctic tundra,NA,Norway,Svalbard,"77.501,21.458",NA,2013,NA,Russian_Arctic_desert
Friesea truncata,Friesea,Neanuridae,187628,species,,,,the sources contain no explicit statement about this species' diet,5,03CF878BFF81C243200059CAFAA4A8C0(plazi)|975D1509FFA0734735F72EDE8628EC77(plazi)|03CC8C6AFFBCFF9FFF449D5EAD814A4A(plazi)|10.5281/zenodo.187194(pmc),"Based on the provided documents, there is no specific information regarding the diet or feeding habits of *Friesea truncata*. The sources primarily focus on the distribution, taxonomy, and morphological characteristics of this species . Therefore, the feeding ecology of *Friesea truncata* remains undocumented in the given references.",,1-1.2,body size of the target species not available; the value reported in the source is for Friesea major,5,03CC8C6AFFBCFF9FFF449D5EAD814A4A(plazi)|10.5281/zenodo.187194(pmc),"Based on the provided documents, the body length of *Friesea truncata* is not explicitly mentioned. However, it can be inferred that it is similar to other species within the same genus, such as *Friesea major*, which has a body length of 1-1.2 mm . Therefore, *Friesea truncata* likely has a comparable body size.",freshwater|soil|moss_lichen,,direct,,5,975D1509FFA0734735F72EDE8628EC77(plazi)|03CF878BFF81C243200059CAFAA4A8C0(plazi)|10.5281/zenodo.187194(pmc),"Based on the provided documents, *Friesea truncata* inhabits various environments including peatbogs, soil, and moss on dead trunks. It has been recorded in areas such as the Bucegi Massif, Retezat Mountains, and Climani Mountains at elevations ranging from 120 m to 1470 m . Additionally, it is found in regions like Ariege, Aude, Drôme, Essonne, and Haute-Garonne, indicating a distribution across different habitats within these areas .",3,NA,"R1M Lowland to montane, dry to mesic grassland usually dominated by Nardus stricta|R1, Dry grasslands|G3.1, Fir and spruce woodland",soil corer|NA,Germany,Baden-Wuerttemberg,"47.87,8.01|48.78,8.8|51.7161,10.5635",1470|540|502,2020-2022,NA|Temperate_Broadleaf_&_Mixed_Forest_simplify-0.001_buffered-0.018,NA|Western_European_broadleaf_forests
Gisinianus flammeolus,Gisinianus,Katiannidae,2449080,species,,,,,0,,,,,,0,,,,,,,0,,,4,Adult|adult,"Under bark, Salix|G1.2, Mixed riparian floodplain and gallery woodland",NA,Norway|Germany,Vestfold|Saxony,"59.149,10.438",NA,2014-2015,NA|Temperate_Broadleaf_&_Mixed_Forest_simplify-0.001_buffered-0.018,NA|Western_European_broadleaf_forests
Gnathisotoma bicolor,Gnathisotoma,Isotomidae,3127813,species,,,,the sources contain no explicit statement about this species' diet,1,03CF878BFFA8C26A21EF5C08FE5EA86A(plazi),"Based on the provided documents, there is no specific information regarding the diet or feeding habits of *Gnathisotoma bicolor* . The sources mention its distribution and taxonomy but do not describe its food source. Further research would be needed to determine its dietary preferences.",,,,1,03CF878BFFA8C26A21EF5C08FE5EA86A(plazi),"Based on the provided documents, there is no specific mention of the body length of *Gnathisotoma bicolor*. The sources provide distribution and taxonomic information but do not include measurements or dimensions related to the body length of this species .",,,,the sources give no explicit habitat description for this species,1,03CF878BFFA8C26A21EF5C08FE5EA86A(plazi),"Based on the provided documents, Gnathisotoma bicolor is found in the Hautes-Pyrénées region, specifically in the Cirque de l'Estaranhe and the massif du Nouvielle . It is also present in the Haute Vallée de l'Aure and the massif du Nouvielle . The specific habitat details are not explicitly mentioned, but these locations suggest it inhabits mountainous areas.",10,NA,NA,NA,France,,NA,NA,,NA,NA
Halisotoma arenicola,Halisotoma,Isotomidae,6343,species,,,,,0,,,,,,0,,,,,,,0,,,3,Adult,Seaweeds on sandy shore,NA,Norway,Vest-Agder,"58.067,6.701",NA,2015,NA,Sarmatic_mixed_forests
Halisotoma maritima,Halisotoma,Isotomidae,,,,,,the sources contain no explicit statement about this species' diet,2,03CF878BFFA8C26A21E459D0FC21AD75(plazi),"Based on the provided documents, there is no specific information regarding the diet or feeding habits of *Halisotoma maritima* . The sources primarily focus on its distribution and taxonomic history rather than ecological interactions or dietary preferences.",,,,2,03CF878BFFA8C26A21E459D0FC21AD75(plazi),"Based on the provided documents, there is no specific mention of the body length of *Halisotoma maritima* . Therefore, the body length cannot be determined from the given sources.",,marine_coastal|sandy_dune,,"habitat reflects an experimental substrate, not the natural habitat; habitat statement concerns Ammophila arenaria, not the target species",2,03CF878BFFA8C26A21E459D0FC21AD75(plazi),"Based on the provided documents, *Halisotoma maritima* inhabits coastal areas characterized by sandy beaches exposed to strong wave action, with deposits of marine algae. These habitats are typically found near aeolic dunes, where the foreshore is bordered by vegetation such as *Ammophila arenaria* . The specific location mentioned includes regions like Camargue, Corsica, Pas-de-Calais, Puy-de-Dôme, and Pyrénées-Orientales .",5,Adult,Seashore wrack bed,NA,Norway,Vestfold,"59.069,10.393",NA,2014,NA,Scandinavian_and_Russian_taiga
Hemisotoma thermophila,Hemisotoma,Isotomidae,2994027,species,,fungivore,,the sources contain no explicit statement about this species' diet; no explicit diet statement in the sources; value inferred,10,26313958(medline)|721B6E0C8C38FF87FF382405A8FA20C1(plazi)|502187F3DD58FF9EFF34FCC20A57FB94(plazi)|03CF878BFFA8C26B228C5A0BFCEAAD43(plazi)|DE3DBD36FFDCDC73E3F2FD07FBCEFB89(plazi)|PMC5769716(pmc),"Based on the provided documents, Hemisotoma thermophila is noted to be a predominant species in certain environments, and it is mentioned that nineteen out of twenty-four species identified from cotton fields were predominantly fungal feeders . However, specific feeding habits of Hemisotoma thermophila itself are not explicitly detailed in the given texts. Therefore, while it can be inferred that this species may have a diet involving fungi, direct evidence regarding its exact food source is lacking in the provided sources.",,,,10,26313958(medline)|29362535(medline)|33077113(medline)|DE3DBD36FFDCDC73E3F2FD07FBCEFB89(plazi)|721B6E0C8C38FF87FF382405A8FA20C1(plazi)|502187F3DD58FF9EFF34FCC20A57FB94(plazi)|03CF878BFFA8C26B228C5A0BFCEAAD43(plazi)|03B67609FFDEFFB5FCE82482AF4EE657(plazi)|PMC5769716(pmc),"Based on the provided documents, there is no specific mention of the body length of *Hemisotoma thermophila*. The sources discuss its ecological distribution, thermal tolerance, and community composition but do not provide morphological details such as body length .",freshwater|grassland|soil,,direct,,10,29362535(medline)|26313958(medline)|721B6E0C8C38FF87FF382405A8FA20C1(plazi)|DE3DBD36FFDCDC73E3F2FD07FBCEFB89(plazi)|502187F3DD58FF9EFF34FCC20A57FB94(plazi)|E03187B3FFFFD429FF31F4DBFD7FFC17(plazi)|03AA531A0F5D3532FF585A8FFC3AA1DF(plazi)|PMC5769716(pmc),"Based on the provided documents, *Hemisotoma thermophila* inhabits riparian zones, specifically the river bank and meadow areas, as well as the artificial shoreline of a large lake. It is noted to prefer hygrophilous habitats such as quiet backwaters in the river section of Branițe . Additionally, it is commonly found in soil environments associated with irrigated cotton fields .",1,NA,NA,NA,Germany,,NA,NA,2021,NA,NA
Heteraphorura carpatica,Heteraphorura,Onychiuridae,2898949,species,,,,the sources contain no explicit statement about this species' diet,2,E03187B3FFB9D46FFF31F63BFC4EFEF3(plazi)|10.11646/zootaxa.5147.1.1(pmc),"Based on the provided documents, there is no specific information regarding the diet of *Heteraphorura carpatica* . The sources mention its distribution and authorship but do not describe its feeding habits. Further research would be needed to determine its food source.",,,,2,E03187B3FFB9D46FFF31F63BFC4EFEF3(plazi)|10.11646/zootaxa.5147.1.1(pmc),"Based on the provided documents, there is no specific information given about the body length of *Heteraphorura carpatica* . The sources mention its distribution and authorship but do not provide morphological details such as body length.",,,,the sources give no explicit habitat description for this species,2,E03187B3FFB9D46FFF31F63BFC4EFEF3(plazi)|10.11646/zootaxa.5147.1.1(pmc),"Based on the provided documents, there is no specific information about the habitat of *Heteraphorura carpatica*. The document mentions its type locality as Krynica-Zdrój, Carpathians (Poland), but does not provide details about its habitat preferences or current distribution beyond noting its potential presence in Vietnam .",1,NA,NA,NA,Poland,,"49.43,20.43",NA,2018,NA,NA
Heteromurus absoloni,Heteromurus,Orchesellidae,1765952,species,,,,,0,,,,,,0,,,,,,,0,,,9,,NA,NA,Spain|Montenegro,Catalonia,"40.7998,0.283331|42.50281,18.699608",1240|NA,2002-2010,NA,Northeast_Spain_and_Southern_France_Mediterranean_forests|Illyrian_deciduous_forests
Heteromurus major,Heteromurus,Orchesellidae,1218234,species,,,,the sources contain no explicit statement about this species' diet,9,40266792(medline)|03CF878BFFC7C20222AC5836FD37AA7E(plazi)|03BC87BC7263FF98FF07FF5BCB65FEA4(plazi)|721B6E0C8C35FF8AFF3825BDAE472053(plazi)|502187F3DD5BFF9AFF34F8E90AC6FF58(plazi)|03DD371FFFABFFDE34F6FDE6FE8AFC7E(plazi)|03B387DE0E3EFFB6BF7CFAE67377E75A(plazi),"Based on the provided documents, there is no specific information regarding the diet or feeding habits of *Heteromurus major*. The sources focus on taxonomic descriptions and ecological significance within gypsum karst environments but do not mention dietary preferences , . Further studies would be required to determine its feeding ecology.",,,,9,40266792(medline)|721B6E0C8C35FF8AFF3825BDAE472053(plazi)|502187F3DD5BFF9AFF34F8E90AC6FF58(plazi)|03CF878BFFC7C20222AC5836FD37AA7E(plazi)|03BC87BC7263FF98FF07FF5BCB65FEA4(plazi)|DE3DBD36FFDFDC77E3D2F960FB0FFA2A(plazi)|B14287AAFF9B70573E83B506FA30FAC0(plazi),"Based on the provided documents, the specific body length of *Heteromurus major* is not mentioned . Further details regarding its morphology would require additional references or studies that specifically address this characteristic.",,soil|cave,,the sources give no explicit habitat description for this species; no explicit habitat description in the sources; value inferred,9,40266792(medline)|03DD371FFFABFFDE34F6FDE6FE8AFC7E(plazi)|03B387DE0E3EFFB6BF7CFAE67377E75A(plazi)|0383FA70377E8B74C66CFAFD5ECBF95C(plazi),"Based on the provided documents, Heteromurus major is a newly described species from the gypsum karst of Sorbas (Almería, Spain). However, the specific habitat details for this species are not explicitly mentioned in the text . The general context suggests that it inhabits subterranean environments associated with gypsum karst, given the study's focus on cave-dwelling Collembola. Further details would require additional research or documentation.",53,A|I,NA,NA,France|Belgium|Spain|Moldova,Occitanie|West-Vlaanderen|Corsica|Provence-Alpes-Cote d'Azur,"42.478,2.55",945,2004-2011,NA,Pyrenees_conifer_and_mixed_forests|NA|European_Atlantic_mixed_forests|Northeast_Spain_and_Southern_France_Mediterranean_forests|Iberian_sclerophyllous_and_semi-deciduous_forests|Central_European_mixed_forests
Heteromurus nitidus,Heteromurus,Orchesellidae,254095,species,fungivore|herbivore,omnivore,direct,"no explicit diet statement in the sources; value inferred; statement refers to Collembola in general, not to this species",14,38357856(medline)|15619097(medline)|266B5D55F711FF83FF7EFA5F450CF917(plazi)|721B6E0C8C35FF8AFF3827B3A94121DA(plazi)|F76187F85943FFB9FE22FE7DF69FFD6E(plazi)|03B387DE0E3EFFB6BF7CF9A77377E653(plazi)|PMC11129290(pmc),"Based on the provided documents, Heteromurus nitidus feeds on various food sources including insect larvae such as Heteromurus nitidus itself, which suggests it might be omnivorous or have complex dietary habits. It also grazes on the wheat fungal pathogen Zymoseptoria tritici found on infected plant tissues . Furthermore, it interacts with other organisms like Collembola and arbuscular mycorrhiza in soil ecosystems . These findings indicate that Heteromurus nitidus has a varied diet encompassing both microbial and possibly animal matter.",,,,14,34186848(medline)|28547039(medline)|38357856(medline)|29733305(medline)|40266792(medline)|38668715(medline)|33297192(medline)|F76187F85943FFB9FE22FE7DF69FFD6E(plazi)|721B6E0C8C35FF8AFF3827B3A94121DA(plazi)|03B387DE0E3EFFB6BF7CF9A77377E653(plazi)|266B5D55F711FF83FF7EFA5F450CF917(plazi)|03CF878BFFC0C20321EC59AAFD37AFAD(plazi)|PMC11129290(pmc),"Based on the provided documents, there is no specific mention of the body length of *Heteromurus nitidus*. The sources discuss various aspects such as taxonomy, ecological roles, isotopic studies, and chemical composition, but none provide detailed morphometric data like body length . Further investigation or reference to specialized literature would be required to determine this characteristic.",soil|agricultural,,direct,,14,34186848(medline)|39700973(medline)|38357856(medline)|F76187F85943FFB9FE22FE7DF69FFD6E(plazi)|721B6E0C8C35FF8AFF3827B3A94121DA(plazi)|03B387DE0E3EFFB6BF7CF9A77377E653(plazi)|PMC11129290(pmc),"Based on the provided documents, *Heteromurus nitidus* inhabits soils where it interacts with various substrates such as wheat fungal pathogens and agricultural mulch materials. It is found in both surface and subsurface layers of soil, including areas contaminated with microplastics and within ecosystems influenced by arbuscular mycorrhiza. Specifically, it has been observed grazing on fungal pathogens on infected plant tissues and interacting with soil microorganisms .",28,I|NA|Adult,"NA|R1, Dry grasslands|Garden compost",NA|soil corer,Moldova|France|Bosnia and Herzegovina|Germany|Norway|Italy,Occitanie|Srpska|Baden-Wuerttemberg|Vestfold,"47.072567,28.391111|NA",NA,2010-2022,NA|Mediterranean_Forest_Woodlands_&_Scrub_simplify-0.001_buffered-0.018,Central_European_mixed_forests|NA|Dinaric_Mountains_mixed_forests|Italian_sclerophyllous_and_semi-deciduous_forests
Hymenaphorura dentifera,Hymenaphorura,Onychiuridae,2905845,species,,,,the sources contain no explicit statement about this species' diet,1,195D87CB8564FFD7BFEEFD22FE47FA7A(plazi),"Based on the provided documents, there is no specific information regarding the diet or feeding habits of *Hymenaphorura dentifera*. The source text mentions the family Onychiuridae, which includes *Hymenaphorura dentifera*, but it does not provide details about its food sources . Further research would be needed to determine what *Hymenaphorura dentifera* feeds on.",,,,1,195D87CB8564FFD7BFEEFD22FE47FA7A(plazi),"Based on the provided documents, there is no specific mention of the body length of *Hymenaphorura dentifera*. The text refers to this species within the context of mitochondrial genome studies but does not provide morphological measurements . Further research would be required to determine its body length.",,,,the sources give no explicit habitat description for this species,1,195D87CB8564FFD7BFEEFD22FE47FA7A(plazi),"Based on the provided documents, there is no specific information about the habitat of *Hymenaphorura dentifera*. The document mentions its family (Onychiuridae) but does not describe its ecological preferences or habitat.",1,,"G3.1, Fir and spruce woodland",NA,Germany,,"51.7161,10.5635",502,2020,Temperate_Broadleaf_&_Mixed_Forest_simplify-0.001_buffered-0.018,Western_European_broadleaf_forests
Hymenaphorura parva,Hymenaphorura,Onychiuridae,2898950,genus,,,,,0,,,,,,0,,,,,,,0,,,3,NA,"R1M Lowland to montane, dry to mesic grassland usually dominated by Nardus stricta",soil corer,Germany,Baden-Wuerttemberg,"47.87,8.01",1470,2022,NA,NA
Hymenaphorura polonica,Hymenaphorura,Onychiuridae,2898950,genus,,,,,0,,,,,,0,,,,,,,0,,,12,adult|Adult,NA|Coniferous forest|Dry wood on ground,NA|Litter from decaying tree|Litter from pine stump and mosses,Moldova|Finland|Norway,Vestfold,"47.3,28.0667|47.3,28.06667",NA,2011-2020,NA|Boreal_Forest_Taiga_simplify-0.1_buffered-0.018,Central_European_mixed_forests|Scandinavian_and_Russian_taiga
Hymenaphorura pseudosibirica,Hymenaphorura,Onychiuridae,2898952,species,,,,,0,,,,,,0,,,,,,,0,,,1,NA,NA,NA,Poland,,"49.42,20.42",NA,2018,NA,NA
Hypogastrura assimilis,Hypogastrura,Hypogastruridae,2234137,species,,fungivore|bacterivore|detritivore,,"the sources contain no explicit statement about this species' diet; statement refers to Collembola in general, not to this species",6,28308212(medline)|16220585(medline)|F86587B9FF9D1D05EE762AF7FB32769B(plazi)|03CF878BFF92C251228B58AFFDC6AD20(plazi)|721B6E0C8C1AFFA5FF3822BDA910225C(plazi)|266B5D55F748FFDAFF7EFA3845FDF8FC(plazi),"Based on the provided documents, there is no direct information about the diet of *Hypogastrura assimilis*. However, it is mentioned that this species is part of the soil food web and interacts with other organisms such as *Cognettia sphagnetorum* and various acarids . As a collembolan, it likely feeds on organic matter, bacteria, and possibly fungal hyphae, which are common food sources for springtails.",,,,6,28308212(medline)|16220585(medline)|03CF878BFF92C251228B58AFFDC6AD20(plazi)|F86587B9FF9D1D05EE762AF7FB32769B(plazi)|721B6E0C8C1AFFA5FF3822BDA910225C(plazi)|266B5D55F748FFDAFF7EFA3845FDF8FC(plazi),"Based on the provided documents, there is no specific mention of the body length of *Hypogastrura assimilis*. The sources discuss the effects of environmental factors and soil conditions on this species but do not provide morphological details such as body length .",,soil,,the sources give no explicit habitat description for this species; no explicit habitat description in the sources; value inferred,6,16220585(medline)|721B6E0C8C1AFFA5FF3822BDA910225C(plazi),"Based on the provided documents, *Hypogastrura assimilis* is a Collembola species that inhabits soil environments. It shows sensitivity to soil properties such as pH and water-holding capacity, indicating it thrives in specific soil conditions . The document does not specify exact habitats beyond its association with soil ecosystems.",4,Adult,NA|Garden compost,NA,France|Norway,Vestfold,"49.4719,0.33306|59.1,10.412",NA,2011-2014,NA,European_Atlantic_mixed_forests|NA
Hypogastrura burkilli,Hypogastrura,Hypogastruridae,1725397,species,,,,the sources contain no explicit statement about this species' diet,1,195D87CB8564FFD7BFEEFD22FE47FA7A(plazi),"Based on the provided documents, there is no specific information regarding the diet or feeding habits of *Hypogastrura burkilli*. The document lists *Hypogastrura burkilli* as part of a taxonomic group but does not provide details about its ecological niche or food source . Further research would be needed to determine its dietary preferences.",,,,1,195D87CB8564FFD7BFEEFD22FE47FA7A(plazi),"Based on the provided documents, there is no specific information given about the body length of *Hypogastrura burkilli*. The source mentions the presence of this species in the list of taxa but does not provide any morphological details such as body length .",,,,the sources give no explicit habitat description for this species,1,195D87CB8564FFD7BFEEFD22FE47FA7A(plazi),"Based on the provided documents, there is no specific information about the habitat of *Hypogastrura burkilli*. The document mentions the taxonomic classification and mitochondrial genome details of various springtail species but does not provide ecological or habitat-related data for *Hypogastrura burkilli* .",3,NA,"NA|X22, Small city centre non-domestic gardens",NA,United Kingdom|Germany,North Rhine-Westphalia,"51.2119,-0.3175|50.7759,6.06921",NA|240,2013,NA|Temperate_Broadleaf_&_Mixed_Forest_simplify-0.001_buffered-0.018,English_Lowlands_beech_forests|Western_European_broadleaf_forests
Hypogastrura concolor,Hypogastrura,Hypogastruridae,281414,species,,,,the sources contain no explicit statement about this species' diet,4,32260571(medline)|266B5D55F722FFB0FF7EFB284632FA4F(plazi)|266B5D55F749FFDBFF7EFE0245B0FD50(plazi)|PMC7240498(pmc),"Based on the provided documents, there is no specific information about the diet of *Hypogastrura concolor*. The source discusses the presence and diversity of microarthropods near a receding glacier but does not provide details on feeding habits . Further research would be needed to determine the dietary preferences of this species.",,,,4,32260571(medline)|266B5D55F749FFDBFF7EFE0245B0FD50(plazi)|266B5D55F722FFB0FF7EFB284632FA4F(plazi)|PMC7240498(pmc),"Based on the provided documents, there is no specific information regarding the body length of *Hypogastrura concolor*. The source discusses the presence and diversity of microarthropods but does not provide morphological details such as body length for this species .",alpine_glacier,,direct,,4,32260571(medline)|266B5D55F722FFB0FF7EFB284632FA4F(plazi)|PMC7240498(pmc),"Based on the provided documents, *Hypogastrura concolor* is a microarthropod found in high Arctic environments adjacent to receding glaciers. It inhabits areas with varying distances from the glacier snout, where it contributes to the diverse arthropod community. This species is specifically mentioned as part of the microarthropod fauna in glacial foreland habitats .",3,Adult,Arctic tundra,NA,Norway,Svalbard,"79.895,16.041",NA,2009,NA,Russian_Arctic_desert
Hypogastrura distincta,Hypogastrura,Hypogastruridae,1725398,species,,,,the sources contain no explicit statement about this species' diet,3,266B5D55F749FFDBFF7EFB504587FA77(plazi)|721B6E0C8C1AFFA5FF3825B9A9DC2358(plazi)|033487C7DA4EFFADFF076D34DD5D7FE9(plazi),"Based on the provided documents, there is no specific information regarding the diet of *Hypogastrura distincta*. The sources mention its ecological habitat and geographic distribution but do not provide details about its feeding habits . Further research would be needed to determine its food source.",,,,3,721B6E0C8C1AFFA5FF3825B9A9DC2358(plazi)|266B5D55F749FFDBFF7EFB504587FA77(plazi)|033487C7DA4EFFADFF076D34DD5D7FE9(plazi),"Based on the provided documents, there is no specific mention of the body length of *Hypogastrura distincta*. The sources describe morphological features such as the length ratio of dens, ventral tube setae, and tenaculum teeth, but not the overall body length . Further research would be needed to determine this characteristic.",leaf_litter|soil,,direct,,3,266B5D55F749FFDBFF7EFB504587FA77(plazi)|721B6E0C8C1AFFA5FF3825B9A9DC2358(plazi),"Based on the provided documents, *Hypogastrura distincta* inhabits soil and leaf litter under acacia (*Robinia pseudoacacia*) and box trees (*Buxus sp.*) in Iran . Additionally, the species is distributed across the Holarctic region and Australia .",1,NA,NA,NA,United Kingdom,,"53.1915,-3.0803",NA,,NA,Celtic_broadleaf_forests
Hypogastrura kelmendica,Hypogastrura,Hypogastruridae,3051843,species,,,,,0,,,,,,0,,,,,,,0,,,5,NA,NA,NA,Poland,,"50.74875,19.276278",NA,2022,NA,NA
Hypogastrura monticola,Hypogastrura,Hypogastruridae,1508190,species,,,,the sources contain no explicit statement about this species' diet,2,03CF878BFF9CC25E21F65936FDAAAAEE(plazi)|10.3897/subtbiol.35.54257(pmc),"Based on the provided documents, there is no specific information about the diet of *Hypogastrura monticola*. The sources mention its distribution and habitat but do not provide details on its feeding habits . Further research would be needed to determine its food sources.",,,,2,03CF878BFF9CC25E21F65936FDAAAAEE(plazi)|10.3897/subtbiol.35.54257(pmc),"Based on the provided documents, there is no specific mention of the body length of *Hypogastrura monticola*. The sources provide distribution and ecological information but do not include measurements or descriptions of body size .",soil,,direct,,2,03CF878BFF9CC25E21F65936FDAAAAEE(plazi)|10.3897/subtbiol.35.54257(pmc),"Based on the provided documents, *Hypogastrura monticola* is found in the Pyrenees region, specifically in the Hautes-Pyrénées, Ordon, Tarn, Aude, and Montagne Noire areas . The species inhabits soil environments, as indicated by the mention of ""cologie"" and ""sol"" in the context of its distribution .",2,NA,"R1M Lowland to montane, dry to mesic grassland usually dominated by Nardus stricta",soil corer,Germany,Baden-Wuerttemberg,"47.87,8.01",1470,2022,NA,NA
Hypogastrura purpurescens,Hypogastrura,Hypogastruridae,999745,species,,,,the sources contain no explicit statement about this species' diet,3,721B6E0C8C19FFA6FF3825A6A9102380(plazi)|9B0987D9243C6443FF38FCAD2DC54398(plazi)|03CF878BFF9CC25F227F5900FD0DAF21(plazi),"Based on the provided documents, there is no specific information about the diet or feeding habits of *Hypogastrura purpurescens*. The sources describe its ecological preferences and geographic distribution but do not mention what it feeds on .",,,,3,03CF878BFF9CC25F227F5900FD0DAF21(plazi)|9B0987D9243C6443FF38FCAD2DC54398(plazi)|721B6E0C8C19FFA6FF3825A6A9102380(plazi),"Based on the provided documents, there is no specific mention of the body length of *Hypogastrura purpurescens*. The sources discuss its distribution, ecology, and some morphological characteristics but do not provide measurements related to body size .",soil|cave|forest_wood,,direct,,3,721B6E0C8C19FFA6FF3825A6A9102380(plazi)|03CF878BFF9CC25F227F5900FD0DAF21(plazi)|9B0987D9243C6443FF38FCAD2DC54398(plazi),"Based on the provided documents, *Hypogastrura purpurescens* inhabits soil environments, specifically found in the soil of wheat fields and beneath pine (*Pinus brutia*) and oak trees in Iran . Additionally, it has been documented in various locations across Europe, including areas around Toulouse, Roscoff, and other regions with limestone caves or forests . The species is also noted to occur in oak forests within the Zagros Mountains in Iran .",8,Adult|adult|NA,"EUNIS G1.1; Riparian and gallery woodland, with dominant Alnus, Betula, Populus or Salix. Litter compost.|Sea shore|NA|Lush Salix thicket, streambank",NA|Soil/litter sample,Denmark|Finland|United Kingdom|Norway,Oppland,"56.04,9.692|60.154,24.865",NA,2014-2019,Temperate_Broadleaf_&_Mixed_Forest_simplify-0.001_buffered-0.018|NA,Baltic_mixed_forests|NA|English_Lowlands_beech_forests|Scandinavian_Montane_Birch_forest_and_grasslands
Hypogastrura sahlbergi,Hypogastrura,Hypogastruridae,30003,genus,,,,the sources contain no explicit statement about this species' diet,2,E03187B3FF90D447FF31F46AFB4CF92B(plazi)|10.11646/zootaxa.5147.1.1(pmc),"Based on the provided documents, there is no specific information about the diet of *Hypogastrura sahlbergi* . The sources mention its distribution and authorship but do not describe its feeding habits. Further research would be needed to determine its food source.",,,,2,E03187B3FF90D447FF31F46AFB4CF92B(plazi)|10.11646/zootaxa.5147.1.1(pmc),"Based on the provided documents, there is no specific mention of the body length of *Hypogastrura sahlbergi* . The sources discuss its taxonomy, distribution, and authorship but do not provide morphological measurements. Further research would be needed to determine its body length.",forest_wood,,direct,,2,E03187B3FF90D447FF31F46AFB4CF92B(plazi)|10.11646/zootaxa.5147.1.1(pmc),"Based on the provided documents, *Hypogastrura sahlbergi* is mentioned to be found in forest habitats in Vietnam, specifically in the Northeast region at Ph Th within the Xu n S n national park . However, its general distribution is noted as being primarily in Europe and northern Russia, with its presence in Vietnam considered doubtful .",3,Adult,"On snow, hazel forest",NA,Sweden,Kalmar,"56.649,16.6",NA,2015,NA,Sarmatic_mixed_forests
Hypogastrura socialis,Hypogastrura,Hypogastruridae,1458444,species,,,,the sources contain no explicit statement about this species' diet,8,38445549(medline)|721B6E0C8C18FFA7FF382185A93227A8(plazi)|03B387DE0E3FFFB7BF8DFAE07346E4AF(plazi)|102AA927FFEAFF8FFE1CFB38BA3EFA53(plazi)|03AA531A0F54353BFFA85CBFFB7EA7AD(plazi)|EDDAB5A9C93D5E8C9B2C0EEB86B47996(plazi)|9B0987D9243C6443FF38FA8B2EB741EB(plazi)|10.3897/subtbiol.35.54257(pmc),"Based on the provided documents, there is no specific information about the diet or feeding habits of *Hypogastrura socialis*. The source discusses the chemical structure and synthesis of socialane, a surface lipid from this species, but does not mention its dietary preferences . Further research would be needed to determine what *Hypogastrura socialis* feeds on.",,,,8,38445549(medline)|EDDAB5A9C93D5E8C9B2C0EEB86B47996(plazi)|10.3897/subtbiol.35.54257(pmc),"Based on the provided documents, there is no specific information given about the body length of *Hypogastrura socialis*. The source discusses the chemical structure and synthesis of socialane, a surface lipid from this species, but does not provide morphological data such as body length .",,,,the sources give no explicit habitat description for this species,8,38445549(medline)|102AA927FFEAFF8FFE1CFB38BA3EFA53(plazi)|721B6E0C8C18FFA7FF382185A93227A8(plazi)|9B0987D9243C6443FF38FA8B2EB741EB(plazi)|03B387DE0E3FFFB7BF8DFAE07346E4AF(plazi)|10.3897/subtbiol.35.54257(pmc),"Based on the provided documents, there is no specific information about the habitat of *Hypogastrura socialis*. The document primarily discusses the chemical structure and synthesis of socialane, a surface lipid found in this species, but does not mention its ecological or environmental habitat .",10,adult|NA,NA,Moss sample|NA,Finland|Estonia,,"64.087,24.533",NA,2019,Boreal_Forest_Taiga_simplify-0.1_buffered-0.018|NA,Scandinavian_and_Russian_taiga|Sarmatic_mixed_forests
Hypogastrura subboldorii,Hypogastrura,Hypogastruridae,999743,species,,,,the sources contain no explicit statement about this species' diet,2,03CF878BFF9DC25F20325AC2FD76ABF1(plazi),"Based on the provided documents, there is no specific information regarding the diet of *Hypogastrura subboldorii*. The sources mention its distribution and taxonomic details but do not describe its feeding habits .",,,,2,03CF878BFF93C251200E5E4CFE85A88D(plazi)|03CF878BFF9DC25F20325AC2FD76ABF1(plazi),"Based on the provided documents, there is no specific mention of the body length of *Hypogastrura subboldorii*. The sources discuss its distribution, taxonomy, morphology, and ecology but do not provide measurements , .",,synanthropic,,"the sources give no explicit habitat description for this species; categories inferred from locality, coordinates or altitude were not retained: synanthropic",2,03CF878BFF9DC25F20325AC2FD76ABF1(plazi),"Based on the provided documents, *Hypogastrura subboldorii* is found in Aude, specifically near Belcaire, and in Haute-Garonne at the Botanical Garden of Toulouse. It is also recorded from Pyrénées-Orientales at an elevation of 1300 meters . The specific habitat details beyond these locations are not explicitly mentioned in the given sources.",11,,NA,NA,France,,"46.64237,2.1940236|49.49364,0.16322",NA,2009-2011,NA,Western_European_broadleaf_forests|European_Atlantic_mixed_forests
Hypogastrura tullbergi,Hypogastrura,Hypogastruridae,30003,genus,,,,the sources contain no explicit statement about this species' diet,5,721B6E0C8C18FFA7FF3820A5A94124A4(plazi)|266B5D55F74DFFDFFF7EFB5646D1F8FF(plazi)|03CF878BFF9DC25C229A5FEDFE99AD20(plazi)|E03187B3FF90D458FF31F7F2FBA3FE63(plazi)|10.1093/biolinnean/blac127(pmc),"Based on the provided documents, there is no specific information regarding the diet of *Hypogastrura tullbergi*. The sources describe its ecology, habitat, and distribution but do not mention feeding habits . Further research would be needed to determine its dietary preferences.",,,,5,266B5D55F74DFFDFFF7EFB5646D1F8FF(plazi)|721B6E0C8C18FFA7FF3820A5A94124A4(plazi)|03CF878BFF9DC25C229A5FEDFE99AD20(plazi)|E03187B3FF90D458FF31F7F2FBA3FE63(plazi)|10.1093/biolinnean/blac127(pmc),"Based on the provided documents, there is no specific mention of the body length of *Hypogastrura tullbergi*. The sources discuss taxonomy, distribution, and ecology but do not provide morphological measurements such as body length .",synanthropic|soil|forest_wood|grassland|agricultural,,direct,,5,E03187B3FF90D458FF31F7F2FBA3FE63(plazi)|721B6E0C8C18FFA7FF3820A5A94124A4(plazi)|10.1093/biolinnean/blac127(pmc),"Based on the provided documents, *Hypogastrura tullbergi* inhabits various environments including forests, grasslands, cultivated lands, gardens, and urban soils in Vietnam . Additionally, it is found in soil habitats across different regions, including Iran . The species has a holarctic distribution, indicating its presence in multiple geographic areas .",3,Adult,Arctic tundra,NA,Norway,Svalbard,"79.252,20.134",NA,2013,NA,NA
Hypogastrura vernalis,Hypogastrura,Hypogastruridae,187634,species,,,,the sources contain no explicit statement about this species' diet,9,30743842(medline)|1E482D44FFE8F479FF36F8A4903FFF16(plazi)|03CF878BFF9EC25C20085E4CFD5EAF83(plazi)|721B6E0C8C18FFA7FF3823A1A95E2584(plazi)|502187F3DD4EFF88FF34FF5E0AA4FE28(plazi)|03DD371FFFA5FFD134F6F81BFB56FE5B(plazi)|03AA531A0F54353BFFA85D88FC01A4E9(plazi),"Based on the provided documents, Hypogastrura vernalis is mentioned as a species that is sensitive to alkalinity and red mud components . However, the specific diet of Hypogastrura vernalis is not detailed in the given sources. The documents focus on its ecological presence and sensitivity rather than its feeding habits .",,,,9,26240904(medline)|30743842(medline)|1E482D44FFE8F479FF36F8A4903FFF16(plazi)|03CF878BFF9EC25C20085E4CFD5EAF83(plazi)|502187F3DD4EFF88FF34FF5E0AA4FE28(plazi)|721B6E0C8C18FFA7FF3823A1A95E2584(plazi)|03DD371FFFA5FFD134F6F81BFB56FE5B(plazi)|03AA531A0F54353BFFA85D88FC01A4E9(plazi),"Based on the provided documents, there is no specific mention of the body length of *Hypogastrura vernalis*. The sources discuss its presence in certain regions and its sensitivity to environmental factors but do not provide measurements related to its body size .",,forest_wood,,the sources give no explicit habitat description for this species,9,30743842(medline)|26240904(medline)|03DD371FFFA5FFD134F6F81BFB56FE5B(plazi)|721B6E0C8C18FFA7FF3823A1A95E2584(plazi)|03AA531A0F54353BFFA85D88FC01A4E9(plazi)|502187F3DD4EFF88FF34FF5E0AA4FE28(plazi),"Based on the provided documents, *Hypogastrura vernalis* is mentioned in both contaminated and non-contaminated environments. It has been reported in red mud affected open habitats and woodlands , and also in the Taya Region of northeastern Algeria . However, specific details about its preferred habitat are not explicitly described in the sources.",3,Adult,EUNIS J4; Transport networks and other constructed hard-surfaced areas. Disturbed construction area|NA,NA,Denmark|France,,"55.664,12.56|46.64237,2.1940236",NA,2019,Temperate_Broadleaf_&_Mixed_Forest_simplify-0.001_buffered-0.018|NA,NA|Western_European_broadleaf_forests
Hypogastrura viatica,Hypogastrura,Hypogastruridae,367843,species,algivore,herbivore|microbivore|detritivore,experimental,the sources contain no explicit statement about this species' diet; evidence from laboratory feeding experiments; may not reflect the diet in the field; no explicit diet statement in the sources; value inferred,14,34352120(medline)|16896776(medline)|03CF878BFF9EC25C21F85CD0FD67AA05(plazi)|03EE284EFFF71D01FF02FC09FC732729(plazi)|266B5D55F74DFFDCFF7EF8E04684FDA2(plazi)|03AA531A0F54353BFFA85EA5FC9CA5A7(plazi)|102AA927FFEEFF8CFDA8FD53BBBFFB0C(plazi)|PMC10724306(pmc)|PMC11376146(pmc),"Based on the provided documents, there is no direct mention of what Hypogastrura viatica feeds on. However, document  discusses the dietary preferences of Hypogastrura viatica in relation to food element composition, indicating that they can consume green algae Raphidocelis subcapitata. Document  mentions that Hypogastrura viatica was exposed to imidacloprid through soil or diet, suggesting that they may obtain nutrients from soil or plant material. Therefore, Hypogastrura viatica likely feeds on microorganisms, detritus, and possibly plant matter, but specific details about their diet are not explicitly stated in the given sources , .",,,,14,30196888(medline)|37989986(medline)|21396373(medline)|28308711(medline)|34352120(medline)|39246360(medline)|266B5D55F74DFFDCFF7EF8E04684FDA2(plazi)|03CF878BFF9EC25C21F85CD0FD67AA05(plazi)|03AA531A0F54353BFFA85EA5FC9CA5A7(plazi)|03EE284EFFF71D01FF02FC09FC732729(plazi)|102AA927FFEEFF8CFDA8FD53BBBFFB0C(plazi)|PMC11376146(pmc),"Based on the provided documents, there is no specific mention of the body length of *Hypogastrura viatica*. The sources discuss various biological characteristics and responses of this species but do not provide measurements related to body length .",soil|moss_lichen,,direct,,14,31589028(medline)|28308711(medline)|266B5D55F74DFFDCFF7EF8E04684FDA2(plazi)|03EE284EFFF71D01FF02FC09FC732729(plazi)|PMC10724306(pmc),"Based on the provided documents, *Hypogastrura viatica* inhabits soil and moss environments, specifically under seabird cliffs in the Arctic tundra . It is a soil-dwelling springtail that can also be found in association with mosses . Additionally, it exhibits behaviors related to locomotion and gregariousness within these habitats .",22,NA|Adult|adult,NA|EUNIS C3.64; Exposed unvegetated freshwater lake sands and shingles. Flushed organic matter at lakeshore|Sea shore|Seashore,NA|Soil/litter sample|Seaweed from rocky beach|Seaweed (Fucus) from sandy beach,France|Denmark|Finland,,"-46.38979,51.8092|-49.3541,70.01931",47|4,2016-2019,NA|Temperate_Broadleaf_&_Mixed_Forest_simplify-0.001_buffered-0.018,Southern_Indian_Ocean_Islands_tundra|Baltic_mixed_forests|Scandinavian_and_Russian_taiga|NA
Isotoma anglicana,Isotoma,Isotomidae,247611,species,,microbivore|detritivore,,the sources contain no explicit statement about this species' diet; predation relationship runs the other way; species is the prey,10,14629361(medline)|877F1C3EFFC76F4E227E5BFAFA8AF9F2(plazi)|721B6E0C8C3EFF81FF382405A94123C4(plazi)|266B5D55F706FF94FF7EFF74450CFDC0(plazi)|PMC7240498(pmc),"Based on the provided documents, Isotoma anglicana is primarily a detritivore, feeding on organic matter such as plant debris and microorganisms in soil environments . It serves as prey for various predators including spiders, where its DNA can be detected in predator guts up to 24 hours post-consumption . There is no direct mention of specific food items consumed by Isotoma anglicana itself in the given texts.",,,,10,21396373(medline)|14629361(medline)|12009804(medline)|266B5D55F706FF94FF7EFF74450CFDC0(plazi)|721B6E0C8C3EFF81FF382405A94123C4(plazi)|877F1C3EFFC76F4E227E5BFAFA8AF9F2(plazi)|PMC7240498(pmc),"Based on the provided documents, there is no specific mention of the body length of *Isotoma anglicana*. The sources discuss its ecological roles, interactions with pathogens, and presence in various habitats but do not provide morphological measurements .",alpine_glacier|soil,,direct,,10,21396373(medline)|32260571(medline)|721B6E0C8C3EFF81FF382405A94123C4(plazi)|266B5D55F706FF94FF7EFF74450CFDC0(plazi)|PMC11652110(pmc)|PMC7240498(pmc),"Based on the provided documents, *Isotoma anglicana* is found in Arctic environments, specifically in areas near glaciers, such as the forelands of retreating glaciers in the High Arctic . It is also noted as a common species in soil arthropod communities, indicating its presence in terrestrial soils, possibly in temperate regions . However, specific details about its exact habitat preferences beyond these general locations are not elaborated upon in the given sources.",12,adult|NA|Adult,NA|Meadow|Arctic tundra,NA|Soil/litter sample,Germany|Norway|Finland,Bavaria|Svalbard,"49.0151,12.1016|79.557,11.007|80.035,18.685",423|NA,2013-2020,NA|Boreal_Forest_Taiga_simplify-0.1_buffered-0.018,Western_European_broadleaf_forests|Russian_Arctic_desert|Scandinavian_and_Russian_taiga
Isotoma caerulea,Isotoma,Isotomidae,308473,species,microbivore|herbivore,,direct,,4,35070508(medline)|39097082(medline)|266B5D55F706FF94FF7EFD42450CFC85(plazi)|PMC8761369(pmc),"Based on the provided documents, Isotoma caerulea feeds on important resources such as young plant material and microorganisms . Additionally, it has the ability to synthesize polyunsaturated fatty acids, suggesting a dietary intake that supports this biochemical process .",,,,4,35070508(medline)|39097082(medline)|266B5D55F706FF94FF7EFD42450CFC85(plazi)|PMC8761369(pmc),"Based on the provided documents, there is no specific information regarding the body length of *Isotoma caerulea*. The sources discuss dietary habits, trophic niches, and fatty acid metabolism but do not provide measurements related to body length , .",,soil,,the sources give no explicit habitat description for this species; no explicit habitat description in the sources; value inferred,4,35070508(medline)|266B5D55F706FF94FF7EFD42450CFC85(plazi)|PMC8761369(pmc),"Based on the provided documents, Isotoma caerulea is part of the soil fauna, specifically mentioned as a Collembola species that utilizes important resources such as fresh plant material . The document does not provide specific details about its exact habitat beyond being associated with soil environments.",2,NA,"R1, Dry grasslands|C3.6, Unvegetated or sparsely vegetated shores with soft or mobile sediments",soil corer|NA,Germany,Baden-Wuerttemberg|Saxony,"47.6,8.36|51.1184,14.9913",610|189,2012-2022,NA|Temperate_Broadleaf_&_Mixed_Forest_simplify-0.001_buffered-0.018,NA|Western_European_broadleaf_forests
Isotoma riparia,Isotoma,Isotomidae,252253,species,,predator,,the sources contain no explicit statement about this species' diet; no explicit diet statement in the sources; value inferred,3,29224117(medline)|721B6E0C8C3EFF81FF38261DA97A21FC(plazi)|PMC5799326(pmc),"Based on the provided documents, there is no specific information about the diet of *Isotoma riparia*. The document discusses the thermal tolerance of this species relative to its predators but does not mention its feeding habits . Further research would be needed to determine what *Isotoma riparia* feeds on.",,,,3,29224117(medline)|721B6E0C8C3EFF81FF38261DA97A21FC(plazi)|PMC5799326(pmc),"Based on the provided documents, the body length of *Isotoma riparia* is not specified . Further research or direct measurement would be required to determine this characteristic.",soil,,direct,,3,29224117(medline)|721B6E0C8C3EFF81FF38261DA97A21FC(plazi)|PMC5799326(pmc),"Based on the provided documents, Isotoma riparia inhabits soil environments, as it is described as a soil arthropod . The study focuses on its heat tolerance within soil communities, indicating its ecological role in such habitats. No further specific details about its exact habitat preferences are given in the source text.",14,Adult|adult|immature|NA,"EUNIS E3.41; Atlantic and sub-Atlantic humid meadows. Meadow next to lakeshore, open grassland|Lake shore|Sea shore|Coniferous forest|Peatland|NA|Shore of lake",NA|Pitfall trap|Soil/litter sample|Litter from decaying spruce stump|Decaying wood and Carex litter|Moss sample,Denmark|Finland|Estonia|Sweden,Vastra Gotaland,"56.04,9.696|61.684,26.487|60.436,26.865",NA|94|19,2014-2020,Temperate_Broadleaf_&_Mixed_Forest_simplify-0.001_buffered-0.018|Boreal_Forest_Taiga_simplify-0.1_buffered-0.018|NA,Baltic_mixed_forests|Scandinavian_and_Russian_taiga|Sarmatic_mixed_forests
Isotoma viridis,Isotoma,Isotomidae,187635,species,,,,the sources contain no explicit statement about this species' diet,11,28311073(medline)|11042967(medline)|28310134(medline)|14686939(medline)|E03187B3FFFED429FF31F2C3FD3EFBEB(plazi)|03BB5233FF80FFCDE5DA615426B0FD4A(plazi)|266B5D55F706FF94FF7EFDE743A7FD27(plazi)|DE3DBD36FFDCDC73E3B6FB46FAACF9CB(plazi)|266B5D55F724FFB7FF7EF981448CFF4D(plazi)|03AA531A0F5F3530FF585F64FCC1A23A(plazi)|10.1111/zoj.12220(pmc),"Based on the provided documents, there is no specific information regarding the diet of *Isotoma viridis*. The sources discuss its ecological strategies, such as surviving submersion in the egg stage and interactions with earthworms, but do not mention feeding habits . Further research would be needed to determine its dietary preferences.",,,,11,28311073(medline)|14686939(medline)|28310134(medline)|11042967(medline)|03BB5233FF80FFCDE5DA615426B0FD4A(plazi)|E03187B3FFFED429FF31F2C3FD3EFBEB(plazi)|266B5D55F706FF94FF7EFDE743A7FD27(plazi)|DE3DBD36FFDCDC73E3B6FB46FAACF9CB(plazi)|266B5D55F724FFB7FF7EF981448CFF4D(plazi)|03AA531A0F5F3530FF585F64FCC1A23A(plazi)|10.1111/zoj.12220(pmc),"Based on the provided documents, there is no specific mention of the body length of *Isotoma viridis*. The sources discuss ecological strategies, genetic studies, and interactions with other species, but do not provide morphological measurements . Further research would be needed to determine this characteristic.",floodplain,,direct,,11,28310134(medline)|28311073(medline)|721B6E0C8C3DFF82FF382185A8572438(plazi)|03E5878DFFC1FFA6FF5DFB9D87E0FA18(plazi)|10.1111/zoj.12220(pmc),"Based on the provided documents, *Isotoma viridis* inhabits environments subject to annual long-term flooding, specifically the flood plains of the Eder Freshwater Reservoir in Germany . This species survives prolonged submersion in the egg stage under water and hatches immediately following the floods .",67,Adult|immature|adult|NA,"EUNIS C3.232; Typha angustifolia beds. By waterhole.|Mountain birch forest|Sea shore|Alpine|Peatland|NA|Coniferous forest|Garden|Lake shore|R1M Lowland to montane, dry to mesic grassland usually dominated by Nardus stricta|R16, Perennial rocky grassland of Central and South-Eastern Europe|R1, Dry grasslands|Alpine meadow",NA|Soil/litter sample|Pitfall Trap|Pitfall trap|Moss sample|soil corer|Pan Trap|Malaise Trap,Denmark|Finland|United Kingdom|France|Estonia|Germany|Norway,Normandie|Baden-Wuerttemberg|Telemark|Oppland|More og Romsdal,"56.049,9.648|69.808,27.176|60.179,24.986",NA,2001-2022,Temperate_Broadleaf_&_Mixed_Forest_simplify-0.001_buffered-0.018|Tundra_simplify-0.001_buffered-0.018|Boreal_Forest_Taiga_simplify-0.1_buffered-0.018|NA,Baltic_mixed_forests|Scandinavian_Montane_Birch_forest_and_grasslands|NA|Scandinavian_and_Russian_taiga|Celtic_broadleaf_forests|Sarmatic_mixed_forests|European_Atlantic_mixed_forests|English_Lowlands_beech_forests
Isotomiella minor,Isotomiella,Isotomidae,370032,species,,fungivore,,the sources contain no explicit statement about this species' diet; no explicit diet statement in the sources; value inferred,14,28313106(medline)|03BC87BC7265FF9EFF07FF5AC8AFFEA4(plazi)|502187F3DD58FF9EFF34FB4E0A79FA60(plazi)|721B6E0C8C3FFF80FF382184A85A2488(plazi)|03B387DE0E3BFFB3BF8DF9B67575E655(plazi)|03CF878BFFA9C26822A75AEBFC02AD69(plazi)|266B5D55F77AFFE8FF7EFB0844FFF9FC(plazi)|PMC5769716(pmc)|PMC12280966(pmc),"Based on the provided documents, Isotomiella minor is noted to feed on fungi, specifically showing a preference for metal-tolerant fungi compared to other species like Folsomia fimetarioides . There is no direct mention of specific food items beyond fungal substrates in the given texts.",,,,14,28313106(medline)|42005799(medline)|19303182(medline)|11042967(medline)|29362535(medline)|26111101(medline)|721B6E0C8C3FFF80FF382184A85A2488(plazi)|502187F3DD58FF9EFF34FB4E0A79FA60(plazi)|03CF878BFFA9C26822A75AEBFC02AD69(plazi)|03BC87BC7265FF9EFF07FF5AC8AFFEA4(plazi)|03B387DE0E3BFFB3BF8DF9B67575E655(plazi)|266B5D55F77AFFE8FF7EFB0844FFF9FC(plazi)|PMC12280966(pmc)|PMC5769716(pmc),"Based on the provided documents, the specific body length of *Isotomiella minor* is not mentioned . Therefore, no precise measurement can be given from the available information.",synanthropic|soil|forest_wood|freshwater,,direct,,14,42005799(medline)|19303182(medline)|29362535(medline)|11042967(medline)|03B387DE0E3BFFB3BF8DF9B67575E655(plazi)|E03187B3FFFDD42BFF31F2E7FD40FE3B(plazi)|03E5878DFFC2FFA5FFAEFE298265FC77(plazi)|PMC12280966(pmc),"Based on the provided documents, *Isotomiella minor* inhabits both natural and urban environments. It is found in natural habitats such as forest soils , riparian areas , and undisturbed deciduous forest soils . Additionally, it has been recorded in urban habitats where it shows lower cold tolerance compared to populations from colder natural habitats .",117,adult|NA,"NA|Mountain birch forest|Coniferous forest|R1, Dry grasslands|G3.1, Fir and spruce woodland",NA|Soil/litter sample|soil corer,Spain|France|Moldova|Finland|Germany|Greece|Austria|Poland|Norway|Croatia|Montenegro|United Kingdom|Estonia|Denmark|Italy|Slovenia,Catalonia|Tyrol|Baden-Wuerttemberg,"NA|42.484978,2.847305",NA,2009-2022,NA|Tundra_simplify-0.001_buffered-0.018|Boreal_Forest_Taiga_simplify-0.1_buffered-0.018|Temperate_Broadleaf_&_Mixed_Forest_simplify-0.001_buffered-0.018,NA|Northeast_Spain_and_Southern_France_Mediterranean_forests|Central_European_mixed_forests|Pyrenees_conifer_and_mixed_forests|Scandinavian_Montane_Birch_forest_and_grasslands|Scandinavian_and_Russian_taiga|Western_European_broadleaf_forests|Iberian_sclerophyllous_and_semi-deciduous_forests|Aegean_and_Western_Turkey_sclerophyllous_and_mixed_forests|Pannonian_mixed_forests|Dinaric_Mountains_mixed_forests|Celtic_broadleaf_forests|Sarmatic_mixed_forests|Baltic_mixed_forests|Italian_sclerophyllous_and_semi-deciduous_forests|European_Atlantic_mixed_forests
Isotomiella paraminor,Isotomiella,Isotomidae,2905846,species,,,,the sources contain no explicit statement about this species' diet,1,03CF878BFFAAC26822A25E8CFA4DAEDD(plazi),"Based on the provided documents, there is no specific information given about the diet or feeding habits of *Isotomiella paraminor* . The sources mention its distribution and taxonomy but do not provide details on its food source. Further research would be needed to determine what *Isotomiella paraminor* feeds on.",,,,1,03CF878BFFAAC26822A25E8CFA4DAEDD(plazi),"Based on the provided documents, there is no specific mention of the body length of *Isotomiella paraminor*. The sources provide distribution and ecological information but do not include measurements related to body size .",,,,the sources give no explicit habitat description for this species,1,03CF878BFFAAC26822A25E8CFA4DAEDD(plazi),"Based on the provided documents, *Isotomiella paraminor* is found in the valleys of Bethmale and the Cirque Campuls area within the Hautes-Pyrénées and Central Pyrenees regions . The specific habitats mentioned include these mountainous areas, suggesting it inhabits high-altitude environments. However, detailed ecological preferences or specific microhabitats are not explicitly described in the given sources.",9,NA,"R1M Lowland to montane, dry to mesic grassland usually dominated by Nardus stricta|R1, Dry grasslands",soil corer,Germany,Baden-Wuerttemberg,"47.87,8.01|47.9,8.07",1470|970,2022,NA,NA
Isotomodes trisetosus,Isotomodes,Isotomidae,1184818,genus,,,,the sources contain no explicit statement about this species' diet,2,03CF878BFFABC26922BD5E4EFBA7AE57(plazi)|03EA87B2FFA3FFF6FF26FD6CFD0799EB(plazi),"Based on the provided documents, there is no specific information given about the diet of *Isotomodes trisetosus* , . The sources mention its distribution and habitat but do not provide details on feeding habits. Further research would be needed to determine its food source.",,,,2,03CF878BFFABC26922BD5E4EFBA7AE57(plazi)|03EA87B2FFA3FFF6FF26FD6CFD0799EB(plazi),"Based on the provided documents, there is no specific information given about the body length of *Isotomodes trisetosus* , . Further research would be needed to determine this characteristic.",forest_wood,,direct,,2,03EA87B2FFA3FFF6FF26FD6CFD0799EB(plazi),"Based on the provided documents, *Isotomodes trisetosus* inhabits secondary forests or disturbed habitats below 1000 meters in its distribution area . The specific habitats in Thailand include areas such as Chiang Mai, Mae Hong Son, Kanchanaburi, and Surat Thani .",4,Adult,NA|Seashore meadow,NA,Moldova|Norway,Vestfold,"47.3,28.95|59.141,10.468",NA,2011-2014,NA,Central_European_mixed_forests|NA
Isotomurus alticolus,Isotomurus,Isotomidae,36142,genus,,,,the sources contain no explicit statement about this species' diet,3,03CF878BFFABC26922BC5DF0FA6CA983(plazi)|E03187B3FFFAD42DFF31F0A6FBAFFD43(plazi)|10.11646/zootaxa.5147.1.1(pmc),"Based on the provided documents, there is no specific information regarding the diet or feeding habits of *Isotomurus alticolus* , . The sources primarily focus on its distribution and taxonomy rather than ecological interactions such as food sources. Further research would be needed to determine its dietary preferences.",,,,3,E03187B3FFFAD42DFF31F0A6FBAFFD43(plazi)|03CF878BFFABC26922BC5DF0FA6CA983(plazi)|10.11646/zootaxa.5147.1.1(pmc),"Based on the provided documents, there is no specific mention of the body length of *Isotomurus alticolus* , . The sources primarily discuss the distribution and taxonomy of this species but do not provide morphological measurements. Further research would be needed to determine its body length.",,agricultural|cave|alpine_glacier,,the sources give no explicit habitat description for this species,3,E03187B3FFFAD42DFF31F0A6FBAFFD43(plazi)|03CF878BFFABC26922BC5DF0FA6CA983(plazi),"Based on the provided documents, *Isotomurus alticolus* is found in cultivated land in Vietnam . Additionally, it inhabits various locations in France, including areas such as the Alps-Maritimes, Haute-Savoie, and others, typically associated with mountainous regions . The specific habitats mentioned include caves, glacial areas, and proximity to water sources like springs. However, no detailed ecological preferences or environmental conditions are explicitly described in the sources.",2,,cave,pitfall traps,Italy,,"45.692295,11.103084|45.692295,11.103083",NA,2022,NA,NA
Isotomurus antennalis,Isotomurus,Isotomidae,370027,species,,,,the sources contain no explicit statement about this species' diet,4,03B574701C29FFFDFCCDFEFAFDCCBBF3(plazi)|833087A1FFFAFF9A72ADFB55FCD638E4(plazi)|721B6E0C8C3DFF82FF382275AE002214(plazi)|03CF878BFFABC26922AB5AE8FA7AAAD2(plazi),"Based on the provided documents, there is no specific information about the diet or feeding habits of *Isotomurus antennalis*. The sources describe morphological characteristics, distribution, and ecological preferences but do not mention its food source . Further research would be needed to determine its dietary preferences.",,,,4,03CF878BFFABC26922AB5AE8FA7AAAD2(plazi)|03B574701C29FFFDFCCDFEFAFDCCBBF3(plazi)|721B6E0C8C3DFF82FF382275AE002214(plazi)|833087A1FFFAFF9A72ADFB55FCD638E4(plazi),"Based on the provided documents, there is no specific mention of the body length of *Isotomurus antennalis*. The sources describe ecological preferences, geographic distribution, and morphological characteristics but do not provide measurements related to body size , , , . Further research or direct measurement would be required to determine this parameter.",grassland|soil,,direct,,4,721B6E0C8C3DFF82FF382275AE002214(plazi)|03CF878BFFABC26922AB5AE8FA7AAAD2(plazi),"Based on the provided documents, *Isotomurus antennalis* inhabits soil environments in grasslands and meadows in Iran . Additionally, it has been recorded in regions such as Camargue in France and the Morvan region, suggesting a broader distribution across different habitats .",7,Adult,"On pond|Pond, back dune area.",NA,Sweden|Norway,Kalmar|Rogaland,"56.214,16.432|58.536,5.723",NA,2014-2015,NA,Sarmatic_mixed_forests|NA
Isotomurus balteatus,Isotomurus,Isotomidae,39401,species,,,,the sources contain no explicit statement about this species' diet,5,721B6E0C8C3DFF82FF382571A9C22310(plazi)|03CF878BFFD4C216200A5FEDFD4AAF3C(plazi)|EE1F0137FFD6FFFCFF2E999F57C3FE9B(plazi)|E03187B3FFFAD42DFF31F22AFD40FB5B(plazi),"Based on the provided documents, there is no specific information regarding the diet or feeding habits of *Isotomurus balteatus*. The sources primarily discuss its taxonomy, distribution, and ecological preferences, such as inhabiting forest leaf litter or urban soils, but do not mention its food source . Further research would be required to determine its dietary characteristics.",,,,5,EE1F0137FFD6FFFCFF2E999F57C3FE9B(plazi)|03CF878BFFD4C216200A5FEDFD4AAF3C(plazi)|E03187B3FFFAD42DFF31F22AFD40FB5B(plazi)|721B6E0C8C3DFF82FF382571A9C22310(plazi)|0D38B345FFBF1D05D952FC81335274F3(plazi),"Based on the provided documents, there is no specific information regarding the body length of *Isotomurus balteatus*. The sources mention its distribution, taxonomy, and ecology but do not provide measurements related to body size . Further research or reference to morphological studies would be required to determine this characteristic.",leaf_litter|soil|forest_wood|synanthropic,grassland,direct,"categories inferred from locality, coordinates or altitude were not retained: grassland",5,721B6E0C8C3DFF82FF382571A9C22310(plazi)|E03187B3FFFAD42DFF31F22AFD40FB5B(plazi)|EE1F0137FFD6FFFCFF2E999F57C3FE9B(plazi),"Based on the provided documents, *Isotomurus balteatus* inhabits forest leaf litter in Iran , urban soils in Vietnam , and Shola Grasslands in India . Its exact distribution remains uncertain due to potential confusion with related species .",2,adult,Peatland,Decaying wood and Carex litter,Finland,,"68.534,27.525",190,2020,Boreal_Forest_Taiga_simplify-0.1_buffered-0.018,Scandinavian_and_Russian_taiga
Isotomurus cassagnaui,Isotomurus,Isotomidae,2083174,species,,,,the sources contain no explicit statement about this species' diet,2,721B6E0C8C3DFF82FF38244DAE5B200D(plazi)|03CF878BFFD4C21621B35C46FE27A8D1(plazi),"Based on the provided documents, there is no specific information about the diet or feeding habits of *Isotomurus cassagnaui* , . The sources describe its ecological preferences and geographic distribution but do not mention what it feeds on.",,,,2,721B6E0C8C3DFF82FF38244DAE5B200D(plazi)|03CF878BFFD4C21621B35C46FE27A8D1(plazi),"Based on the provided documents, there is no specific mention of the body length of *Isotomurus cassagnaui* , . The sources describe its ecology, habitat, and distribution but do not provide morphological measurements. Further research would be needed to determine this characteristic.",soil,,direct,,2,721B6E0C8C3DFF82FF38244DAE5B200D(plazi)|03CF878BFFD4C21621B35C46FE27A8D1(plazi),"Based on the provided documents, *Isotomurus cassagnaui* inhabits the soil of rapeseed fields (*Brassica napus*) in Iran . In France, it is found in humid zones, including areas such as Haute-Garonne and the Pyrenees region .",4,,NA,NA,France,,"43.015,0.734111",455,2010,NA,Pyrenees_conifer_and_mixed_forests
Isotomurus gallicus,Isotomurus,Isotomidae,2083175,species,,,,the sources contain no explicit statement about this species' diet,1,03CF878BFFD4C216250E5FEDFB67ADF8(plazi),"Based on the provided documents, there is no specific information given about the diet of *Isotomurus gallicus* . The sources mention its distribution and some taxonomic details but do not provide data on feeding habits. Further research would be needed to determine its dietary preferences.",,,,1,03CF878BFFD4C216250E5FEDFB67ADF8(plazi),"Based on the provided documents, there is no specific information given about the body length of *Isotomurus gallicus*. The sources mention its distribution and some taxonomic details but do not provide measurements . Further research would be needed to determine its body length.",,,,,1,03CF878BFFD4C216250E5FEDFB67ADF8(plazi),"Based on the provided documents, *Isotomurus gallicus* is found at an altitude of 1350 m in the area of Freychin de . The species has also been recorded in Tarn, specifically near Larroque . These locations suggest that the habitat of *Isotomurus gallicus* includes mountainous regions at high elevations.",7,NA|Adult,"NA|Dry meadow, E-slope",NA,France|Norway,Vest-Agder,"44.013,1.689",NA,2014-2015,NA,European_Atlantic_mixed_forests|Sarmatic_mixed_forests
Isotomurus graminis,Isotomurus,Isotomidae,1184803,species,,,,the sources contain no explicit statement about this species' diet,6,33056819(medline)|03E5878DFFC1FFA6FF5DFA4683B9F96D(plazi)|721B6E0C8C3CFF83FF382185AE062745(plazi),"Based on the provided documents, there is no specific information regarding the diet or feeding habits of *Isotomurus graminis*. The sources primarily discuss taxonomic classification and identification of the species rather than its ecological niche or dietary preferences . Further research would be needed to determine its feeding behavior.",,,,6,33056819(medline)|03C54558BD24FFF01498FF270CE8F954(plazi),"Based on the provided documents, the body length of *Isotomurus graminis* is not specified . The text discusses morphological characteristics such as the type of chaetae but does not provide measurements. Further research would be needed to determine the exact body length.",,leaf_litter|soil,,the sources give no explicit habitat description for this species; no explicit habitat description in the sources; value inferred,6,33056819(medline)|721B6E0C8C3CFF83FF382185AE062745(plazi)|03E5878DFFC1FFA6FF5DFA4683B9F96D(plazi),"Based on the provided documents, the specific habitat of *Isotomurus graminis* is not explicitly mentioned. However, given its classification within the family Isotomidae, which typically includes springtails found in moist environments such as soil, leaf litter, or under stones, it is likely that *I. graminis* inhabits similar microhabitats . Further details would require additional ecological studies.",13,Adult|adult,"EUNIS E3.41; Atlantic and sub-Atlantic humid meadows. Meadow next to lakeshore, open grassland|Pond shore|Sphagnum bog|Salix litter along stream|E3.4, Moist or wet eutrophic and mesotrophic grassland",NA|Moss sample,Denmark|Finland|Norway|Germany,Vestfold|Oppland|Saxony,"56.04,9.696|66.76,28.77",NA|287,2013-2020,Temperate_Broadleaf_&_Mixed_Forest_simplify-0.001_buffered-0.018|Boreal_Forest_Taiga_simplify-0.1_buffered-0.018|NA,Baltic_mixed_forests|Scandinavian_and_Russian_taiga|Scandinavian_Montane_Birch_forest_and_grasslands|Western_European_broadleaf_forests
Isotomurus maculatus,Isotomurus,Isotomidae,36143,species,microbivore|herbivore,,direct,,12,35070508(medline)|721B6E0C8C3CFF83FF382299A9D82278(plazi)|03C54558BD24FFF01498FF270CE8F954(plazi)|502187F3DD59FF9FFF34FE130CD2FD9C(plazi)|03C54558BD2DFFFF1498F974086FF879(plazi)|03CF878BFFD4C21622945D2BFA52A9B0(plazi)|PMC8761369(pmc)|PMC3046923(pmc),"Based on the provided documents, Isotomurus maculatus feeds on important resources such as living plant material and microorganisms. Specifically, it consumes younger plant materials and microorganisms, which are crucial for its nutrition . The dietary habits of this species are reflected in its isotopic signatures, which indicate a reliance on these food sources .",,,,12,21356109(medline)|35070508(medline)|21356127(medline)|37044858(medline)|03C54558BD24FFF01498FF270CE8F954(plazi)|PMC3046923(pmc)|PMC3065449(pmc)|PMC8761369(pmc),"Based on the provided documents, there is no specific mention of the body length of *Isotomurus maculatus*. The sources describe various aspects of the species, such as its ecological role, genetic characteristics, and morphological traits like color patterns and setae counts, but do not provide measurements related to body length .",,soil|agricultural,,the sources give no explicit habitat description for this species; no explicit habitat description in the sources; value inferred,12,35070508(medline)|721B6E0C8C3CFF83FF382299A9D82278(plazi)|03C54558BD2DFFFF1498F974086FF879(plazi)|502187F3DD59FF9FFF34FE130CD2FD9C(plazi)|PMC3065449(pmc),"Based on the provided documents, Isotomurus maculatus is a Collembola species found in environments where it utilizes important resources such as fresh plant material and microorganisms. It is specifically mentioned in the context of being a study subject in agricultural settings, suggesting its presence in soil ecosystems associated with plants and microbial communities . The exact habitat details are not explicitly described in the given texts.",5,Adult|NA,"EUNIS E3.41; Atlantic and sub-Atlantic humid meadows. Meadow next to lakeshore, open grassland|EUNIS J4; Transport networks and other constructed hard-surfaced areas. Disturbed construction area|NA|X22, Small city centre non-domestic gardens",NA,Denmark|United Kingdom|Germany,North Rhine-Westphalia,"56.04,9.696|55.664,12.56",NA,2013-2019,Temperate_Broadleaf_&_Mixed_Forest_simplify-0.001_buffered-0.018|NA,Baltic_mixed_forests|NA|English_Lowlands_beech_forests|Western_European_broadleaf_forests
Isotomurus palustris,Isotomurus,Isotomidae,36144,species,,,,the sources contain no explicit statement about this species' diet,10,15093010(medline)|15526861(medline)|E03187B3FFFAD42DFF31F422FD40F92B(plazi)|E03187B3FFF8D42FFF31F29BFCADFB5B(plazi)|03CF878BFFD4C21620075A28FD68ABF1(plazi)|721B6E0C8C3CFF83FF382595A9D823BC(plazi)|03CF878BFFD5C217200C5E4DFA4DAFEF(plazi)|03C08371CC50FF9ABDBC2793FC7CFE75(plazi),"Based on the provided documents, there is no specific information about the diet of *Isotomurus palustris*. The sources discuss its behavior in relation to copper contamination and its presence in certain soil types, but do not mention feeding habits . Further research would be needed to determine its dietary preferences.",,,,10,15093010(medline)|15526861(medline)|37044858(medline)|E03187B3FFF8D42FFF31F29BFCADFB5B(plazi)|E03187B3FFFAD42DFF31F422FD40F92B(plazi)|03CF878BFFD4C21620075A28FD68ABF1(plazi)|721B6E0C8C3CFF83FF382595A9D823BC(plazi)|03C08371CC50FF9ABDBC2793FC7CFE75(plazi)|03CF878BFFD5C217200C5E4DFA4DAFEF(plazi),"Based on the provided documents, there is no specific mention of the body length of *Isotomurus palustris*. The sources discuss various aspects of *Isotomurus palustris*, such as its behavior toward copper, distribution, and morphological characteristics like color patterns and setae counts, but none provide measurements related to body length . Further research would be needed to determine this characteristic.",,soil|synanthropic,,the sources give no explicit habitat description for this species,10,15526861(medline)|721B6E0C8C3CFF83FF382595A9D823BC(plazi)|E03187B3FFFAD42EFF31F7F2FC48FC5C(plazi)|03AA531A0F5F3530FF5858C8FC34A3FA(plazi),"Based on the provided documents, *Isotomurus palustris* is associated with Cu-contaminated environments and has been found in urban soils, particularly in areas with high metal contamination. It is also noted to dominate in certain soils like Ladymoor, indicating a possible preference for specific microhabitats within such contaminated settings . However, the exact habitat details beyond these contexts are not explicitly described in the given sources.",21,NA|Adult|adult,"NA|EUNIS E3.41; Atlantic and sub-Atlantic humid meadows. Meadow next to lakeshore, open grassland|Pond with Iris",NA|Pan Trap,France|Denmark|United Kingdom|Ireland|Norway,Vestfold|Akershus,"42.528,3.024",NA,2004-2019,NA|Temperate_Broadleaf_&_Mixed_Forest_simplify-0.001_buffered-0.018,Northeast_Spain_and_Southern_France_Mediterranean_forests|Baltic_mixed_forests|Western_European_broadleaf_forests|English_Lowlands_beech_forests|North_Atlantic_moist_mixed_forests|NA|Scandinavian_and_Russian_taiga
Isotomurus plumosus,Isotomurus,Isotomidae,1410395,species,,,,the sources contain no explicit statement about this species' diet,3,266B5D55F708FF9AFF7EFD84450CFC42(plazi)|03CF878BFFD5C21722A05B7DFAC7A92E(plazi)|6C5787D6FFBEB46F6D0A6819FD1301A2(plazi),"Based on the provided documents, there is no specific information regarding the diet of *Isotomurus plumosus*. The sources describe its taxonomy, geographic distribution, and morphological characteristics but do not mention feeding habits . Further research would be needed to determine its dietary preferences.",1.92,,,3,6C5787D6FFBEB46F6D0A6819FD1301A2(plazi),"Based on the provided documents, the body length of *Isotomurus plumosus* is approximately 1.92 mm . This measurement refers to the adult stage of the species.",freshwater,,direct,,3,03CF878BFFD5C21722A05B7DFAC7A92E(plazi)|6C5787D6FFBEB46F6D0A6819FD1301A2(plazi),"Based on the provided documents, *Isotomurus plumosus* is associated with moist habitats, specifically noted as ""hygropetric"" (moist environments) in one source . Additionally, it is found in areas such as torrential streams and mountain regions like the Massif du Sancy in France . Its distribution includes arctic, subarctic, European, Asian, and North American locations, suggesting adaptability to various climates but preference for humid conditions .",6,Adult,"EUNIS E3.41; Atlantic and sub-Atlantic humid meadows. Meadow next to lakeshore, open grassland|Pond, Alnus swamp|C3.65, Exposed unvegetated freshwater lake muds",NA,Denmark|Norway|Germany,Vestfold|Saxony,"56.04,9.696|59.112,10.383",NA,2014-2019,Temperate_Broadleaf_&_Mixed_Forest_simplify-0.001_buffered-0.018|NA,Baltic_mixed_forests|Scandinavian_and_Russian_taiga|Western_European_broadleaf_forests
Isotomurus pseudopalustris,Isotomurus,Isotomidae,2926726,species,,,,the sources contain no explicit statement about this species' diet,1,6C5787D6FFB9B46D6DFA693BFD4805EC(plazi),"Based on the provided documents, there is no specific information regarding the diet or feeding habits of *Isotomurus pseudopalustris* . The description focuses on morphological characteristics and collection details rather than ecological preferences or dietary sources. Further research would be needed to determine its food source.",1.9,,,1,6C5787D6FFB9B46D6DFA693BFD4805EC(plazi),"Based on the provided documents, the body length of *Isotomurus pseudopalustris* is approximately 1.9 mm .",leaf_litter,forest_wood,direct,no explicit habitat description in the sources; value inferred,1,6C5787D6FFB9B46D6DFA693BFD4805EC(plazi),"Based on the provided documents, *Isotomurus pseudopalustris* was collected from leaf litter in the Western Himalayas, specifically in Arunachal Pradesh, India, at an elevation of 2561 meters above sea level . This suggests that the species inhabits forested areas with moist leaf litter, likely within montane or submontane ecosystems. No further details on its specific microhabitat preferences are given in the source.",4,adult,"NA|C3.6, Unvegetated or sparsely vegetated shores with soft or mobile sediments",NA,Norway|Germany,Akershus,"59.93637,10.82958",NA,2012-2016,NA|Temperate_Broadleaf_&_Mixed_Forest_simplify-0.001_buffered-0.018,Scandinavian_and_Russian_taiga|Western_European_broadleaf_forests
Isotomurus stuxbergi,Isotomurus,Isotomidae,1410388,species,,,,the sources contain no explicit statement about this species' diet,4,721B6E0C8C23FF9CFF382185A85C27E5(plazi)|03CF878BFFD6C21421F05D0FFD30AEF7(plazi)|266B5D55F708FF9AFF7EFC7C458DFB4C(plazi),"Based on the provided documents, there is no specific information regarding the diet or feeding habits of *Isotomurus stuxbergi* . The sources primarily discuss its ecology, distribution, and habitat preferences but do not mention its food source. Further research would be needed to determine its dietary characteristics.",,,,4,03CF878BFFD6C21421F05D0FFD30AEF7(plazi)|721B6E0C8C23FF9CFF382185A85C27E5(plazi)|266B5D55F708FF9AFF7EFC7C458DFB4C(plazi)|98E20638EF1752CFB92E71ADD92DFBF9(plazi),"Based on the provided documents, there is no specific mention of the body length of *Isotomurus stuxbergi*. The sources discuss its distribution, ecology, and taxonomy but do not provide measurements related to body size . Further research or direct measurement would be required to determine this characteristic.",soil|sandy_dune,freshwater,direct,"categories inferred from locality, coordinates or altitude were not retained: freshwater",4,721B6E0C8C23FF9CFF382185A85C27E5(plazi)|98E20638EF1752CFB92E71ADD92DFBF9(plazi),"Based on the provided documents, *Isotomurus stuxbergi* inhabits soil in rice fields in Iran . Additionally, it has been found in sand at the water edge near Lake Baikal, Russia . The general distribution suggests it may have a Holarctic range .",1,Adult,EUNIS C3; Littoral zone of inland surface waterbodies. Flushed organic matter at lakeshore,NA,Denmark,,"56.19,9.57",NA,2019,Temperate_Broadleaf_&_Mixed_Forest_simplify-0.001_buffered-0.018,Baltic_mixed_forests
Isotomurus unifasciatus,Isotomurus,Isotomidae,48718,species,,,,the sources contain no explicit statement about this species' diet,3,33056819(medline)|03C54558BD24FFF01498FF270CE8F954(plazi),"Based on the provided documents, there is no specific information regarding the diet or feeding habits of *Isotomurus unifasciatus*. The text discusses taxonomic distinctions between *Isotomurus* species but does not mention their food sources . Further research would be needed to determine the feeding ecology of this species.",,,,3,33056819(medline)|03CF878BFFD6C21421F25C08FDC6A86F(plazi)|03C54558BD24FFF01498FF270CE8F954(plazi),"Based on the provided documents, there is no specific mention of the body length of *Isotomurus unifasciatus*. The sources discuss *Isotomurus graminis* and *Isotomurus prasinus*, but do not provide measurements for *I. unifasciatus* . Further research would be needed to determine this characteristic.",,,,the sources give no explicit habitat description for this species,3,33056819(medline)|03C54558BD24FFF01498FF270CE8F954(plazi)|03CF878BFFD6C21421F25C08FDC6A86F(plazi),"Based on the provided documents, no specific information about the habitat of *Isotomurus unifasciatus* is given . The text mentions its morphological similarity to other species but does not describe its ecological preferences or habitat. Further research would be needed to determine its habitat requirements.",9,Adult,"NA|EUNIS D2.291; Boreal Eriophorum vaginatum sphagnum fens|Pond, Alnus swamp",NA,Belgium|Denmark|Norway,West-Vlaanderen|Vestfold,NA,NA,2004-2019,NA|Temperate_Broadleaf_&_Mixed_Forest_simplify-0.001_buffered-0.018,NA|Baltic_mixed_forests|Scandinavian_and_Russian_taiga
Kalaphorura paradoxa,Kalaphorura,Onychiuridae,187649,species,,,,the sources contain no explicit statement about this species' diet,2,03CF878BFFBCC27E21E65AA9FD5EAAF9(plazi)|10.11646/zootaxa.5182.5.3(pmc),"Based on the provided documents, there is no specific information given about the diet or feeding habits of *Kalaphorura paradoxa* . The sources mention its distribution, taxonomy, and molecular data but do not address its food source. Further research would be needed to determine its dietary preferences.",,,,2,03CF878BFFBCC27E21E65AA9FD5EAAF9(plazi)|10.11646/zootaxa.5182.5.3(pmc),"Based on the provided documents, there is no specific mention of the body length of *Kalaphorura paradoxa* . The sources discuss its distribution, taxonomy, and molecular data but do not provide measurements related to body size.",cave,soil,direct,no explicit habitat description in the sources; value inferred,2,03CF878BFFBCC27E21E65AA9FD5EAAF9(plazi)|10.11646/zootaxa.5182.5.3(pmc),"Based on the provided documents, *Kalaphorura paradoxa* is found in the caves of Antheuil, Chaignay, and Pleins-Bois in the C te-d'Or region . These locations suggest that the species inhabits subterranean environments, specifically limestone caves. No further details about its specific microhabitat within these caves are provided in the cited sources.",3,NA,NA,NA,Romania|France,,"45.56,26.18|45.35,25.52|46.64237,2.1940236",NA,1997-2020,NA,NA|Western_European_broadleaf_forests
Lathriopyga longiseta,Lathriopyga,Neanuridae,106924,species,,,,the sources contain no explicit statement about this species' diet,1,03CF878BFF8EC24C22A05B3FFA46A96D(plazi),"Based on the provided documents, there is no information available regarding the diet or feeding habits of *Lathriopyga longiseta* . The sources mention its distribution and cytological characteristics but do not address its food source.",,,,1,03CF878BFF8EC24C22A05B3FFA46A96D(plazi),"Based on the provided documents, there is no specific information given about the body length of *Lathriopyga longiseta* . The sources mention its distribution and cytological characteristics but do not provide measurements related to body size.",,marine_coastal,,categories resting only on a general term rather than an ecological description: marine_coastal,1,03CF878BFF8EC24C22A05B3FFA46A96D(plazi),"Based on the provided documents, Lathriopyga longiseta is found in Corsica, specifically in areas such as Vivazzona, Bonifato, For tde Valdo Niello, Evisa-Calacuccia, For tde Vizzavonapr s de Vivario, Castirla, Maquis des Calanches pr s de Piana, Bonifato pr sde Calenzana, Tartaginepr s de Olmi-Cappella, Brando, Renoso pr sde Ghisoni, and Francardo . The specific habitats mentioned include maquis vegetation and coastal areas.",1,NA,NA,NA,United Kingdom,,"51.1425,-2.579",NA,,NA,English_Lowlands_beech_forests
Lepidocyrtus cyaneus,Lepidocyrtus,Lepidocyrtidae,247612,species,,,,the sources contain no explicit statement about this species' diet,8,14629361(medline)|37788712(medline)|721B6E0C8C30FF8FFF3825CAA88F2387(plazi),"Based on the provided documents, there is no specific information about the diet of *Lepidocyrtus cyaneus*. The sources mention *Lepidocyrtus cyaneus* as a subject of study regarding its color-changing ability , and it is noted as a potential prey item for spiders in arable ecosystems . However, details about its feeding habits are not provided.",,,,8,37788712(medline)|14629361(medline)|A90387B3FFB6FFBFFF11F944FB455554(plazi),"Based on the provided documents, the body length of *Lepidocyrtus cyaneus* is not specified . Further research would be required to determine this characteristic.",,,,the sources give no explicit habitat description for this species,8,37788712(medline)|721B6E0C8C30FF8FFF3825CAA88F2387(plazi)|03AA531A0F42352DFFAB5FF7FD8BA24F(plazi)|E03187B3FFDDD40AFF31F387FD32F90E(plazi),"Based on the provided documents, Lepidocyrtus cyaneus is mentioned in the context of its color-changing properties in response to humidity, but no specific habitat details are given . Therefore, the habitat of Lepidocyrtus cyaneus cannot be determined from the available information.",65,Adult|NA|immature|adult,"NA|EUNIS D2.291; Boreal Eriophorum vaginatum sphagnum fens|Coniferous forest|Sea shore|Garden|R1, Dry grasslands|Carex/Sphagnum bog|G3.F11, Native fir, spruce, larch, cedar plantations",NA|Malaise Trap|Soil/litter sample|Litter from decaying tree|Litter from ant (Formica) nest|Spruce needle litter sample|Pitfall trap|soil corer,Moldova|Denmark|United Kingdom|Finland|Germany|Norway,Sor-Trondelag|Baden-Wuerttemberg|Oppland|Saxony,"47.28333,28.01667",NA,2010-2025,NA|Temperate_Broadleaf_&_Mixed_Forest_simplify-0.001_buffered-0.018|Boreal_Forest_Taiga_simplify-0.1_buffered-0.018,Central_European_mixed_forests|Baltic_mixed_forests|NA|Scandinavian_and_Russian_taiga|Sarmatic_mixed_forests|Western_European_broadleaf_forests|Scandinavian_Montane_Birch_forest_and_grasslands|Celtic_broadleaf_forests
Lepidocyrtus fimetarius,Lepidocyrtus,Lepidocyrtidae,2583952,species,,,,the sources contain no explicit statement about this species' diet,2,03CF878BFFC2C200200A5ADAFE7FAA94(plazi)|502187F3DD5CFF9AFF34FCC30A1DFC4C(plazi),"Based on the provided documents, there is no specific information regarding the diet of *Lepidocyrtus fimetarius* . The sources mention its distribution but do not describe feeding habits. Further research would be needed to determine its food source.",,,,2,03CF878BFFC2C200200A5ADAFE7FAA94(plazi)|502187F3DD5CFF9AFF34FCC30A1DFC4C(plazi),"Based on the provided documents, there is no specific information given about the body length of *Lepidocyrtus fimetarius* , . Further research or references detailing morphological characteristics would be required to determine this measurement.",,,,the sources give no explicit habitat description for this species,2,502187F3DD5CFF9AFF34FCC30A1DFC4C(plazi),"Based on the provided documents, the specific habitat details for *Lepidocyrtus fimetarius* are not explicitly mentioned. However, it is noted to have a Holarctic distribution, indicating that it is found across both the Nearctic and Palearctic regions . Further detailed ecological preferences or specific habitats would require additional research or documentation.",2,,14. Artificial - Terrestrial | 14.2 Pastureland,Malaise Trap,Portugal,Braganca,"41.492,-6.515",500,2018,Mediterranean_Forest_Woodlands_&_Scrub_simplify-0.001_buffered-0.018,Iberian_sclerophyllous_and_semi-deciduous_forests
Lepidocyrtus lanuginosus,Lepidocyrtus,Lepidocyrtidae,186250,species,,,,the sources contain no explicit statement about this species' diet,8,16168536(medline)|03BC87BC7263FF98FF07FD99CBA2FD5A(plazi)|721B6E0C8C30FF8FFF3824DDAE5920E1(plazi)|266B5D55F713FF81FF7EFBC04460FA92(plazi)|03CF878BFFC2C20121E959E6FD7BAFA5(plazi)|03E5878DFFC8FFAFFFAEF93285D0F797(plazi)|03BF042CFFA0B7773A42FEA4FD70F6B6(plazi)|10.11646/zootaxa.5147.1.1(pmc),"Based on the provided documents, there is no specific information regarding the diet of *Lepidocyrtus lanuginosus*. The source discusses behavioral responses to phenanthrene but does not mention feeding habits . Further research would be needed to determine its dietary preferences.",,,,8,16168536(medline)|A90387B3FFBDFFBEFF11FEC2FF515654(plazi)|10.11646/zootaxa.5147.1.1(pmc),"Based on the provided documents, there is no specific information regarding the body length of *Lepidocyrtus lanuginosus*. The source discusses behavioral responses to phenanthrene but does not provide morphometric data .",soil,,direct,no explicit habitat description in the sources; value inferred,8,16168536(medline)|721B6E0C8C30FF8FFF3824DDAE5920E1(plazi)|03E5878DFFC8FFAFFFAEF93285D0F797(plazi)|03BF042CFFA0B7773A42FEA4FD70F6B6(plazi)|03BC87BC7263FF98FF07FD99CBA2FD5A(plazi)|10.11646/zootaxa.5147.1.1(pmc),"Based on the provided documents, Lepidocyrtus lanuginosus is described as a species ""mainly captured at the soil surface,"" indicating that its habitat includes the upper layers of soil . This suggests it inhabits the superficial soil layer where organic matter and detritus accumulate, which is typical for many microarthropods. No further details about specific environmental conditions or depth preferences are provided in the source.",510,NA|adult|Adult,"NA|Alpine|Coniferous forest|Lake shore|R1, Dry grasslands|Leaf litter, mixed forest",NA|Litter under decaying aspen|Soil/litter sample|Moss sample|Malaise Trap|soil corer,Germany|Finland|Sweden|Norway,Bavaria|Northern Ostrobothnia|Baden-Wuerttemberg|Gavleborg|More og Romsdal,"49.231,11.644|61.483,23.59",500|NA,2012-2022,NA|Boreal_Forest_Taiga_simplify-0.1_buffered-0.018|Temperate_Broadleaf_&_Mixed_Forest_simplify-0.001_buffered-0.018,Western_European_broadleaf_forests|Scandinavian_and_Russian_taiga|NA|Scandinavian_Montane_Birch_forest_and_grasslands
Lepidocyrtus lignorum,Lepidocyrtus,Lepidocyrtidae,707889,species,,,,the sources contain no explicit statement about this species' diet,13,30790864(medline)|03FB87C87F20FF82D79C66CAFB6D2BC5(plazi)|DE3DBD36FFD8DC77E3ECF9E0FB3FF80C(plazi)|266B5D55F713FF81FF7EFA33450CF8EA(plazi)|03CF878BFFC3C20121EF5CC1FC09AD94(plazi)|03AA531A0F42352DFFA85984FE78A09D(plazi)|9A39156EFFFD5405FF579A508022AD76(plazi),"Based on the provided documents, there is no explicit mention of what *Lepidocyrtus lignorum* feeds on. However, document  describes a new species, *Lepidocyrtus chorus*, which exhibits ""dancing behavior"" related to searching for food and feeding, suggesting that *Lepidocyrtus* species may engage in behaviors associated with locating food resources. Further specific dietary information about *L. lignorum* is not provided in the given texts.",,,,13,28310577(medline)|37518163(medline)|35391064(medline)|33056701(medline)|11042967(medline)|30790864(medline)|9A39156EFFFD5405FF579A508022AD76(plazi),"Based on the provided documents, there is no specific mention of the body length of *Lepidocyrtus lignorum*. The sources discuss various aspects such as reproductive strategies, taxonomic revisions, and behavioral characteristics, but none provide detailed morphometric data including body length .",soil|forest_wood,,direct,,13,11042967(medline)|28310577(medline)|DE3DBD36FFD8DC77E3ECF9E0FB3FF80C(plazi)|03CF878BFFC3C20121EF5CC1FC09AD94(plazi)|03AA531A0F42352DFFA85984FE78A09D(plazi),"Based on the provided documents, Lepidocyrtus lignorum is associated with soil environments, specifically in the vicinity of earthworm burrows in undisturbed deciduous forests . It is part of the Lignorum-group, which includes species that inhabit various soil microhabitats created by earthworm activities . Additionally, it exhibits seasonal reproductive behaviors adapted to temperate climates, suggesting a preference for moist, temperate habitats .",205,NA|Adult|adult,"NA|EUNIS G1.5; Broadleaved swamp woodland on acid peat. Sphagnum etc.|EUNIS G1.1; Riparian and gallery woodland, with dominant Alnus, Betula, Populus or Salix. Litter compost.|Mountain birch forest|Coniferous forest|Sea shore|Arctic tundra|Sphagnum bog|Spruce forest|E2.6, Agriculturally-improved, re-seeded and heavily fertilised grassland, including sports fields and grass lawns",Malaise Trap|NA|Pan Trap|Soil/litter sample|Litter sample from decaying pine stump,United Kingdom|Norway|Moldova|Denmark|Finland|Estonia|Sweden|Germany,Svalbard|Sor-Trondelag|Vestfold,"54.19142,-2.79381|51.495,-0.179|51.49583,-0.1783333",NA,2011-2025,NA|Temperate_Broadleaf_&_Mixed_Forest_simplify-0.001_buffered-0.018|Boreal_Forest_Taiga_simplify-0.1_buffered-0.018|Tundra_simplify-0.001_buffered-0.018,NA|English_Lowlands_beech_forests|Russian_Arctic_desert|Central_European_mixed_forests|Baltic_mixed_forests|Scandinavian_and_Russian_taiga|Scandinavian_Montane_Birch_forest_and_grasslands|Sarmatic_mixed_forests|Celtic_broadleaf_forests|Western_European_broadleaf_forests
Lepidocyrtus pallidus,Lepidocyrtus,Lepidocyrtidae,186254,species,,,,the sources contain no explicit statement about this species' diet,6,28609993(medline)|30313256(medline)|266B5D55F712FF80FF7EFB944506FA25(plazi)|03F787EFE010FFE8119CFAF10CE0FDB4(plazi)|553A87DDFF84FFCADCB6FA3359D23D89(plazi)|553A87DDFF81FFC7DCB6FF405C353D79(plazi),"Based on the provided documents, there is no specific information regarding the diet or feeding habits of *Lepidocyrtus pallidus*. The sources focus on taxonomic descriptions and revisions within the *Lepidocyrtus* genus but do not address ecological aspects such as food preferences , .",,,,6,28609993(medline)|30313256(medline)|03F787EFE010FFE8119CFAF10CE0FDB4(plazi)|553A87DDFF84FFCADCB6FA3359D23D89(plazi),"Based on the provided documents, there is no specific mention of the body length of *Lepidocyrtus pallidus*. The texts focus on taxonomic descriptions and revisions within the *Lepidocyrtus pallidus-serbicus* group but do not provide measurements related to body size , . Further research or references would be needed to determine this characteristic.",,forest_wood|soil,,the sources give no explicit habitat description for this species,6,28609993(medline)|553A87DDFF81FFC7DCB6FF405C353D79(plazi),"Based on the provided documents, Lepidocyrtus pallidus is associated with riverine and swamp woodland habitats in Hungary . These environments support diverse soil fauna, including species within the Lepidocyrtus pallidus-serbicus group . No specific details about its exact microhabitat preferences are given in the sources.",3,Adult,"Pots of olive plants, imported from Germany",NA,Norway,Akershus,"59.98,10.991",NA,2014,NA,Scandinavian_and_Russian_taiga
Lepidocyrtus paradoxus,Lepidocyrtus,Lepidocyrtidae,49179,species,,,,the sources contain no explicit statement about this species' diet,4,E03187B3FFDAD40DFF31F2E7FD2AF9BA(plazi)|03AA531A0F42352DFFA85A88FD2FA1CA(plazi)|266B5D55F714FF86FF7EFF34450CFE7F(plazi)|03CF878BFFC3C20122A35EE3FC1CAE97(plazi),"Based on the provided documents, there is no specific information regarding the diet or feeding habits of *Lepidocyrtus paradoxus*. The sources primarily focus on the geographical distribution and habitat preferences of the species . Further research would be needed to determine its dietary requirements.",,,,4,03CF878BFFC3C20122A35EE3FC1CAE97(plazi)|03AA531A0F42352DFFA85A88FD2FA1CA(plazi)|266B5D55F714FF86FF7EFF34450CFE7F(plazi)|E03187B3FFDAD40DFF31F2E7FD2AF9BA(plazi),"Based on the provided documents, there is no specific mention of the body length of *Lepidocyrtus paradoxus*. The sources focus on the distribution and habitat of the species but do not provide morphological details such as body length .",synanthropic|soil|forest_wood|grassland|agricultural,,direct,,4,E03187B3FFDAD40DFF31F2E7FD2AF9BA(plazi)|03CF878BFFC3C20122A35EE3FC1CAE97(plazi)|266B5D55F714FF86FF7EFF34450CFE7F(plazi)|03AA531A0F42352DFFA85A88FD2FA1CA(plazi),"Based on the provided documents, *Lepidocyrtus paradoxus* inhabits various environments including forests, shrublands, grasslands, cultivated lands, gardens, and urban soils in Vietnam . It is also found in garden settings such as Gard. Malons and in regions like Haute-Savoie and Savoie in France . Additionally, it has a general holarctic distribution, indicating its presence across a wide range of habitats in both temperate and colder regions . Specific locations in Czechia include areas within Vojvodina .",12,NA,"NA|Urban|14. Artificial - Terrestrial | 14.5 Urban Areas|E2.221, Xero-mesophile medio-European lowland hay meadows",NA|Malaise Trap,Moldova|Italy|Germany,Bavaria|Rhineland-Palatinate|Mecklenburg-Vorpommern,"47.3,28.95|42.98201,12.763658|51.083046,10.426171",NA,2011-2017,NA|Mediterranean_Forest_Woodlands_&_Scrub_simplify-0.001_buffered-0.018|Temperate_Broadleaf_&_Mixed_Forest_simplify-0.001_buffered-0.018,Central_European_mixed_forests|Italian_sclerophyllous_and_semi-deciduous_forests|Western_European_broadleaf_forests|Baltic_mixed_forests
Lepidocyrtus ruber,Lepidocyrtus,Lepidocyrtidae,49178,genus,,,,the sources contain no explicit statement about this species' diet,3,03CF878BFFC3C20122B05DE2FBECAF94(plazi)|E03187B3FFD9D40EFF31F1A3FD41FD7E(plazi)|721B6E0C8C30FF8FFF3827FDA9A62199(plazi),"Based on the provided documents, there is no specific information regarding the diet or feeding habits of *Lepidocyrtus ruber*. The sources describe its distribution and ecological preferences but do not mention what it feeds on .",,,,3,E03187B3FFD9D40EFF31F1A3FD41FD7E(plazi)|03CF878BFFC3C20122B05DE2FBECAF94(plazi)|721B6E0C8C30FF8FFF3827FDA9A62199(plazi),"Based on the provided documents, there is no specific mention of the body length of *Lepidocyrtus ruber*. The sources discuss its distribution, ecology, and habitat but do not provide measurements related to its body size , , .",soil|forest_wood|agricultural|synanthropic,,direct,,3,E03187B3FFD9D40EFF31F1A3FD41FD7E(plazi)|721B6E0C8C30FF8FFF3827FDA9A62199(plazi),"Based on the provided documents, *Lepidocyrtus ruber* inhabits various environments including forests, cultivated lands, and urban soils . It is also found in different types of soil across its range, with specific mentions of soil habitats in Iran . The species has a cosmopolitan distribution, indicating it can thrive in multiple geographic regions .",3,Adult,Garden compost,NA,Sweden,Vasternorrland,"58.335,13.594",NA,2014,NA,Sarmatic_mixed_forests
Lepidocyrtus violaceus,Lepidocyrtus,Lepidocyrtidae,707891,species,,,,the sources contain no explicit statement about this species' diet,6,03F787EFE008FFF0119CFD190DF7FC2C(plazi)|6040DE7A2536FFA2592673D9FF09FE60(plazi)|03CF878BFFC3C201229B5CE2FC32AA24(plazi)|E03187B3FFD9D40EFF31F3CFFD41FBCE(plazi)|266B5D55F714FF86FF7EFD3A4693FA7C(plazi)|03AA531A0F45352AFF595CBEFC7BA751(plazi),"Based on the provided documents, there is no specific information regarding the diet or feeding habits of *Lepidocyrtus violaceus*. The sources primarily focus on taxonomy, distribution, and historical notes about this species . Further research would be needed to determine its dietary preferences.",,,,6,E03187B3FFD9D40EFF31F3CFFD41FBCE(plazi)|6040DE7A2536FFA2592673D9FF09FE60(plazi)|03CF878BFFC3C201229B5CE2FC32AA24(plazi)|266B5D55F714FF86FF7EFD3A4693FA7C(plazi)|03F787EFE008FFF0119CFD190DF7FC2C(plazi)|03AA531A0F45352AFF595CBEFC7BA751(plazi),"Based on the provided documents, there is no specific mention of the body length of *Lepidocyrtus violaceus*. The sources discuss its distribution, taxonomy, and authorship but do not provide morphological measurements such as body length .",forest_wood,,direct,,6,E03187B3FFD9D40EFF31F3CFFD41FBCE(plazi)|03F787EFE008FFF0119CFD190DF7FC2C(plazi),"Based on the provided documents, *Lepidocyrtus violaceus* is found in forested areas in Vietnam . Additionally, it has a general Holarctic distribution and has been introduced to Australia . However, specific habitat details beyond these regions are not clearly detailed in the sources.",3,Adult|NA,"EUNIS F4; Formica polyctena nest. Dry, exposed|R1, Dry grasslands",NA|soil corer,Denmark|Germany,Baden-Wuerttemberg,"56.075,9.639|47.6,8.36",NA|610,2019-2022,Temperate_Broadleaf_&_Mixed_Forest_simplify-0.001_buffered-0.018|NA,Baltic_mixed_forests|NA
Lepidocyrtus weidneri,Lepidocyrtus,Lepidocyrtidae,2041946,species,,,,the sources contain no explicit statement about this species' diet,1,553A87DDFF8FFFC6DCB6FF40585238D4(plazi),"Based on the provided documents, there is no specific information regarding the diet or feeding habits of *Lepidocyrtus weidneri*. The sources discuss taxonomic characteristics and chaetotaxy but do not mention dietary preferences . Further research would be needed to determine its food source.",,,,1,553A87DDFF8FFFC6DCB6FF40585238D4(plazi),"Based on the provided documents, there is no specific mention of the body length of *Lepidocyrtus weidneri*. The text discusses chaetotaxic characteristics and the uncertainty regarding the presence of a particular macrochaeta but does not provide measurements related to body size . Additional sources would be required to determine the body length of this species.",,,,the sources give no explicit habitat description for this species,1,553A87DDFF8FFFC6DCB6FF40585238D4(plazi),"Based on the provided documents, there is no specific information about the habitat of *Lepidocyrtus weidneri*. The discussion focuses on morphological characteristics and taxonomic considerations rather than ecological preferences or habitats . Further research would be needed to determine its habitat.",2,Adult,Garden compost,NA,Norway,Vestfold,"59.152,10.432",NA,2014,NA,NA
Lipothrix lubbocki,Lipothrix,Sminthuridae,1387126,species,,,,the sources contain no explicit statement about this species' diet,8,10994700(medline)|721B6E0C8C28FF97FF382035A84C2471(plazi)|10.11646/zootaxa.5147.1.1(pmc),"Based on the provided documents, there is no specific information regarding the diet or feeding habits of *Lipothrix lubrici*. The source text discusses the sex determination mechanisms and spermatogenesis in *Lipothrix lubbocki* but does not mention its dietary preferences . Further research would be needed to determine what *Lipothrix lubbocki* feeds on.",,,,8,10994700(medline)|E03187B3FF16D4C1FF31F2BFFBD2FA82(plazi)|E03187B3FF16D4C1FF31F3CFFCF2FCEE(plazi)|DE3DBD36FFDBDC74E3D4FD87FAB7FBE9(plazi)|03CF878BFFFAC23922A55BB1FE0BAD69(plazi)|721B6E0C8C28FF97FF382035A84C2471(plazi)|03AA531A0F473528FF595A2BFCEBA137(plazi)|10.11646/zootaxa.5147.1.1(pmc),"Based on the provided documents, there is no specific mention of the body length of *Lipothrix lubrici*. The text discusses the sex determination mechanisms and spermatogenesis in *Lipothrix lubrici* but does not provide any data regarding its body size . Further research or additional sources would be required to determine the body length of this species.",,,,the sources give no explicit habitat description for this species,8,10994700(medline)|E03187B3FF16D4C1FF31F2BFFBD2FA82(plazi)|721B6E0C8C28FF97FF382035A84C2471(plazi)|03CF878BFFFAC23922A55BB1FE0BAD69(plazi)|10.11646/zootaxa.5147.1.1(pmc),"Based on the provided documents, there is no specific information about the habitat of *Lipothrix lubrici*. The source mentions that *Lipothrix lubrici* exhibits a peculiar spermatogenesis process, but it does not provide details regarding its ecological or environmental preferences . Further research would be needed to determine the habitat of this species.",10,immature|adult|NA,"NA|Peatland|Coniferous forest|G5.5, Small mixed broadleaved and coniferous anthropogenic woodlands",Litter from decaying pine stump|Litter from decaying birch|Litter from decaying tree|NA|Moss sample,Finland|France|Estonia|Germany,Mecklenburg-Vorpommern,"60.321,21.988|60.449,22.768|61.086,23.591",NA,2014-2019,Temperate_Broadleaf_&_Mixed_Forest_simplify-0.001_buffered-0.018|Boreal_Forest_Taiga_simplify-0.1_buffered-0.018|NA,Sarmatic_mixed_forests|Scandinavian_and_Russian_taiga|NA|Baltic_mixed_forests
Marisotoma canaliculata,Marisotoma,Isotomidae,,,,,,,0,,,,,,0,,,,,,,0,,,1,Adult,Heat/bog.,NA,Norway,More og Romsdal,"63.416,7.962",NA,2015,NA,Scandinavian_coastal_conifer_forests
Megalothorax carpaticus,Megalothorax,Neelidae,438499,genus,,,,the sources contain no explicit statement about this species' diet,3,2DB6BA5AC5D079424DF75AD2C74C893A(plazi)|03E087E3FFA6FFE1409CF923FDC1FE4C(plazi),"Based on the provided documents, there is no specific information regarding the diet or feeding habits of *Megalothorax carpaticus*. The sources describe its ecological habitat and morphological characteristics but do not mention its food source . Further research would be needed to determine its dietary preferences.",,,,3,03E087E3FFA6FFE1409CF923FDC1FE4C(plazi),"Based on the provided documents, the body length of *Megalothorax carpaticus* is not explicitly mentioned. However, it can be inferred that its body structure includes an elongated body, elongated ungues on legs, elongated mucro, antennae, and body chaetae . For precise measurements, additional data would be required.",cave|soil,,direct,,3,03E087E3FFA6FFE1409CF923FDC1FE4C(plazi),"Based on the provided documents, *Megalothorax carpaticus* inhabits water pools in caves located in the Low Tatras Mts., Kozie chrbty Mts., and Veľká Fatra Mts. . These habitats are characterized as subterranean environments, specifically caves with water pools .",16,NA,epikarst,NA,Slovakia,Zilina,"49.002,19.583",NA,2019-2020,NA|Temperate_Conifer_Forest_simplify-0.001_buffered-0.018,Carpathian_montane_forests
Megalothorax hipmani,Megalothorax,Neelidae,438499,genus,,,,the sources contain no explicit statement about this species' diet,2,2DB6BA5AC5D079424DF75AD2C74C893A(plazi)|03E087E3FFACFFFC409CFFD7FE0CFE69(plazi),"Based on the provided documents, there is no specific information regarding the diet or feeding habits of *Megalothorax hipmani*. The sources describe its morphology, ecological habitat, and taxonomic distinctions but do not mention its food source , . Further research would be needed to determine its dietary preferences.",,,,2,03E087E3FFACFFFC409CFFD7FE0CFE69(plazi)|2DB6BA5AC5D079424DF75AD2C74C893A(plazi),"Based on the provided documents, the body length of *Megalothorax hipmani* is not explicitly mentioned . However, it can be inferred that its size is comparable to other closely related species such as *Megalothorax sanguineus* and *Megalothorax tuberculatus*, which suggests it may have a moderate body size relative to other *Megalothorax* species . Further details would require additional references.",cave,,direct,,2,03E087E3FFACFFFC409CFFD7FE0CFE69(plazi)|2DB6BA5AC5D079424DF75AD2C74C893A(plazi),"Based on the provided documents, Megalothorax hipmani is found in cave environments, predominantly on the surface of water pools . This species inhabits humid microhabitats within caves, specifically associated with water bodies .",8,NA,epikarst,NA,Slovakia,Zilina,"48.998,19.585|49.002,19.583",NA,2019-2020,Temperate_Conifer_Forest_simplify-0.001_buffered-0.018,Carpathian_montane_forests
Megalothorax incertus,Megalothorax,Neelidae,2579793,species,,,,the sources contain no explicit statement about this species' diet,11,37518265(medline)|28405268(medline)|34350357(medline)|721B6E0C8C27FF98FF3824D9A90520C1(plazi)|PMC5383468(pmc),"Based on the provided documents, there is no specific information regarding the diet or feeding habits of *Megalothorax incertus*. The sources discuss taxonomic revisions, genetic studies, and phylogenetic relationships but do not address ecological aspects such as food preferences .",,,,11,34350357(medline)|37518265(medline)|28405268(medline)|266B5D55F71CFF8EFF7EFE7F444BFD54(plazi)|721B6E0C8C27FF98FF3824D9A90520C1(plazi)|03CF878BFFE6C22422A35AD5FAC8AB47(plazi)|03FC6644DC422C76FF79F8746E17FAAB(plazi)|PMC8291067(pmc)|PMC5383468(pmc)|10.11646/zootaxa.5318.4.2(pmc),"Based on the provided documents, there is no specific mention of the body length of *Megalothorax incertus*. The sources discuss genetic and taxonomic aspects but do not provide morphological measurements .",,,,the sources give no explicit habitat description for this species,11,37518265(medline)|721B6E0C8C27FF98FF3824D9A90520C1(plazi)|03FC6644DC422C76FF79F8746E17FAAB(plazi)|10.11646/zootaxa.5318.4.2(pmc),"Based on the provided documents, Megalothorax incertus has been reported in various regions including Sicily, France, Russia, and China . However, specific details about its habitat are not explicitly mentioned in the given texts.",2,NA,NA,NA,Italy|France,,"38.1126,13.3742|48.6954,2.4945",NA,2014-2015,Mediterranean_Forest_Woodlands_&_Scrub_simplify-0.001_buffered-0.018|Temperate_Broadleaf_&_Mixed_Forest_simplify-0.001_buffered-0.018,Tyrrhenian-Adriatic_sclerophyllous_and_mixed_forests|European_Atlantic_mixed_forests
Megalothorax minimus,Megalothorax,Neelidae,438500,species,,,,the sources contain no explicit statement about this species' diet,12,38340520(medline)|33801126(medline)|6040DE7A2535FFA25A767114FDAFFAE1(plazi)|721B6E0C8C27FF98FF38261DAF5F21FD(plazi)|E03187B3FFE1D436FF31F63BFD58F8C2(plazi)|266B5D55F71CFF8EFF7EFD4A467DFA8D(plazi)|03CF878BFFE6C225228858A3FA47A869(plazi)|502187F3DD5EFF98FF34FF170CC6FE28(plazi)|PMC8004137(pmc)|PMC10169344(pmc)|10.5852/ejt.2017.363(pmc),"Based on the provided documents, there is no explicit information regarding the diet or feeding habits of *Megalothorax minimus*. The sources discuss its morphology, jumping mechanism, and ecological distribution but do not specify its food source . Further research would be needed to determine its dietary preferences.",,,,12,38340520(medline)|37161456(medline)|E03187B3FFE1D436FF31F63BFD58F8C2(plazi)|721B6E0C8C27FF98FF38261DAF5F21FD(plazi)|266B5D55F71CFF8EFF7EFD4A467DFA8D(plazi)|PMC8004137(pmc),"Based on the provided documents, there is no explicit mention of the body length of *Megalothorax minimus*. The sources discuss the morphology and function of its jumping apparatus but do not specify body length measurements , . Further research would be required to determine this characteristic.",,,,the sources give no explicit habitat description for this species,12,33801126(medline)|721B6E0C8C27FF98FF38261DAF5F21FD(plazi)|2DB6BA5AC5D079424DF75AD2C74C893A(plazi)|E03187B3FFE0D437FF31F0CBFAACF9E3(plazi)|PMC10169344(pmc)|PMC8004137(pmc),"Based on the provided documents, *Megalothorax minimus* is found in the mesovoid shallow substratum of the Sierra de Guadarrama National Park, Madrid and Segovia, Spain . It belongs to the Neelipleona group and coexists with other springtail species in this habitat . The document does not specify further details about its exact microhabitat within the substratum.",14,adult|NA,"Alpine|Coniferous forest|Birch forest|Peatland|NA|R1, Dry grasslands",Soil/litter sample|Moss sample from ditch|Moss sample|NA|soil corer,Finland|Belgium|France|Germany,Baden-Wuerttemberg,"67.692,24.446|66.682,26.663|67.012,27.218",559|216,2010-2022,Boreal_Forest_Taiga_simplify-0.1_buffered-0.018|NA,Scandinavian_and_Russian_taiga|European_Atlantic_mixed_forests|Western_European_broadleaf_forests|NA
Megalothorax perspicillum,Megalothorax,Neelidae,1381478,species,,,,the sources contain no explicit statement about this species' diet,7,03FC6644DC422C76FF79F8746E17FAAB(plazi)|03EF9B26975EFFB6FF0821DBF86CFE40(plazi)|03CF878BFFE7C22522D75B85FBEBA963(plazi)|DE3DBD36FFD4DC7BE14DFB86FD4FFA0A(plazi)|721B6E0C8C26FF99FF382184A8FB27A9(plazi)|03FC6644DC492C7BFF79F9EB6FC7FEEA(plazi)|10.11646/zootaxa.5318.4.2(pmc),"Based on the provided documents, there is no specific information regarding the diet or feeding habits of *Megalothorax perspicillum*. The sources describe morphological characteristics, distribution, and ecological habitats but do not mention dietary preferences .",0.4,,,7,03FC6644DC492C7BFF79F9EB6FC7FEEA(plazi)|10.11646/zootaxa.5318.4.2(pmc),"Based on the provided documents, the body length of *Megalothorax perspicillum* can reach up to 400 µm . This measurement is derived from newly examined specimens which show variations in body size compared to earlier records .",,leaf_litter|soil,,the sources give no explicit habitat description for this species,7,721B6E0C8C26FF99FF382184A8FB27A9(plazi)|DE3DBD36FFD4DC7BE14DFB86FD4FFA0A(plazi)|03CF878BFFE7C22522D75B85FBEBA963(plazi)|10.11646/zootaxa.5318.4.2(pmc),"Based on the provided documents, *Megalothorax perspicillum* inhabits soil and leaf litter under Persian ironwood, pine trees, and dead timber in Iran . Additionally, it has been recorded in Algeria and France, suggesting a broader distribution . However, specific habitat details beyond these regions are not provided in the given sources.",7,NA,NA,NA,Italy|France,,"38.0995,12.7969|38.1126,13.3742|48.84,2.35",NA,2011-2014,Mediterranean_Forest_Woodlands_&_Scrub_simplify-0.001_buffered-0.018|NA,NA|Tyrrhenian-Adriatic_sclerophyllous_and_mixed_forests|European_Atlantic_mixed_forests
Megalothorax sanctistephani,Megalothorax,Neelidae,3394313,species,,,,the sources contain no explicit statement about this species' diet,7,40173943(medline)|752287812A4DF97D2EFB8909FADAAF5F(plazi)|2DB6BA5AC5D079424DF75AD2C74C893A(plazi)|03CF878BFFE7C225227C5AF6FBEBAA76(plazi)|752287812A4CF97B2EFB8CFAFEE9AF77(plazi)|ADEE91046267A35124EC122FCB879B3F(plazi),"Based on the provided documents, there is no specific information regarding the diet or feeding habits of *Megalothorax sanctistephani*. The sources discuss its morphology, distribution, and evolutionary aspects but do not mention its food source .",,,,7,40173943(medline)|752287812A4CF97B2EFB8CFAFEE9AF77(plazi)|03CF878BFFE7C225227C5AF6FBEBAA76(plazi),"Based on the provided documents, the body length of *Megalothorax sanctistephani* is not specified . Further research or references would be needed to determine this characteristic.",soil,synanthropic,direct,"categories inferred from locality, coordinates or altitude were not retained: synanthropic; no explicit habitat description in the sources; value inferred",7,40173943(medline)|752287812A4CF97B2EFB8CFAFEE9AF77(plazi)|0C0C6C18FFBAFF877C33FC0CFDEFFA11(plazi),"Based on the provided documents, *Megalothorax sanctistephani* is found in specific habitats such as the catacombs of a cathedral in Vienna, an underground tunnel in Paris, and the Botanical Garden of Kaliningrad . These locations suggest that this species inhabits subterranean or human-altered environments.",1,NA,NA,NA,France,,"48.845,2.3605",NA,2011,NA,NA
Megalothorax svalbardensis,Megalothorax,Neelidae,1381479,species,,,,the sources contain no explicit statement about this species' diet,2,03A8760E7B1F4F7872BBFA32D3D170CE(plazi),"Based on the provided documents, there is no specific information regarding the diet or feeding habits of *Megalothorax svalbardensis*. The descriptions focus on morphological characteristics rather than ecological niche or food source . Further research would be needed to determine its dietary preferences.",,,,2,03A8760E7B1F4F7872BBFA32D3D170CE(plazi),"Based on the provided documents, the body length of *Megalothorax svalbardensis* is not explicitly stated . However, the total length of its antenna is approximately 77 micrometers . Additional details about body dimensions would be required to determine the full body length.",,,,the sources give no explicit habitat description for this species,2,03A8760E7B1F4F7872BBFA32D3D170CE(plazi),"Based on the provided documents, there is no explicit mention of the habitat of *Megalothorax svalbardensis*. The descriptions focus on morphological characteristics such as antenna structure and chaetae arrangement . Additional details about its ecological preferences or habitat requirements are not included in the given sources.",1,NA,NA,NA,Norway,Svalbard,"78.65,16.09",NA,2010,NA,Russian_Arctic_desert
Megalothorax tatrensis,Megalothorax,Neelidae,438499,genus,,,,the sources contain no explicit statement about this species' diet,2,ADEE91046267A35124EC122FCB879B3F(plazi)|03E087E3FFA1FFEB409CFBB5FCF9F959(plazi),"Based on the provided documents, there is no specific information regarding the diet or feeding habits of *Megalothorax tatrensis*. The descriptions focus on morphological features rather than ecological or dietary data , . Further research would be needed to determine its food source.",,,,2,03E087E3FFA1FFEB409CFBB5FCF9F959(plazi),"Based on the provided documents, the body length of *Megalothorax tatrensis* is not explicitly mentioned . The description focuses on morphological features such as chaetotaxy and sensory structures but does not provide measurements . Additional sources would be required to determine the body length.",cave,,direct,no explicit habitat description in the sources; value inferred,2,03E087E3FFA1FFEB409CFBB5FCF9F959(plazi),"Based on the provided documents, *Megalothorax tatrensis* inhabits cave environments, specifically water pools within caves, where specimens were found at depths ranging from several meters up to approximately 500 meters from the cave entrances . Additionally, this species was collected using pitfall traps, suggesting it occupies various microhabitats within these caves .",9,NA,epikarst,NA,Slovakia,Zilina,"49.006,19.584|49.002,19.583|48.998,19.585",NA,2019-2020,Temperate_Conifer_Forest_simplify-0.001_buffered-0.018,Carpathian_montane_forests
Megalothorax willemi,Megalothorax,Neelidae,1381480,species,,,,the sources contain no explicit statement about this species' diet,4,ADEE91046267A35124EC122FCB879B3F(plazi)|4F034B6EFFB0357CD9C0F9E63A02FE0F(plazi)|03CF878BFFE0C22221A55EE2FCE4AEC4(plazi)|721B6E0C8C26FF99FF3820A4AB982534(plazi),"Based on the provided documents, there is no specific information regarding the diet or feeding habits of *Megalothorax willemi*. The sources describe its distribution, morphology, and ecological habitat but do not mention its food source . Further research would be needed to determine its dietary preferences.",,,,4,03CF878BFFE0C22221A55EE2FCE4AEC4(plazi)|721B6E0C8C26FF99FF3820A4AB982534(plazi)|ADEE91046267A35124EC122FCB879B3F(plazi)|4F034B6EFFB0357CD9C0F9E63A02FE0F(plazi),"Based on the provided documents, there is no specific mention of the body length of *Megalothorax willemi*. The sources describe its distribution, ecology, and general morphology but do not provide measurements . Further research or direct measurement would be required to determine this characteristic.",soil|forest_wood,,direct,,4,721B6E0C8C26FF99FF3820A4AB982534(plazi)|03CF878BFFE0C22221A55EE2FCE4AEC4(plazi)|4F034B6EFFB0357CD9C0F9E63A02FE0F(plazi),"Based on the provided documents, *Megalothorax willemi* inhabits forest soils under Persian ironwood, pine, and oak trees in Iran . It is also found in various habitats within the Tsey Gorge, including shrub stages of overgrowth and beech forests at different elevations . The species has been reported from several regions across Europe, such as Essonne, Indre, Jura, Oise, and Paris .",18,NA,"R1, Dry grasslands|R18 Perennial rocky calcareous grassland of subatlantic-submediterranean Europe|NA",soil corer|NA,Germany|France|Belgium,Baden-Wuerttemberg,"47.94,8.63",760,2001-2022,NA,NA|European_Atlantic_mixed_forests
Megaphorura arctica,Megaphorura,Onychiuridae,1071257,species,,,,the sources contain no explicit statement about this species' diet,9,32080305(medline)|23707356(medline)|21199019(medline)|23143920(medline)|30194462(medline)|24816280(medline)|10.11646/zootaxa.5182.5.3(pmc)|PMC7033094(pmc)|PMC2726227(pmc),"Based on the provided documents, there is no specific information regarding the diet or feeding habits of *Megaphorura arctica*. The sources focus on the organism's survival strategies under extreme environmental conditions, such as cryoprotective dehydration and antifreeze protein functions, but do not mention dietary preferences .",,,,9,23707356(medline)|30194462(medline)|23143920(medline)|32080305(medline)|21199019(medline)|23197828(medline)|PMC7033094(pmc)|PMC2726227(pmc)|10.11646/zootaxa.5182.5.3(pmc),"Based on the provided documents, the body length of *Megaphorura arctica* is not explicitly mentioned. The sources focus on physiological adaptations such as cryoprotective dehydration, osmolality regulation, and gene expression related to survival strategies in extreme climates, but do not provide measurements of body size .",soil|moss_lichen,,direct,,9,31589028(medline)|17959162(medline)|PMC7033094(pmc),"Based on the provided documents, Megaphorura arctica is found in the Arctic tundra, specifically in areas influenced by seabird activity, such as under seabird cliffs . It also inhabits soil and moss environments within the Arctic and sub-Arctic regions .",25,Adult,NA|Rocks at sea|Arctic tundra,NA,Norway,Svalbard|Rogaland,"79.129,11.851|79.557,11.007|78.215,13.814",NA,2013-2015,NA,NA|Russian_Arctic_desert
Mesaphorura florae,Mesaphorura,Tullbergiidae,187655,genus,,,,the sources contain no explicit statement about this species' diet,1,03CF878BFFB9C278250D5818FDB9ACF5(plazi),"Based on the provided documents, there is no specific information given about the diet of *Mesaphorura florae*. The sources mention its distribution and some ecological notes related to pollution but do not specify feeding habits . Further research would be needed to determine its food source.",,,,1,03CF878BFFB9C278250D5818FDB9ACF5(plazi),"Based on the provided documents, there is no specific information given about the body length of *Mesaphorura florae*. The sources mention its distribution and ecological preferences but do not provide morphological details such as body length .",,,,the sources give no explicit habitat description for this species,1,03CF878BFFB9C278250D5818FDB9ACF5(plazi),"Based on the provided documents, Mesaphorura florae is found in Bas-Rhin, specifically in Merkwiller-Pechelbronn and Pechelbronn . The species is associated with areas affected by pollution . There is no detailed description of its specific habitat preferences beyond these locations.",1,NA,"R1, Dry grasslands",soil corer,Germany,Baden-Wuerttemberg,"48.13,8.13",1100,2022,NA,NA
Mesaphorura hylophila,Mesaphorura,Tullbergiidae,3158774,species,,,,the sources contain no explicit statement about this species' diet,6,29200916(medline)|721B6E0C8C06FFB9FF382184A911277F(plazi)|03CF878BFFBAC27821F25D69FECDA81E(plazi)|D2CB190F4FA5E431AF19C37F1009A442(plazi)|PMC5672563(pmc),"Based on the provided documents, there is no specific information regarding the diet or feeding habits of *Mesaphorula hylophila* . The document primarily focuses on taxonomic descriptions and records of species found in Tibet, without detailing ecological aspects such as food sources.",,,,6,29200916(medline)|721B6E0C8C06FFB9FF382184A911277F(plazi)|03CF878BFFBAC27821F25D69FECDA81E(plazi)|E75F2B15FFDBFFEDFCB56887FDDDF9DA(plazi)|D2CB190F4FA5E431AF19C37F1009A442(plazi)|PMC5672563(pmc),"Based on the provided documents, the specific body length of *Mesaphorura hylophila* is not mentioned .",,,,the sources give no explicit habitat description for this species,6,29200916(medline)|721B6E0C8C06FFB9FF382184A911277F(plazi)|D2CB190F4FA5E431AF19C37F1009A442(plazi)|03CF878BFFBAC27821F25D69FECDA81E(plazi)|PMC5672563(pmc),"Based on the provided documents, the specific habitat of *Mesaphorula hylophila* is not explicitly mentioned. However, it is noted that this species has been recorded in Tibet for the first time, suggesting its occurrence in the region, which is likely associated with alpine or high-altitude environments typical for Collembola . Further details about its exact habitat would require additional studies.",2,NA,"NA|R1, Dry grasslands",NA|soil corer,Germany,Baden-Wuerttemberg,"NA|47.9,8.07",NA|970,2021-2022,NA,NA
Mesaphorura krausbaueri,Mesaphorura,Tullbergiidae,3158775,species,,,,the sources contain no explicit statement about this species' diet,7,23202633(medline)|E03187B3FFB2D465FF31F727FC6FF953(plazi)|03A88104FFAA7B5CA59CF8C4F5C6AE74(plazi)|266B5D55F760FFF2FF7EFA2243BBF984(plazi)|E03187B3FFB2D466FF31F63BFE32FDD3(plazi)|721B6E0C8C06FFB9FF38239AA95E25BF(plazi)|03AA531A0F5B3534FF595D42FA9CA7D0(plazi),"Based on the provided documents, there is no specific information about the diet of *Mesaphorura krausbaueri*. The source mentions that this species was an exception in terms of its response to CO₂ enrichment, but it does not provide details about its feeding habits . Further research would be needed to determine what *Mesaphorura krausbaueri* feeds on.",,,,7,23202633(medline)|03A88104FFAA7B5CA59CF8C4F5C6AE74(plazi)|266B5D55F760FFF2FF7EFA2243BBF984(plazi)|E03187B3FFB2D465FF31F727FC6FF953(plazi)|721B6E0C8C06FFB9FF38239AA95E25BF(plazi)|03AA531A0F5B3534FF595D42FA9CA7D0(plazi)|E03187B3FFB2D466FF31F63BFE32FDD3(plazi),"Based on the provided documents, the specific body length of *Mesaphorura krausbaueri* is not mentioned . The study notes that this species was an exception where CO₂ enrichment affected biomass, likely due to changes in body size and abundance, but no direct measurement of body length is given.",,soil|forest_wood,,the sources give no explicit habitat description for this species; no explicit habitat description in the sources; value inferred,7,23202633(medline)|721B6E0C8C06FFB9FF38239AA95E25BF(plazi)|03AA531A0F5B3534FF595D42FA9CA7D0(plazi),"Based on the provided documents, Mesaphorura krausbaueri is a species of Collembola (springtails) found in soil environments, specifically within the rhizosphere of plants in a mature temperate forest where CO₂ enrichment experiments were conducted . The document does not provide specific details about its exact microhabitat preferences beyond being part of the soil fauna influenced by atmospheric CO₂ levels.",1,NA,NA,NA,Germany,,NA,NA,2021,NA,NA
Mesaphorura macrochaeta,Mesaphorura,Tullbergiidae,2651973,species,,,,the sources contain no explicit statement about this species' diet,13,36234404(medline)|16112312(medline)|29362535(medline)|23438196(medline)|DE3DBD36FFC3DC73E3EFF8A3FD9EFE56(plazi)|721B6E0C8C06FFB9FF3822DEA95E22BB(plazi)|502187F3DD47FF81FF34FB070AC2FA90(plazi)|03EA87B2FFA6FFF3FF26FB5CFCD69F07(plazi)|03CF878BFFBBC27921E05DCAFD21AB5E(plazi)|266B5D55F760FFF2FF7EF93A457DF86D(plazi)|PMC9565337(pmc)|PMC5769716(pmc),"Based on the provided documents, there is no specific information about the diet of *Mesaphorura macrochaeta*. The sources discuss its ecological distribution, avoidance behavior, and habitat preferences but do not mention feeding habits . Further research would be needed to determine its food sources.",,,,13,23438196(medline)|29362535(medline)|36234404(medline)|721B6E0C8C06FFB9FF3822DEA95E22BB(plazi)|DE3DBD36FFC3DC73E3EFF8A3FD9EFE56(plazi)|502187F3DD47FF81FF34FB070AC2FA90(plazi)|266B5D55F760FFF2FF7EF93A457DF86D(plazi)|03EA87B2FFA6FFF3FF26FB5CFCD69F07(plazi)|03CF878BFFBBC27921E05DCAFD21AB5E(plazi)|PMC9565337(pmc),"Based on the provided documents, there is no specific mention of the body length of *Mesaphorura macrochaeta*. The sources discuss its distribution, habitat preferences, and behavioral responses to environmental factors but do not provide morphological details such as body length . Therefore, the body length of this species cannot be determined from the given information.",freshwater,,direct,,13,23438196(medline)|29362535(medline)|721B6E0C8C06FFB9FF3822DEA95E22BB(plazi)|03EA87B2FFA6FFF3FF26FB5CFCD69F07(plazi)|DE3DBD36FFC3DC73E3EFF8A3FD9EFE56(plazi)|266B5D55F760FFF2FF7EF93A457DF86D(plazi)|502187F3DD47FF81FF34FB070AC2FA90(plazi)|PMC5769716(pmc)|PMC9565337(pmc),"Based on the provided documents, *Mesaphorura macrochaeta* is found in various habitats. It has been recorded from Deception Island, where it is one of the native springtail species . Additionally, this species is present in riparian environments in northern Moldova, specifically abundant on river banks . The species' habitat preferences include both terrestrial and aquatic adjacent areas.",2,NA,"R1M Lowland to montane, dry to mesic grassland usually dominated by Nardus stricta|G1, Broadleaved deciduous woodland",soil corer|NA,Germany,Baden-Wuerttemberg|Lower Saxony,"48.1,8.95|51.8829,10.6462",860|309,2020-2022,NA|Temperate_Broadleaf_&_Mixed_Forest_simplify-0.001_buffered-0.018,NA|Western_European_broadleaf_forests
Mesaphorura simplex,Mesaphorura,Tullbergiidae,187655,genus,,,,,0,,,,,,0,,,,,,,0,,,3,Adult,Arctic tundra,NA,Norway,Svalbard,"78.184,15.736",NA,2013,NA,Russian_Arctic_desert
Mesogastrura libyca,Mesogastrura,Hypogastruridae,2976467,genus,,,,the sources contain no explicit statement about this species' diet,3,8A7987B79F197B46B1E495AE4D2094A4(plazi)|8A7987B79F157B4FB1E493E74D1497A0(plazi),"Based on the provided documents, there is no explicit information regarding the diet or feeding habits of *Mesogastrura libyca*. The descriptions focus on morphological characteristics such as the maxillary head shape, labial palp structure, and other anatomical features . To determine its dietary preferences, additional ecological or experimental studies would be required.",,1,body size of the target species not available; the value reported in the source is for Mesogastrura ojcoviensis,3,8A7987B79F197B46B1E495AE4D2094A4(plazi)|8A7987B79F157B4FB1E493E74D1497A0(plazi),"Based on the provided documents, the body length of *Mesogastrura libyca* is not explicitly stated . However, it can be inferred that its body length is similar to other species within the genus, such as *Mesogastrura ojcoviensis*, which has an average body length of about 1.0 mm . Further specific measurements for *M. libyca* would require direct reference from detailed morphological studies.",cave,soil,direct,no explicit habitat description in the sources; value inferred,3,03CF878BFF9EC25C22A55BB5FB18AA1A(plazi),"Based on the provided documents, *Mesogastrura libyca* has been reported from cave systems, specifically the ""Grotte de Mont-de-Chac près de Saleich"" in Haute-Garonne, France . The species is associated with subterranean habitats, indicating it likely inhabits caves or similar underground environments. No additional specific habitat details are provided in the sources.",4,Adult,Garden Litter,NA,Sweden,Kalmar,"56.37,16.54",NA,2015,NA,Sarmatic_mixed_forests
Metaphorura affinis,Metaphorura,Tullbergiidae,2041947,species,,,,the sources contain no explicit statement about this species' diet,5,4F034B6EFFB83575D939F9E23C02FB22(plazi)|721B6E0C8C06FFB9FF382722A911214B(plazi)|03AA531A0F583537FFA85A8DFACAAE3E(plazi),"Based on the provided documents, there is no explicit mention of the diet or feeding habits of *Metaphorura affinis*. The sources describe its ecological preferences, such as habitats in meadows, pastures, and areas with specific vegetation like oak trees and *Robinia pseudoacacia*, but do not specify what it feeds on , , . Further research would be needed to determine its dietary preferences.",,,,5,721B6E0C8C06FFB9FF382722A911214B(plazi)|03CF878BFFBBC26622AE585DFD7FAE4A(plazi)|03AA531A0F583537FFA85A8DFACAAE3E(plazi)|4F034B6EFFB83575D939F9E23C02FB22(plazi),"Based on the provided documents, there is no specific mention of the body length of *Metaphorura affinis*. The sources describe its ecology, distribution, and morphological characteristics but do not provide measurements related to body size . Therefore, the body length of *Metaphorura affinis* cannot be determined from the given information.",leaf_litter|grassland|soil,,direct,,5,03AA531A0F583537FFA85A8DFACAAE3E(plazi)|4F034B6EFFB83575D939F9E23C02FB22(plazi)|721B6E0C8C06FFB9FF382722A911214B(plazi),"Based on the provided documents, *Metaphorura affinis* inhabits salt land pastures, drained meadow soils, and areas under oak trees with soil and leaf litter , , . It has also been recorded in shrub steppe environments .",4,NA,"R1, Dry grasslands",soil corer,Germany,Baden-Wuerttemberg,"49.09,8.56|48.78,8.8|47.94,8.63",200|540|760,2022,NA,NA
Metaphorura denisi,Metaphorura,Tullbergiidae,187658,species,,,,the sources contain no explicit statement about this species' diet,3,766487A4FFC79467FFC40CEBFA68FA65(plazi)|721B6E0C8C05FFBAFF382184AEA12745(plazi)|03CF878BFFA4C26621E15BEFFD5EA98E(plazi),"Based on the provided documents, there is no specific information about the diet of *Metaphorura denisi*. The sources describe its taxonomy, geographic distribution, and habitat but do not mention feeding habits . Further research would be needed to determine its dietary preferences.",,,,3,721B6E0C8C05FFBAFF382184AEA12745(plazi)|03CF878BFFA4C26621E15BEFFD5EA98E(plazi),"Based on the provided documents, there is no specific mention of the body length of *Metaphorura denisi*. The sources describe its ecology, habitat, and distribution but do not provide measurements . Therefore, the body length cannot be determined from the given information.",leaf_litter|soil,,direct,,3,721B6E0C8C05FFBAFF382184AEA12745(plazi),"Based on the provided documents, *Metaphorura denisi* inhabits soil and leaf litter under willow, oak, and walnut trees in Iran . Additionally, it is found in Western and Central Europe, as well as Israel . The specific habitat details for other regions are not fully described in the given sources.",1,,NA,NA,France,,"46.64237,2.1940236",NA,1999,NA,Western_European_broadleaf_forests
Micranurida forsslundi,Micranurida,Neanuridae,187659,genus,,,,the sources contain no explicit statement about this species' diet,1,4F034B6EFFBF3573D901F9B03B53FD3E(plazi),"Based on the provided documents, there is no specific information regarding the diet or feeding habits of *Micranurida forsslundi*. The available data focus on its distribution and habitat rather than its ecological interactions .",,,,1,4F034B6EFFBF3573D901F9B03B53FD3E(plazi),"Based on the provided documents, there is no specific mention of the body length of *Micranurida forsslundi*. The text describes its distribution and habitat but does not provide morphological details such as body length .",forest_wood,,direct,"habitat statement concerns Caucasus and, not the target species",1,4F034B6EFFBF3573D901F9B03B53FD3E(plazi),"Based on the provided documents, *Micranurida forsslundi* occurs in a variety of habitats within the forest belt of the Tsey Gorge . It has been recorded from the northwestern Caucasus and North Ossetia, indicating a distribution across different forested areas in this region .",4,adult|Adult,"Coniferous forest|Moss, spruce/pine forest",Soil/litter sample|NA,Finland|Norway,Telemark,"65.32,25.371|59.862,8.939",NA,2015-2019,Boreal_Forest_Taiga_simplify-0.1_buffered-0.018|NA,Scandinavian_and_Russian_taiga
Micranurida meridionalis,Micranurida,Neanuridae,3447685,species,,,,the sources contain no explicit statement about this species' diet,1,03CF878BFF8BC276227F58ACFE23AE63(plazi),"Based on the provided documents, there is no specific information given about the diet or feeding habits of *Micranurida meridionalis* . The text primarily focuses on its distribution and some biological notes but does not mention what it feeds on.",,,,1,03CF878BFF8BC276227F58ACFE23AE63(plazi),"Based on the provided documents, there is no specific mention of the body length of *Micranurida meridionalis*. The text provides distribution data and some biological notes but does not include morphological measurements .",,,,,1,03CF878BFF8BC276227F58ACFE23AE63(plazi),"Based on the provided documents, *Micranurida meridionalis* is found in various locations across southern France, including areas such as Aude, Haute-Garonne, Pyrénées, and the Tarn region. These habitats include mountainous regions like the Montagne Noire and areas near water bodies such as the Tarn River and its tributaries . The species appears to be associated with specific biotopes, though detailed ecological preferences are not fully described in the given text.",2,NA,NA,NA,France,,NA,NA,2016-2019,NA,NA
Micranurida pygmaea,Micranurida,Neanuridae,187660,species,,,,the sources contain no explicit statement about this species' diet,7,03ED87F4FFDCDD6542A3FACCFD79F876(plazi)|266B5D55F768FFFBFF7EF95442B0FE6D(plazi)|03CF878BFFB4C27621F55B0CFA87AD75(plazi)|03ED87F4FFDFDD6642A3FF4DFE4EF9BA(plazi)|E03187B3FF85D452FF31F2BFFB0EFB87(plazi)|502187F3DD43FF85FF34FB080AA7FA8F(plazi)|03EA87B2FFABFFFEFF26FF48FDD39B2B(plazi),"Based on the provided documents, no specific information about the diet or feeding habits of *Micranurida pygmaea* is given. The sources describe morphological characteristics, distribution, and taxonomic notes but do not mention its food source . Further research would be needed to determine its dietary preferences.",,0.3-0.42,body size of the target species not available; the value reported in the source is for Micranurida hunanensis,7,03ED87F4FFDCDD6542A3FACCFD79F876(plazi)|03CF878BFFB4C27621F55B0CFA87AD75(plazi)|03ED87F4FFDFDD6642A3FF4DFE4EF9BA(plazi)|E03187B3FF85D452FF31F2BFFB0EFB87(plazi)|266B5D55F768FFFBFF7EF95442B0FE6D(plazi)|03EA87B2FFABFFFEFF26FF48FDD39B2B(plazi)|502187F3DD43FF85FF34FB080AA7FA8F(plazi),"Based on the provided documents, the body length of *Micranurida pygmaea* is not explicitly stated. However, a related species, *Micranurida hunanensis*, has a body length ranging from 0.30 to 0.42 mm . Since *M. pygmaea* is described as ""pygmaean"" (meaning dwarf or very small), it is likely that its body length is similar or smaller than that of *M. hunanensis*. No direct measurements for *M. pygmaea* are given in the sources .",forest_wood|leaf_litter|soil|grassland,,direct,,7,03EA87B2FFABFFFEFF26FF48FDD39B2B(plazi)|03AECF752E2DFFD7579421F3FC60FBA6(plazi)|0380D71CFFD3FFF491FCFB3440BAFB14(plazi),"Based on the provided documents, *Micranurida pygmaea* inhabits disturbed forests of mid-altitude in Doi Inthanon, Thailand . It is also found in highlands grasslands in the state of Rio de Janeiro, Brazil, specifically in soil and leaf litter . Additionally, it occurs in subalpine belts at altitudes over 1500 m in Europe .",7,Adult,"NA|Moss, spruce/pine forest|Arctic tundra",NA,Moldova|Norway,Telemark|Svalbard,"47.3,28.95",NA,2011-2015,NA,Central_European_mixed_forests|Scandinavian_and_Russian_taiga|Russian_Arctic_desert
Monobella grassei,Monobella,Neanuridae,187671,species,,,,the sources contain no explicit statement about this species' diet,5,03CF878BFF8FC24D21CE582BFA53ADF5(plazi)|03CF878BFF8FC24D21DF5CEFFE0BA86D(plazi)|03CF878BFF88C24A21BC5B8BFCEAAA1F(plazi)|03CF878BFF88C24A21A85CB8FDBDA871(plazi)|03CF878BFF8FC24A22B65D0CFD5EAF5F(plazi),"Based on the provided documents, there is no specific information regarding the diet or feeding habits of *Monobella grassei*. The sources primarily focus on taxonomic descriptions and distribution data rather than ecological preferences or dietary information , , , , . Further research would be needed to determine its feeding behavior.",,,,5,03CF878BFF8FC24D21DF5CEFFE0BA86D(plazi)|03CF878BFF8FC24D21CE582BFA53ADF5(plazi)|03CF878BFF88C24A21BC5B8BFCEAAA1F(plazi)|03CF878BFF88C24A21A85CB8FDBDA871(plazi)|03CF878BFF8FC24A22B65D0CFD5EAF5F(plazi),"Based on the provided documents, there is no specific information regarding the body length of *Monobella grassei*. The sources focus on distribution, subspecies classification, and geographical locations rather than morphological characteristics such as body length .",forest_wood,,direct,,5,03CF878BFF8FC24D21DF5CEFFE0BA86D(plazi)|03CF878BFF88C24A21BC5B8BFCEAAA1F(plazi)|03CF878BFF88C24A21A85CB8FDBDA871(plazi)|03CF878BFF8FC24D21CE582BFA53ADF5(plazi),"Based on the provided documents, *Monobella grassei* inhabits various regions across France, including the Pyrenees, Aude, Gard, Ariège, and others. Its distribution spans from low to high altitudes, with specific mentions of locations such as the Massif des Corbières and Larroque-des-Albères at elevations up to 1050 meters . The subspecies exhibit preferences for different microhabitats within these areas, often associated with rocky or forested environments .",3,NA,NA,NA,France|United Kingdom,,"NA|50.379,-3.84|51.2119,-0.3175",NA,2013-2015,NA,NA|Celtic_broadleaf_forests|English_Lowlands_beech_forests
Neanura moldavica,Neanura,Neanuridae,106919,genus,,fungivore,,"the sources contain no explicit statement about this species' diet; no explicit diet statement in the sources; value inferred; statement refers to Collembola in general, not to this species",4,29362535(medline)|541287D01975FFF326AAF8C0915EB58F(plazi)|541287D01974FFF726AAFAC0961CB5D9(plazi)|PMC5769716(pmc),"Based on the provided documents, there is no explicit information about the diet or feeding habits of *Neanura moldavica*. The document primarily describes the habitat preferences and community composition of Collembola species in northern Moldova . Further research would be needed to determine the specific dietary requirements of this species.",,,,4,29362535(medline)|541287D01974FFF726AAFAC0961CB5D9(plazi)|PMC5769716(pmc),"Based on the provided documents, there is no specific mention of the body length of *Neanura moldavica*. The text describes its presence and ecological preferences but does not provide morphological details such as body length . Further research or references would be needed for this information.",freshwater,,direct,,4,29362535(medline)|541287D01975FFF326AAF8C0915EB58F(plazi)|PMC5769716(pmc),"Based on the provided documents, Neanura moldavica is endemic to Moldova and is part of the riparian Collembola communities. It was specifically mentioned as one of the species found in the river bank habitats of Brani te, indicating its preference for such environments . There is no further detailed description of its exact microhabitat within these areas.",6,,NA,NA,Moldova,,"47.072567,28.391111",NA,2011,NA,Central_European_mixed_forests|NA
Neanura muscorum,Neanura,Neanuridae,106920,species,fungivore,,direct,,12,26153104(medline)|266B5D55F76FFFFDFF7EFDA54425FC48(plazi)|4071A517C817551FACE4744E97A5AF78(plazi)|03EA87B2FFB3FFE6FF26F969FCF99DA7(plazi)|721B6E0C8C0EFFB1FF3822E5AE7922C8(plazi)|03AA531A0F563539FFA85FBEFBE7A289(plazi)|03CF878BFF88C24B229B5B6DFD0BABF1(plazi)|PMC4495557(pmc),"Based on the provided documents, Neanura muscorum feeds on a diet supplemented with slime mould, which is essential for its growth and reproduction. This dietary requirement is linked to the 'suctorial' mouthpart morphology characteristic of the Neanuridae family .",,,,12,26153104(medline)|37161456(medline)|03EA87B2FFB3FFE6FF26F969FCF99DA7(plazi)|266B5D55F76FFFFDFF7EFDA54425FC48(plazi)|4071A517C817551FACE4744E97A5AF78(plazi)|721B6E0C8C0EFFB1FF3822E5AE7922C8(plazi)|03CF878BFF88C24B229B5B6DFD0BABF1(plazi)|PMC4495557(pmc),"Based on the provided documents, there is no specific mention of the body length of *Neanura muscorum*. The sources discuss aspects such as dietary requirements, morphological features like mouthparts and musculature, but do not provide measurements related to body length , . Further research would be needed to determine this parameter.",,,,the sources give no explicit habitat description for this species,12,26153104(medline)|03EA87B2FFB3FFE6FF26F969FCF99DA7(plazi)|721B6E0C8C0EFFB1FF3822E5AE7922C8(plazi)|4071A517C817551FACE4744E97A5AF78(plazi)|PMC10169344(pmc)|PMC4495557(pmc),"Based on the provided documents, Neanura muscorum is associated with environments where slime mould is present, as it can be reared in laboratory conditions when its diet is supplemented with slime mould . However, specific details about its natural habitat are not explicitly mentioned in the sources.",52,A|I|Adult|NA|immature|adult,"NA|EUNIS G4; Formica polyctena nest. Deciduous forest|Sea shore|Peatland|Arctic city garden|R1M Lowland to montane, dry to mesic grassland usually dominated by Nardus stricta|R1, Dry grasslands","NA|Pan Trap|Soil/litter sample|Litter from decaying pine stump|Moss sample|Litter sample, under decaying aspen|soil corer",France|Moldova|Denmark|United Kingdom|Finland|Estonia|Germany,Occitanie|Baden-Wuerttemberg,"NA|47.3,28.95|47.3,28.0667",NA,1997-2023,NA|Temperate_Broadleaf_&_Mixed_Forest_simplify-0.001_buffered-0.018|Boreal_Forest_Taiga_simplify-0.1_buffered-0.018,NA|Central_European_mixed_forests|Pyrenees_conifer_and_mixed_forests|Baltic_mixed_forests|Sarmatic_mixed_forests|Scandinavian_and_Russian_taiga|Celtic_broadleaf_forests|Western_European_broadleaf_forests
Neelides minutus,Neelides,Neelidae,332382,species,,,,the sources contain no explicit statement about this species' diet,2,03A8760E7B1E4F0672BBFE08D00E75EC(plazi)|03CF878BFFE0C22220055B8CFEFCAA1F(plazi),"Based on the provided documents, there is no specific information regarding the diet or feeding habits of *Neelides minutus* . The sources primarily focus on taxonomic descriptions, distribution, and ecological indicators rather than dietary preferences. Further research would be needed to determine its food source.",,,,2,03CF878BFFE0C22220055B8CFEFCAA1F(plazi)|03A8760E7B1E4F0672BBFE08D00E75EC(plazi),"Based on the provided documents, there is no specific mention of the body length of *Neelides minutus*. The sources discuss its distribution, ecology, and morphological characteristics but do not provide measurements , .",,soil,,the sources give no explicit habitat description for this species; no explicit habitat description in the sources; value inferred,2,03CF878BFFE0C22220055B8CFEFCAA1F(plazi),"Based on the provided documents, Neelides minutus is found in the region of Morvan and also in the Tarn and Aude departments, as well as the Montagne Noire area . It is noted as a bioindicator species, suggesting it may inhabit specific ecological conditions indicative of certain environmental qualities . However, detailed habitat preferences such as soil type or moisture levels are not explicitly mentioned in the given sources.",1,NA,"R1, Dry grasslands",soil corer,Germany,Baden-Wuerttemberg,"47.9,8.07",970,2022,NA,NA
Neelus koseli,Neelus,Neelidae,1136003,species,,,,the sources contain no explicit statement about this species' diet,6,03F6757CFF7BA640FF4CF8D2DCB96CAA(plazi)|03A8760E7B614F0772BBFBDDD06270F3(plazi)|5E3487991A52A329FF0D5BA4606BEB42(plazi)|3545FC68FFF1FFC8A691FEB7C35CABBC(plazi)|03A8760E7B634F1772BBFF45D63672A9(plazi)|10.5852/ejt.2017.363(pmc),"Based on the provided documents, there is no specific information regarding the diet or feeding habits of *Neelus koseli*. The sources discuss taxonomic relationships, morphological characteristics, and geographic distribution but do not mention dietary preferences . Further research would be needed to determine the ecological niche and food source of this species.",,,"nearest measurement in the source is a body part, not body length (300 µm); nearest measurement in the source is a body part, not body length (0.32 mm); nearest measurement in the source is a body part, not body length (0.3 mm)",6,5E3487991A52A329FF0D5BA4606BEB42(plazi)|10.5852/ejt.2017.363(pmc),"Based on the provided documents, the body length of *Neelus koseli* is not explicitly mentioned. However, the description mentions ""head length and width as 320 and 300 µm, respectively"" . This suggests that the head dimensions are approximately 0.32 mm and 0.3 mm, but without additional data on the entire body length, an exact measurement cannot be determined from the given sources.",soil|cave,,direct,"habitat statement concerns Silicikum platform, not the target species",6,5E3487991A52A329FF0D5BA4606BEB42(plazi)|10.5852/ejt.2017.363(pmc),"Based on the provided documents, *Neelus koseli* is an obligate cave-dwelling species inhabiting subterranean environments. It is part of the fauna found in the Silicikum platform's underground habitats prior to the region's tectonic fragmentation . This species contributes to the understanding of cave ecosystems in the Western Carpathians, indicating the presence of terrestrial troglobionts in this area .",1,,NA,NA,Slovakia,,"48.86,21.17",NA,2009,NA,Pannonian_mixed_forests
Oligaphorura absoloni,Oligaphorura,Onychiuridae,1052799,genus,,,,the sources contain no explicit statement about this species' diet,4,721B6E0C8C1DFFA3FF382645A88F273C(plazi)|266B5D55F758FFCAFF7EFE55450CFC0A(plazi)|4F034B6EFFB93575D938F9723A30FB8F(plazi)|03CF878BFFBCC27E22945B28FAE7AA6C(plazi),"Based on the provided documents, there is no specific information about the diet or feeding habits of *Oligaphorura absoloni*. The sources describe its ecological preferences and geographic distribution but do not mention what it feeds on .",,,,4,03CF878BFFBCC27E22945B28FAE7AA6C(plazi)|266B5D55F758FFCAFF7EFE55450CFC0A(plazi)|721B6E0C8C1DFFA3FF382645A88F273C(plazi)|4F034B6EFFB93575D938F9723A30FB8F(plazi),"Based on the provided documents, there is no specific mention of the body length of *Oligaphorura absoloni*. The sources discuss its taxonomy, geographic distribution, and ecological preferences but do not provide morphological measurements .",leaf_litter|soil|forest_wood,,direct,"habitat statement concerns Holarctic species, not the target species",4,4F034B6EFFB93575D938F9723A30FB8F(plazi)|721B6E0C8C1DFFA3FF382645A88F273C(plazi)|03CF878BFFBCC27E22945B28FAE7AA6C(plazi),"Based on the provided documents, *Oligaphorura absoloni* inhabits soil and leaf litter under oak forests in Iran . It is a widespread Holarctic species commonly found in various forest types, including pine, maple, and beech forests . The species has been recorded at elevations ranging from 400 to 2400 meters across different regions . Its ecological preferences include wooded areas with vegetation cover .",3,Adult,"U. bark, dead birch trees",NA,Norway,Oppland,"61.471,8.817",NA,2014,NA,Scandinavian_Montane_Birch_forest_and_grasslands
Oligaphorura groenlandica,Oligaphorura,Onychiuridae,1790190,species,,,,the sources contain no explicit statement about this species' diet,7,21396373(medline)|9FB1576037A101BD33B713A1BCEC8340(plazi)|03CF878BFFBDC27F21D95C4FFEA4A85D(plazi)|CBF9ABB8AE4EF3758F22485050337639(plazi)|EAE8D8E4C398888BD256E332009CB892(plazi)|A202E58DDDB044CBEFC92CF1ABBD6371(plazi)|PMC4389124(pmc),"Based on the provided documents, there is no specific information about the diet of *Oligaphorura groenlandica*. The source mentions its overwintering strategy but does not describe its feeding habits . Further research would be needed to determine its dietary preferences.",,,,7,21396373(medline)|CBF9ABB8AE4EF3758F22485050337639(plazi)|03CF878BFFBDC27F21D95C4FFEA4A85D(plazi)|PMC4389124(pmc),"Based on the provided documents, the body length of *Oligaphorura groenlandica* is not specified .",,,,the sources give no explicit habitat description for this species,7,21396373(medline)|03CF878BFFBDC27F21D95C4FFEA4A85D(plazi)|9FB1576037A101BD33B713A1BCEC8340(plazi)|PMC4389124(pmc),"Based on the provided documents, Oligaphorura groenlandica is a springtail species that overwinters in an Arctic environment, as it is mentioned alongside other Arctic springtails . The specific habitat details are not explicitly stated, but its association with Arctic conditions suggests it inhabits cold, possibly terrestrial environments typical of Arctic regions.",3,Adult,Arctic tundra,NA,Norway,Svalbard,"79.252,20.134",NA,2013,NA,NA
Oligaphorura uralica,Oligaphorura,Onychiuridae,1052799,genus,,,,the sources contain no explicit statement about this species' diet,1,013C8786FFB6FFD0FEAA363D4E7EFE82(plazi),"Based on the provided documents, there is no specific information given about the diet or feeding habits of *Oligaphorura uralica*. The text describes taxonomic distinctions but does not mention ecological data related to its food source .",,,,1,013C8786FFB6FFD0FEAA363D4E7EFE82(plazi),"Based on the provided documents, the body length of *Oligaphorura uralica* is not specified . The text mentions its classification and some morphological features but does not provide measurements for body length.",,,,the sources give no explicit habitat description for this species,1,013C8786FFB6FFD0FEAA363D4E7EFE82(plazi),"Based on the provided documents, the specific habitat of *Oligaphorura uralica* is not explicitly mentioned. The text primarily discusses taxonomic distinctions between various *Micraphorura* species, including *O. uralica*, but does not provide details about its ecological or geographic distribution . Further research would be needed to determine its habitat preferences.",3,,NA,NA,Moldova,,"47.28333,28.01667|47.2833,28.0167",NA,2010,NA,Central_European_mixed_forests
Oligaphorura ursi,Oligaphorura,Onychiuridae,1052799,genus,,,,the sources contain no explicit statement about this species' diet,2,9FB1576037A101BD33B713A1BCEC8340(plazi)|PMC4389124(pmc),"Based on the provided documents, there is no specific information regarding the diet or feeding habits of *Oligaphorura ursi*. The sources describe its habitat and morphological characteristics but do not mention its food source . Further research would be needed to determine its dietary preferences.",,,,2,9FB1576037A101BD33B713A1BCEC8340(plazi)|PMC4389124(pmc),"Based on the provided documents, the body length of *Oligaphorura ursi* is not specified . The description focuses on morphological features such as the number and type of setae but does not provide measurements related to body length.",,,,,2,9FB1576037A101BD33B713A1BCEC8340(plazi)|PMC4389124(pmc),"Based on the provided documents, *Oligaphorura ursi* inhabits different wet sites above the tree line in the Magadan region . This species is noted as being common in these environments, contrasting with its relative *Oligaphorura groenlandica*.",3,Adult,Arctic tundra,NA,Norway,Svalbard,"79.252,20.134",NA,2013,NA,NA
Oncopodura crassicornis,Oncopodura,Oncopoduridae,187676,species,,,,the sources contain no explicit statement about this species' diet,6,E03187B3FFF4D423FF31F4FFFD1DF952(plazi)|DE3DBD36FFDEDC70E304F9C0FD87FC28(plazi)|03CF878BFFDFC21D21D85E0DFD5EA97B(plazi)|502187F3DD5BFF9DFF34FB890A45FB77(plazi)|2578E112FFB4FE28FF5B9303FC00FCE1(plazi),"Based on the provided documents, there is no specific information regarding the diet or feeding habits of *Oncopodura crassicornis*. The sources primarily describe its distribution, taxonomy, and occurrence in various regions but do not mention its food source .",,,,6,DE3DBD36FFDEDC70E304F9C0FD87FC28(plazi)|03CF878BFFDFC21D21D85E0DFD5EA97B(plazi)|E03187B3FFF4D423FF31F4FFFD1DF952(plazi)|502187F3DD5BFF9DFF34FB890A45FB77(plazi),"Based on the provided documents, there is no specific mention of the body length of *Oncopodura crassicornis*. The available information focuses on its distribution, citations, and general morphology but does not provide detailed measurements .",forest_wood|agricultural,,direct,,6,E03187B3FFF4D423FF31F4FFFD1DF952(plazi)|03CF878BFFDFC21D21D85E0DFD5EA97B(plazi)|DE3DBD36FFDEDC70E304F9C0FD87FC28(plazi),"Based on the provided documents, Oncopodura crassicornis is found in forested areas and cultivated lands in Vietnam, specifically mentioned in the Mekong River Delta region within the Lung Ng.c Ho.ng natural reserve . Additionally, it has been recorded in various locations across the Palaearctic region, including mountainous areas such as the Massif del Arize in France . The species is also noted to be frequent in certain sampling sites, suggesting its presence in diverse habitats within its range .",2,NA,"R1, Dry grasslands|epikarst",soil corer|NA,Germany|Slovakia,Baden-Wuerttemberg|Zilina,"47.79,9.4|49.006,19.584",670|NA,2019-2022,NA|Temperate_Conifer_Forest_simplify-0.001_buffered-0.018,NA|Carpathian_montane_forests
Onychiuroides alpinus,Onychiuroides,Onychiuridae,,,,,,,0,,,,,,0,,,,,,,0,,,3,,cave,pitfall traps,Italy,,"45.89436,11.388695",NA,2022,NA,NA
Onychiuroides granulosus,Onychiuroides,Onychiuridae,,,,,,the sources contain no explicit statement about this species' diet,2,721B6E0C8C1CFFA3FF382274A93F2214(plazi)|03CF878BFFBDC27F21E75A89FD72AACE(plazi),"Based on the provided documents, there is no specific information given about the diet of *Onychiuroides granulosus* , . The sources mention its ecological habitat as soil but do not specify feeding habits. Further research would be needed to determine its food source.",,,,2,03CF878BFFBDC27F21E75A89FD72AACE(plazi)|721B6E0C8C1CFFA3FF382274A93F2214(plazi),"Based on the provided documents, there is no specific information given about the body length of *Onychiuroides granulosus* , . The sources mention its distribution and ecology but do not provide measurements related to its body size.",soil,,direct,,2,721B6E0C8C1CFFA3FF382274A93F2214(plazi)|03CF878BFFBDC27F21E75A89FD72AACE(plazi),"Based on the provided documents, Onychiuroides granulosus is found in soil habitats in Iran . Additionally, it is mentioned in relation to specific regions in France, such as the Northern Pyrenees and Tarn, but no explicit habitat details are given for these locations .",3,,cave,pitfall traps,Italy,,"45.72375,9.910944|45.742027,9.880917",NA,2023,NA,NA
Onychiurus ambulans,Onychiurus,Onychiuridae,187677,species,,,,the sources contain no explicit statement about this species' diet,5,5852220F44D1B869FDAF4AA97053FBED(plazi)|E03187B3FFB7D460FF31F35EFD41FB13(plazi)|03CF878BFFBDC27C229F5A29FD5EADC9(plazi)|10.11646/zootaxa.5147.1.1(pmc)|10.11646/zootaxa.5182.5.3(pmc),"Based on the provided documents, there is no specific information regarding the diet of *Onychiurus ambulans*. The sources describe its distribution, taxonomy, and morphological characteristics but do not mention feeding habits . Further research would be needed to determine its dietary preferences.",,1.4-1.8,body size of the target species not available; the value reported in the source is for Onychiurus heilongjiangensis,5,5852220F44D1B869FDAF4AA97053FBED(plazi)|10.11646/zootaxa.5147.1.1(pmc)|10.11646/zootaxa.5182.5.3(pmc),"Based on the provided documents, the body length of *Onychiurus ambulans* is not explicitly stated. However, for a closely related species, *Onychiurus heilongjiangensis*, the body length is given as females 1.6-1.8 mm and males 1.4-1.6 mm . This may provide an approximate idea but does not directly answer the query about *Onychiurus ambulans*.",forest_wood|grassland|agricultural|synanthropic,,direct,,5,E03187B3FFB7D460FF31F35EFD41FB13(plazi)|03CF878BFFBDC27C229F5A29FD5EADC9(plazi)|10.11646/zootaxa.5147.1.1(pmc),"Based on the provided documents, *Onychiurus ambulans* inhabits forests, grasslands, cultivated lands, and gardens in Vietnam . It is also found in various regions of Europe, including France, Ardennes, Aveyron, and Calvados .",1,,NA,NA,France,,"46.64237,2.1940236",NA,1998,NA,Western_European_broadleaf_forests
Onychiurus folsomi,Onychiurus,Onychiuridae,136168,genus,,,,the sources contain no explicit statement about this species' diet,3,20821452(medline)|038A8793FFB2677354C6F8CBFBAEFE84(plazi),"Based on the provided documents, there is no specific information regarding the diet of *Onychiurus folsomi*. The source discusses the toxicity of methyl tert-butyl ether (MTBE) to this species but does not mention its feeding habits . Further research would be needed to determine what *Onychiurus folsomi* feeds on.",,,,3,20821452(medline)|038A8793FFB2677354C6F8CBFBAEFE84(plazi)|460287B0FFA7E57218989917FC1FF948(plazi),"Based on the provided documents, there is no specific information regarding the body length of *Onychiurus folsomi*. The source discusses the toxicity of methyl tert-butyl ether (MTBE) to this species but does not provide morphological details such as body length . Further research would be required to determine this characteristic.",,soil,,the sources give no explicit habitat description for this species,3,20821452(medline)|460287B0FFA7E57218989917FC1FF948(plazi),"Based on the provided documents, Onychiurus folsomi is a species of soil invertebrate tested for toxicity from methyl tert-butyl ether (MTBE), indicating its habitat is soil environments . Specific details about its preferred microhabitat or ecological niche are not provided in the given source.",2,A,NA,NA,Germany,,"50.141,8.505",NA,,NA,Western_European_broadleaf_forests
Orchesella bifasciata,Orchesella,Orchesellidae,576794,species,,,,the sources contain no explicit statement about this species' diet,3,34141231(medline)|03CF878BFFCCC20E200B5CC1FDA9A8C0(plazi)|PMC8207353(pmc),"Based on the provided documents, there is no specific information about the diet of *Orchesella bifasciata*. The document mentions that *Orchesella bifasciata* is an indicator species for 2 DD samples but does not provide details regarding its feeding habits . Further research would be needed to determine its dietary preferences.",,,,3,34141231(medline)|03CF878BFFCCC20E200B5CC1FDA9A8C0(plazi)|PMC8207353(pmc),"Based on the provided documents, there is no specific information given about the body length of *Orchesella bifasciata*. The source mentions the species as an indicator for a particular degree of decay (DD) but does not provide morphological details such as body length .",,forest_wood,,the sources give no explicit habitat description for this species,3,34141231(medline)|03CF878BFFCCC20E200B5CC1FDA9A8C0(plazi)|PMC8207353(pmc),"Based on the provided documents, Orchesella bifasciata is associated with decaying wood samples having a decay degree (DD) of 2. This suggests that its habitat includes environments where wood is in an intermediate stage of decomposition . However, specific ecological preferences or detailed habitat characteristics beyond this association are not described in the given source.",61,Adult|adult|NA,"EUNIS C3; Littoral zone of inland surface waterbodies. Flushed organic matter at lakeshore|Sea shore|Dry meadow|Coniferous forest|NA|Moss in forest|F9.2, Willow carr and fen scrub",NA|Soil/litter sample|Pitfall trap|Pine needle litter sample|Malaise Trap,Denmark|Finland|Estonia|Germany|Sweden|Norway,Bavaria|Vestfold|Mecklenburg-Vorpommern,"56.19,9.57|60.154,24.865|59.825,21.587",NA,2013-2021,Temperate_Broadleaf_&_Mixed_Forest_simplify-0.001_buffered-0.018|NA|Boreal_Forest_Taiga_simplify-0.1_buffered-0.018,Baltic_mixed_forests|NA|Sarmatic_mixed_forests|Scandinavian_and_Russian_taiga|Western_European_broadleaf_forests
Orchesella cincta,Orchesella,Orchesellidae,48709,species,algivore,,experimental,the sources contain no explicit statement about this species' diet; evidence from laboratory feeding experiments; may not reflect the diet in the field,18,12919785(medline)|EC6387A4FFEA3733FF62A674FAC3FE6A(plazi)|266B5D55F710FF82FF7EFB5B444CF9B4(plazi)|721B6E0C8C34FF8BFF38222EAE01226A(plazi)|03CF878BFFCCC20E200D5A26FA87AA77(plazi)|03E5878DFFCEFFA9FFAEF9C88344F783(plazi)|0383FA70377D8B77C69FFDAA5ECCFCC1(plazi)|PMC5802828(pmc),"Based on the provided documents, Orchesella cincta feeds on algae. Specifically, it was noted that Orchesella cincta was used in bioassays where they were fed algae spiked with pyrene, indicating their dietary inclusion of algae . However, no direct information regarding its natural diet beyond this context is provided in the given sources.",,,,18,28311313(medline)|EC6387A4FFEA3733FF62A674FAC3FE6A(plazi)|721B6E0C8C34FF8BFF38222EAE01226A(plazi)|266B5D55F710FF82FF7EFB5B444CF9B4(plazi)|03CF878BFFCCC20E200D5A26FA87AA77(plazi)|03E5878DFFCEFFA9FFAEF9C88344F783(plazi)|PMC4987106(pmc),"Based on the provided documents, specific body length measurements for *Orchesella cincta* are not explicitly mentioned. However, studies involving this species often reference its size in the context of other organisms or ecological interactions, suggesting it is a small arthropod typically measuring millimeters in length . For precise body length details, additional direct measurement data would be required.",soil|forest_wood|leaf_litter,,direct,,17,12927496(medline)|29410494(medline)|03E5878DFFCEFFA9FFAEF9C88344F783(plazi)|721B6E0C8C34FF8BFF38222EAE01226A(plazi)|0383FA70377D8B77C69FFDAA5ECCFCC1(plazi)|PMC4987106(pmc),"Based on the provided documents, Orchesella cincta inhabits forest floors and soils, where it plays a role in decomposing organic matter and interacting with microbial communities . It is specifically mentioned to dwell in soil environments, such as pine litter substrates, and is part of the soil food web .",683,NA|adult|Adult|immature,"NA|Oak|EUNIS C3; Littoral zone of inland surface waterbodies. Flushed organic matter at lakeshore|Garden|Coniferous forest|Urban|Dry pine litter|a front-garden|H3.6, Weathered rock and outcrop habitats",Malaise Trap|Berlese trap|NA|Pan Trap|Litter sample from decaying birch|Pitfall trap|Soil/litter sample|Litter sample from decaying birch stump|beating,United Kingdom|France|Moldova|Poland|Denmark|Finland|Estonia|Belarus|Germany|Norway|Belgium,Ile-de-France|Normandie|Minsk|Bavaria|Sor-Trondelag|Vestfold|England,"51.49583,-0.1783333",NA,2002-2025,Temperate_Broadleaf_&_Mixed_Forest_simplify-0.001_buffered-0.018|NA|Boreal_Forest_Taiga_simplify-0.1_buffered-0.018,"English_Lowlands_beech_forests|NA|European_Atlantic_mixed_forests|Western_European_broadleaf_forests|Central_European_mixed_forests|Baltic_mixed_forests|Celtic_broadleaf_forests|Sarmatic_mixed_forests|Scandinavian_and_Russian_taiga|Sarmatic_mixed_forests, Central_European_mixed_forests"
Orchesella flavescens,Orchesella,Orchesellidae,48711,species,,,,the sources contain no explicit statement about this species' diet,7,41024936(medline)|721B6E0C8C34FF8BFF382560A9202318(plazi)|03E5878DFFCCFFABFFAEFB1884A2FAEF(plazi)|PMC12476540(pmc),"Based on the provided documents, there is no specific information regarding the diet or feeding habits of *Orchesella flavescens* . Further research would be needed to determine its dietary preferences.",,,,7,41024936(medline)|721B6E0C8C34FF8BFF382560A9202318(plazi)|03CF878BFFCCC20F22A1585DFDB9AF40(plazi)|03E5878DFFCCFFABFFAEFB1884A2FAEF(plazi)|03AA531A0F5E3531FFA85FEBFD3CA2AF(plazi)|PMC12476540(pmc),"Based on the provided documents, there is no specific information regarding the body length of *Orchesella flavescens*. The source discusses the genome sequencing details but does not mention morphological characteristics such as body length .",,,,the sources give no explicit habitat description for this species,7,41024936(medline)|03E5878DFFCCFFABFFAEFB1884A2FAEF(plazi)|721B6E0C8C34FF8BFF382560A9202318(plazi)|PMC12476540(pmc),"Based on the provided documents, there is no specific information about the habitat of *Orchesella flavescens*. The source describes the genome sequence but does not mention ecological or environmental preferences . Additional research would be needed to determine its habitat.",1615,Adult|adult|immature|NA,"NA|EUNIS C3.232; Typha angustifolia beds. At waterhole.|EUNIS C3; Littoral zone of inland surface waterbodies. Flushed organic matter at lakeshore|Lake shore|Garden|Coniferous forest|R18 Perennial rocky calcareous grassland of subatlantic-submediterranean Europe|Spruce forest|G1.611, Medio-European collinar woodrush beech forests",NA|Moss/litter sample|Pitfall trap|Moss sample|Litter from decaying tree|Soil/litter sample|Malaise Trap|soil corer,Moldova|Denmark|Finland|Estonia|Norway|Sweden|Germany,Northern Ostrobothnia|Sor-Trondelag|Baden-Wuerttemberg|Vestfold|Mecklenburg-Vorpommern|Oppland,"NA|47.072567,28.391111",NA,2011-2022,NA|Temperate_Broadleaf_&_Mixed_Forest_simplify-0.001_buffered-0.018|Boreal_Forest_Taiga_simplify-0.1_buffered-0.018,NA|Central_European_mixed_forests|Baltic_mixed_forests|Scandinavian_and_Russian_taiga|Sarmatic_mixed_forests|Scandinavian_Montane_Birch_forest_and_grasslands
Orchesella multifasciata,Orchesella,Orchesellidae,48705,genus,,,,the sources contain no explicit statement about this species' diet,1,03AA531A0F5E3531FFA859A2FD61A0F7(plazi),"Based on the provided documents, there is no specific information regarding the diet or feeding habits of *Orchesella multifasciata* . The sources mention its geographical distribution but do not describe its food source. Further research would be needed to determine what this species feeds on.",,,,1,03AA531A0F5E3531FFA859A2FD61A0F7(plazi),"Based on the provided documents, there is no specific information given about the body length of *Orchesella multifasciata*. The sources mention its distribution and collection locations but do not provide morphological details such as body length .",,forest_wood|soil,,the sources give no explicit habitat description for this species; no explicit habitat description in the sources; value inferred,1,03AA531A0F5E3531FFA859A2FD61A0F7(plazi),"Based on the provided documents, *Orchesella multifasciata* is found in various locations across Europe, including Ukraine, and specifically in regions of Vojvodina such as Fruška Gora, Deliblatska Pčinja, Sajan, Alibunar, Perlezenta, Jabuka, and Obedska Bara. These areas suggest that the species inhabits forested and possibly moist environments . However, specific habitat details such as soil type or vegetation preference are not explicitly mentioned in the sources.",6,,NA,NA,Moldova,,"47.072567,28.391111",NA,2011,NA,Central_European_mixed_forests
Orchesella orientalis,Orchesella,Orchesellidae,48705,genus,,,,the sources contain no explicit statement about this species' diet,1,03CF878BFFCDC20F201D58ADFBCEADA4(plazi),"Based on the provided documents, there is no specific information given about the diet or feeding habits of *Orchesella orientalis* . The sources mention its distribution and ecological aspects but do not specify what it feeds on.",,,,1,03CF878BFFCDC20F201D58ADFBCEADA4(plazi),"Based on the provided documents, there is no specific mention of the body length of *Orchesella orientalis*. The sources discuss its distribution and ecology but do not provide measurements related to body size . Further research would be needed to determine this characteristic.",,,,the sources give no explicit habitat description for this species,1,03CF878BFFCDC20F201D58ADFBCEADA4(plazi),"Based on the provided documents, *Orchesella orientalis* is found at an altitude of 1350 m in the region of Ariège, France . It has also been recorded in the Haute-Garonne and Hautes-Pyrénées regions, specifically near Saint-Gaudens and in the valley of Aure . The specific habitat details are not explicitly mentioned, but its distribution suggests it may inhabit mountainous or high-altitude areas.",3,,NA,NA,Moldova,,"47.072567,28.391111",NA,2011,NA,Central_European_mixed_forests
Orchesella pseudobifasciata,Orchesella,Orchesellidae,48705,genus,,,,,0,,,,,,0,,,,,,,0,,,6,,NA,NA,Moldova,,"47.072567,28.391111|NA",NA,2011,NA,Central_European_mixed_forests|NA
Orchesella spectabilis,Orchesella,Orchesellidae,48705,genus,,,,the sources contain no explicit statement about this species' diet,2,03AA531A0F41352EFF595CBEFCDFA751(plazi)|721B6E0C8C34FF8BFF382472A97A2008(plazi),"Based on the provided documents, there is no specific information about the diet of *Orchesella spectabilis*. The sources mention its general distribution and habitat but do not describe feeding habits , . Further research would be needed to determine its dietary preferences.",,,,2,03AA531A0F41352EFF595CBEFCDFA751(plazi)|721B6E0C8C34FF8BFF382472A97A2008(plazi),"Based on the provided documents, there is no specific information given about the body length of *Orchesella spectabilis*. The sources mention ecological preferences, geographic distributions, and collection locations but do not provide morphological details such as body length , .",leaf_litter,forest_wood,direct,no explicit habitat description in the sources; value inferred,2,721B6E0C8C34FF8BFF382472A97A2008(plazi)|03AA531A0F41352EFF595CBEFCDFA751(plazi),"Based on the provided documents, *Orchesella spectabilis* inhabits leaf litter . This species is distributed across the Palaearctic region, with specific records from Sweden and parts of Europe . The ecological preference for leaf litter suggests it thrives in moist, organic-rich environments typical of forest floors.",26,Adult,NA|Leaf litter,NA|Malaise Trap,Moldova|Sweden,Kalmar,"NA|47.28333,28.01667",NA,2011-2021,NA|Temperate_Broadleaf_&_Mixed_Forest_simplify-0.001_buffered-0.018,NA|Central_European_mixed_forests|Sarmatic_mixed_forests
Orchesella villosa,Orchesella,Orchesellidae,48706,species,microbivore|herbivore,,direct,,10,35070508(medline)|03CF878BFFCDC20C22A4596FFD5EABF1(plazi)|266B5D55F711FF83FF7EFD35450CFC41(plazi)|03AA531A0F41352EFF595D80FCEBA447(plazi)|PMC8761369(pmc),"Based on the provided documents, Orchesella villosa feeds on both plant material and microorganisms. Isotope analysis indicates that during drought and under organic farming, this species shows a higher proportion of microorganisms in its diet .",,,,10,19016914(medline)|35070508(medline)|19027878(medline)|18157861(medline)|22056322(medline)|266B5D55F711FF83FF7EFD35450CFC41(plazi)|03CF878BFFCDC20C22A4596FFD5EABF1(plazi)|03AA531A0F41352EFF595D80FCEBA447(plazi)|PMC8761369(pmc),"Based on the provided documents, there is no specific mention of the body length of *Orchesella villosa*. The sources discuss various aspects such as genetics, trophic niches, sperm morphology, and ultrastructural features, but none provide measurements related to body length .",,soil,,the sources give no explicit habitat description for this species,10,35070508(medline)|266B5D55F711FF83FF7EFD35450CFC41(plazi)|03CF878BFFCDC20C22A4596FFD5EABF1(plazi)|PMC8761369(pmc),"Based on the provided documents, Orchesella villosa is a Collembola species that inhabits environments where it can find suitable food resources, such as soil and possibly organic matter, given its dietary interactions with microorganisms and plant materials . However, specific details about its exact habitat preferences are not explicitly mentioned in the sources.",53,NA|Adult,NA|leaf litter,NA|Malaise Trap,United Kingdom|France|Belgium|Poland|Germany|Sweden,England|West-Vlaanderen|Normandie|Rhineland-Palatinate|Kalmar,"53.593,-3.056|NA",NA,2001-2025,Temperate_Broadleaf_&_Mixed_Forest_simplify-0.001_buffered-0.018|NA,Celtic_broadleaf_forests|NA|Western_European_broadleaf_forests|European_Atlantic_mixed_forests|Central_European_mixed_forests|English_Lowlands_beech_forests|Sarmatic_mixed_forests
Orthonychiurus rectopapillatus,Orthonychiurus,Onychiuridae,2073079,genus,,,,the sources contain no explicit statement about this species' diet,1,721B6E0C8C03FFBCFF3820C9AE5424D1(plazi),"Based on the provided documents, there is no specific information about the diet or feeding habits of *Orthonychiurus rectopapillatus* . The source mentions its ecological role in soil but does not specify what it feeds on. Further research would be needed to determine its dietary preferences.",,,,1,721B6E0C8C03FFBCFF3820C9AE5424D1(plazi),"Based on the provided documents, there is no specific mention of the body length of *Orthonychiurus rectopapillatus* . The sources describe its ecology, habitat, and taxonomic history but do not provide morphological measurements. Further research would be needed to determine its body length.",soil,,direct,,1,721B6E0C8C03FFBCFF3820C9AE5424D1(plazi),"Based on the provided documents, *Orthonychiurus rectopapillatus* inhabits soil environments in Iran . The species is part of the Palaearctic region's fauna .",5,,NA,NA,Moldova,,"47.28333,28.01667",NA,2011,NA,Central_European_mixed_forests
Pachyotoma curva,Pachyotoma,Isotomidae,281429,genus,,,,,0,,,,,,0,,,,,,,0,,,3,Adult,Glacier edge,NA,Italy,,NA,NA,2015,NA,NA
Paratullbergia callipygos,Paratullbergia,Tullbergiidae,2926730,species,,,,the sources contain no explicit statement about this species' diet,4,14686939(medline)|766487A4FFC79467FFC40CEBFA68FA65(plazi)|03CF878BFFA4C2672286585DFCE4AA0A(plazi)|721B6E0C8C05FFBAFF3823E8A9232230(plazi),"Based on the provided documents, there is no specific information about the diet of *Paratullbergia callipygos*. The document mentions its classification and Wolbachia infection status but not its feeding habits . Further research would be needed to determine its dietary preferences.",,,,4,14686939(medline)|721B6E0C8C05FFBAFF3823E8A9232230(plazi)|03CF878BFFA4C2672286585DFCE4AA0A(plazi)|766487A4FFC79467FFC40CEBFA68FA65(plazi),"Based on the provided documents, there is no specific information regarding the body length of *Paratullbergia callipygos*. The source discusses the detection of Wolbachia in this species but does not provide morphological details such as body length .",,,,the sources give no explicit habitat description for this species,4,14686939(medline)|721B6E0C8C05FFBAFF3823E8A9232230(plazi)|03CF878BFFA4C2672286585DFCE4AA0A(plazi),"Based on the provided documents, no specific information about the habitat of *Paratullbergia callipygos* is given . Further research would be needed to determine its ecological preferences or environmental conditions.",2,NA,"NA|G1.6, Beech woodland",NA,France|Germany,Hesse,"NA|50.2158,8.30275",NA,2020,NA|Temperate_Broadleaf_&_Mixed_Forest_simplify-0.001_buffered-0.018,NA|Western_European_broadleaf_forests
Parisotoma agrelli,Parisotoma,Isotomidae,187681,genus,,,,the sources contain no explicit statement about this species' diet,1,03CF878BFFD7C21521A55EECFDB6AEA3(plazi),"Based on the provided documents, there is no specific information given about the diet of *Parisotoma agrelli* . The sources mention its distribution and taxonomic details but do not describe feeding habits. Further research would be needed to determine its food source.",,,,1,03CF878BFFD7C21521A55EECFDB6AEA3(plazi),"Based on the provided documents, there is no specific information given about the body length of *Parisotoma agrelli* . The sources mention its distribution and taxonomic details but do not provide measurements or dimensions related to its body size.",,marine_coastal,,the sources give no explicit habitat description for this species; no explicit habitat description in the sources; value inferred,1,03CF878BFFD7C21521A55EECFDB6AEA3(plazi),"Based on the provided documents, the specific habitat of *Parisotoma agrelli* is not explicitly mentioned. However, it is noted to be distributed in ""Finistère"" and collected from ""Jardin du laboratoire de Roscoff,"" suggesting it may inhabit coastal or marine environments associated with these regions . Further details about its exact habitat preferences are lacking in the given sources.",5,Adult,Damp seashore meadow,NA,Norway,Vestfold,"59.0974,10.4088",NA,2014,NA,NA
Parisotoma ekmani,Parisotoma,Isotomidae,1095205,species,,,,the sources contain no explicit statement about this species' diet,3,03D2AD21BD25A73F86CEF9A467A0875C(plazi)|266B5D55F70AFF98FF7EFE97450CFC3C(plazi),"Based on the provided documents, there is no specific information regarding the feeding habits of *Parisotoma ekmani*. The sources describe morphological characteristics and taxonomic notes but do not mention dietary preferences or food sources , . Further research would be needed to determine its diet.",,,,3,266B5D55F70AFF98FF7EFE97450CFC3C(plazi),"Based on the provided documents, there is no specific mention of the body length of *Parisotoma ekmani*. The sources discuss taxonomy, synonyms, and morphological features but do not provide measurements . Therefore, the body length of *Parisotoma ekmani* is not specified in the given texts.",,,,the sources give no explicit habitat description for this species,3,266B5D55F70AFF98FF7EFE97450CFC3C(plazi),"Based on the provided documents, there is no explicit mention of the habitat of *Parisotoma ekmani*. The references primarily focus on taxonomy, nomenclature, and synonyms rather than ecological or habitat preferences . Therefore, specific habitat details for *Parisotoma ekmani* are not available from the given sources.",4,adult,Alpine,Soil/litter sample,Finland,,"67.692,24.446",NA|559,2019,Boreal_Forest_Taiga_simplify-0.1_buffered-0.018,Scandinavian_and_Russian_taiga
Parisotoma notabilis,Parisotoma,Isotomidae,187682,species,,,,the sources contain no explicit statement about this species' diet,15,30743842(medline)|16112312(medline)|28170395(medline)|42107862(medline)|23049931(medline)|721B6E0C8C23FF9CFF3820FCA8192218(plazi)|PMC5295681(pmc),"Based on the provided documents, there is no specific information regarding the diet of *Parisotoma notabilis*. The sources discuss its ecological roles, genetic diversity, and responses to environmental stressors, but none detail its feeding habits . Further research would be needed to determine its dietary preferences.",,,,15,16112312(medline)|23049931(medline)|30743842(medline)|42107862(medline)|28170395(medline)|40266792(medline)|03EA87B2FFA0FFF5FF26FF01FDD39B08(plazi)|DE3DBD36FFDDDC72E3DCFAE1FBCEF90B(plazi)|E03187B3FFF8D42FFF31F4FFFD6BF8C3(plazi)|039A87B5FFFD0E07FF25F8B4FBE5FDC9(plazi)|502187F3DD5AFF9CFF34FF5E0C06FE28(plazi)|721B6E0C8C23FF9CFF3820FCA8192218(plazi)|PMC5295681(pmc)|PMC3458803(pmc)|PMC9836473(pmc),"Based on the provided documents, there is no specific mention of the body length of Parisotoma notabilis. The sources discuss various aspects of this species, including its genetic diversity, ecological roles, and responses to environmental stressors, but none provide detailed physical measurements such as body length .",,,,,15,42107862(medline)|30743842(medline)|28170395(medline)|40266792(medline)|03E5878DFFC1FFA7FF5DF8D584B2F79D(plazi)|721B6E0C8C23FF9CFF3820FCA8192218(plazi)|03DD371FFFADFFD834F6FE72FBB6FD02(plazi)|03B387DE0E35FFBDBF8CF8F873A8E94B(plazi)|PMC3458803(pmc)|PMC5295681(pmc),"Based on the provided documents, *Parisotoma notabilis* inhabits various environments including contaminated industrial regions, such as the Ural Copper Smelter in Russia and red mud affected areas in Hungary . It is also found in gypsum karsts in Spain . This species is commonly associated with disturbed habitats and human-modified environments .",404,NA|Adult|adult|I,"NA|EUNIS G4; Formica polyctena nest. Deciduous forest|R1, Dry grasslands|R1M Lowland to montane, dry to mesic grassland usually dominated by Nardus stricta|Sphagnum bog|Arctic tundra","NA|Soil/litter sample, under Populus trichocarpa|Litter sample from decaying birch|Soil/litter sample|soil corer",France|Belgium|Italy|Spain|Poland|Norway|Denmark|Finland|United Kingdom|Germany|Ukraine|Serbia|Bulgaria|Croatia|Greece|Slovenia|Netherlands|Moldova|Estonia,Occitanie|Ile-de-France|Catalonia|Provence-Alpes-Cote d'Azur|Corsica|Baden-Wuerttemberg|Vestfold|Svalbard|England|Navarra|Auvergne-Rhones-Alpes,"46.64237,2.1940236|42.8032,1.45843|42.47,9.121",NA|310,2001-2022,NA|Temperate_Broadleaf_&_Mixed_Forest_simplify-0.001_buffered-0.018|Boreal_Forest_Taiga_simplify-0.1_buffered-0.018,"Western_European_broadleaf_forests|Pyrenees_conifer_and_mixed_forests|Tyrrhenian-Adriatic_sclerophyllous_and_mixed_forests|European_Atlantic_mixed_forests|Italian_sclerophyllous_and_semi-deciduous_forests|NA|Central_European_mixed_forests|Scandinavian_and_Russian_taiga|Northeast_Spain_and_Southern_France_Mediterranean_forests|Corsican_montane_broadleaf_and_mixed_forests|Baltic_mixed_forests|Celtic_broadleaf_forests|Iberian_sclerophyllous_and_semi-deciduous_forests|East_European_forest_steppe|Balkan_mixed_forests|Rodope_montane_mixed_forests|Pannonian_mixed_forests|English_Lowlands_beech_forests|Aegean_and_Western_Turkey_sclerophyllous_and_mixed_forests|Russian_Arctic_desert|Northeast_Spain_and_Southern_France_Mediterranean_forests, Alps_conifer_and_mixed_forests|Dinaric_Mountains_mixed_forests|Sarmatic_mixed_forests"
Podura aquatica,Podura,Poduridae,50589,species,,,,the sources contain no explicit statement about this species' diet,11,31015288(medline)|18089059(medline)|12061958(medline)|6607879FFF969324D0F8FAC2BDC8FA25(plazi)|266B5D55F747FFDAFF7EF9D6457DFEF5(plazi)|721B6E0C8C14FFABFF382355A9102519(plazi)|4F034B6EFFB83574D9CBFA0D3C6EF9ED(plazi)|03CF878BFFA6C26420075CB3FD5EABF1(plazi)|D310DE2331D8A03A4FF9F94F7FCFD26C(plazi)|PMC10169344(pmc),"Based on the provided documents, there is no specific information regarding the diet of *Podura aquatica*. The sources discuss topics such as optical habitat location , midgut ultrastructural changes , and evolutionary relationships , but none mention feeding habits. Further research would be needed to determine their dietary preferences.",,,,11,31015288(medline)|18089059(medline)|12061958(medline)|6607879FFF969324D0F8FAC2BDC8FA25(plazi)|4F034B6EFFB83574D9CBFA0D3C6EF9ED(plazi)|721B6E0C8C14FFABFF382355A9102519(plazi)|266B5D55F747FFDAFF7EF9D6457DFEF5(plazi)|03CF878BFFA6C26420075CB3FD5EABF1(plazi)|D310DE2331D8A03A4FF9F94F7FCFD26C(plazi)|PMC10169344(pmc),"Based on the provided documents, there is no specific mention of the body length of *Podura aquatica*. The sources discuss topics such as optical habitat location, midgut ultrastructure, and phylogenetic analysis, but none provide measurements related to body size . Further research would be needed to determine this characteristic.",freshwater,,direct,,11,31015288(medline)|27312471(medline)|721B6E0C8C14FFABFF382355A9102519(plazi)|4F034B6EFFB83574D9CBFA0D3C6EF9ED(plazi)|03CF878BFFA6C26420075CB3FD5EABF1(plazi)|PMC10169344(pmc),"Based on the provided documents, $Podura\ aquatica$ inhabits the surface of calm waters and typically accumulates near riparian vegetation . This springtail is specifically associated with water surfaces, where it utilizes its polarization sensitivity for locating suitable habitats .",4,Adult,"EUNIS E3.41; Atlantic and sub-Atlantic humid meadows. Meadow next to lakeshore, open grassland|EUNIS G1.1; Riparian and gallery woodland, with dominant Alnus, Betula, Populus or Salix. Flushed organic matter at lakeshore|NA",NA,Denmark|France,,"56.04,9.696|56.05,9.652",NA,1996-2019,Temperate_Broadleaf_&_Mixed_Forest_simplify-0.001_buffered-0.018|NA,Baltic_mixed_forests|Western_European_broadleaf_forests
Pogonognathellus flavescens,Pogonognathellus,Tomoceridae,511703,species,,,,the sources contain no explicit statement about this species' diet,7,17222862(medline)|721B6E0C8C20FF98FF38261CA87A2691(plazi)|03CF878BFFD8C21B21C6598DFD72AE1F(plazi)|03AA531A0F5B3534FF595E81FE6AA5CC(plazi)|FB3F87CFF075D931465EF291DD850B5E(plazi)|E03187B3FFE3D434FF31F2BEFD1DFAE7(plazi)|10.1093/zoolinnean/zlae020(pmc),"Based on the provided documents, there is no specific information regarding the diet of *Pogonognathellus flavescens*. The source discusses thermal tolerance and acclimation responses but does not mention feeding habits . Further research would be needed to determine its dietary preferences.",,,,7,17222862(medline)|721B6E0C8C20FF98FF38261CA87A2691(plazi)|03CF878BFFD8C21B21C6598DFD72AE1F(plazi)|E03187B3FFE3D434FF31F2BEFD1DFAE7(plazi)|03AA531A0F5B3534FF595E81FE6AA5CC(plazi)|FB3F87CFF075D931465EF291DD850B5E(plazi)|10.1093/zoolinnean/zlae020(pmc),"Based on the provided documents, there is no specific information given about the body length of *Pogonognathellus flavescens*. The source discusses thermal tolerance and acclimation effects but does not provide morphological details such as body length .",,,,the sources give no explicit habitat description for this species,7,17222862(medline)|721B6E0C8C20FF98FF38261CA87A2691(plazi)|FB3F87CFF075D931465EF291DD850B5E(plazi)|03AA531A0F5B3534FF595E81FE6AA5CC(plazi)|10.1093/zoolinnean/zlae020(pmc),"Based on the provided documents, there is no specific information about the habitat of *Pogonognathellus flavescens*. The source discusses thermal tolerance studies of this species but does not provide details about its habitat . Further research would be needed to determine its ecological preferences.",48,NA|Adult|adult,"NA|EUNIS D2.291; Boreal Eriophorum vaginatum sphagnum fens|Peatland|Spruce forest|D2, Valley mires, poor fens and transition mires",Malaise Trap|NA|Soil/moss sample|Litter sample from decaying pine stump,United Kingdom|Moldova|France|Denmark|Finland|Estonia|Norway|Sweden|Germany,Normandie|Northern Ostrobothnia|Sor-Trondelag|Vestfold|Trondelag|Hordaland,"56.778824,-4.616822|47.072567,28.391111",NA,2011-2024,NA|Temperate_Broadleaf_&_Mixed_Forest_simplify-0.001_buffered-0.018|Boreal_Forest_Taiga_simplify-0.1_buffered-0.018|Temperate_Conifer_Forest_simplify-0.001_buffered-0.018,NA|Central_European_mixed_forests|European_Atlantic_mixed_forests|Baltic_mixed_forests|Sarmatic_mixed_forests|Scandinavian_and_Russian_taiga|Caledon_conifer_forests|Western_European_broadleaf_forests|Scandinavian_coastal_conifer_forests
Pogonognathellus longicornis,Pogonognathellus,Tomoceridae,707266,species,,,,the sources contain no explicit statement about this species' diet,3,FB3F87CFF075D931465EF291DD850B5E(plazi)|03AA531A0F5B3534FF58585FFC6BA31A(plazi)|03CF878BFFD9C21B21D85D6DFE32AA98(plazi),"Based on the provided documents, there is no specific information about the diet or feeding habits of *Pogonognathellus longicornis*. The sources describe its distribution, habitat, and morphological characteristics but do not mention what it feeds on .",,,,3,03AA531A0F5B3534FF58585FFC6BA31A(plazi)|FB3F87CFF075D931465EF291DD850B5E(plazi)|03CF878BFFD9C21B21D85D6DFE32AA98(plazi),"Based on the provided documents, there is no specific mention of the body length of *Pogonognathellus longicornis*. The sources discuss its distribution, ecological notes, and distinguishing features but do not provide measurements related to body size .",,forest_wood,,"habitat statement concerns Quercus robur, not the target species",3,03CF878BFFD9C21B21D85D6DFE32AA98(plazi)|03AA531A0F5B3534FF58585FFC6BA31A(plazi),"Based on the provided documents, *Pogonognathellus longicornis* inhabits various environments across its range. It is commonly found in forested areas, particularly associated with silvicolous habitats such as those dominated by oak (*Quercus robur*) and other tree species like *Acer campestre*, *Carpinus betulus*, and *Crataegus monogyna* . Additionally, it has been recorded in diverse regions including Europe and parts of Asia, suggesting a broad ecological adaptability .",9,Imago|adult|NA|Adult,"NA|Litter, damp hardwood forest|H3.6, Weathered rock and outcrop habitats",NA,Austria|Germany|United Kingdom|Sweden|Belgium,Bavaria|Vasternorrland|Luik (Liege),"47.65,16.083334|49.04919,11.911532|51.2467,-0.285",550|899|NA,2013-2025,NA|Temperate_Broadleaf_&_Mixed_Forest_simplify-0.001_buffered-0.018,NA|Western_European_broadleaf_forests|English_Lowlands_beech_forests|Celtic_broadleaf_forests|Caledon_conifer_forests|Sarmatic_mixed_forests
Proisotoma clavipila,Proisotoma,Isotomidae,301520,genus,,,,the sources contain no explicit statement about this species' diet,2,03978789FFF2507DC384B8FA2C2CFBD1(plazi),"Based on the provided documents, there is no specific information about the feeding habits of *Proisotoma clavipila*. The sources mention its habitat preferences, such as living under loose bark of dead trees, but do not detail its diet . Further research would be needed to determine its food source.",,,,2,03978789FFF2507DC384B8FA2C2CFBD1(plazi)|266B5D55F77BFFE9FF7EFB4B44CCFA2F(plazi),"Based on the provided documents, there is no specific mention of the body length of *Proisotoma clavipila*. The sources discuss morphological features such as setae and chaetotaxy but do not provide measurements , . Further research or references would be needed to determine its body length.",,forest_wood,,the sources give no explicit habitat description for this species,2,03978789FFF2507DC384B8FA2C2CFBD1(plazi),"Based on the provided documents, *Proisotoma clavipila* typically inhabits the underside of loose bark on dead tree trunks and branches . This species is primarily found in Europe, including regions such as Russia's European part, the North Caucasus, and parts of the Far East, though it is absent from Siberia and has not been recorded in North America .",1,Adult,"U. bark, dead birch trees",NA,Norway,Oppland,"61.471,8.817",NA,2014,NA,Scandinavian_Montane_Birch_forest_and_grasslands
Proisotoma minima,Proisotoma,Isotomidae,301520,genus,,,,the sources contain no explicit statement about this species' diet,10,36981729(medline)|34608182(medline)|721B6E0C8C21FF9EFF382623AF1421DA(plazi)|03978789FFFB5044C384BEBA2AD8FF1D(plazi)|PMC10048822(pmc),"Based on the provided documents, there is no specific information regarding the diet or feeding habits of *Proisotoma minima*. The sources mention its presence and ecological response to environmental factors but do not describe what it feeds on , .",,,,10,36981729(medline)|34608182(medline)|721B6E0C8C21FF9EFF382623AF1421DA(plazi)|E03187B3FFF7D420FF31F0A6FBDDFD43(plazi)|266B5D55F77BFFE9FF7EF9064372F867(plazi)|03CF878BFFD0C21221F15980FA52AEA4(plazi)|03978789FFFB5044C384BEBA2AD8FF1D(plazi)|PMC10048822(pmc),"Based on the provided documents, there is no specific information regarding the body length of *Proisotoma minima*. The sources discuss its ecological responses and presence in certain environments but do not mention physical characteristics such as body length , .",,soil,,the sources give no explicit habitat description for this species; no explicit habitat description in the sources; value inferred,10,36981729(medline)|34608182(medline)|721B6E0C8C21FF9EFF382623AF1421DA(plazi)|03978789FFFB5044C384BEBA2AD8FF1D(plazi)|4F034B6EFFBC357ED934F8A83B70FB95(plazi)|PMC10048822(pmc)|PMC8490368(pmc),"Based on the provided documents, *Proisotoma minima* is described as a pioneer eurytopic species found in contaminated soils, indicating it can thrive in a wide range of environmental conditions . It is also noted to be present in degraded habitats, suggesting its adaptability to varying soil conditions . However, specific details about its preferred habitat type are not explicitly stated in the given sources.",3,Adult,"NA|Sand dunes, seashore",NA,Moldova|Norway,Vestfold,"47.3,28.06667|58.965,9.855",NA,2011-2015,NA,Central_European_mixed_forests|Scandinavian_and_Russian_taiga
Proisotoma minuta,Proisotoma,Isotomidae,301521,species,,fungivore,,the sources contain no explicit statement about this species' diet,18,30619572(medline)|18066606(medline)|28318789(medline)|E03187B3FFF7D420FF31F22AFD6BFA2F(plazi)|DE3DBD36FFDEDC71E178FC46FE51FA6A(plazi)|721B6E0C8C20FF9FFF382184A910278C(plazi)|502187F3DD5AFF9CFF34FC2E0AAEFBDC(plazi)|03CF878BFFD0C21222AA5C3EFAA3ABF1(plazi)|266B5D55F77BFFEEFF7EF8184535FE09(plazi)|PMC9067988(pmc)|PMC2245993(pmc),"Based on the provided documents, Proisotoma minuta feeds on a variety of organic materials, including fungal fruit bodies such as *Tricholoma matsutake* , as well as litter and yeast mixtures . It is also involved in transporting microplastics, suggesting it consumes or interacts with various particulate matter in its environment . However, specific dietary preferences beyond these examples are not detailed in the given sources.",,,,18,28356451(medline)|E03187B3FFF7D420FF31F22AFD6BFA2F(plazi)|DE3DBD36FFDEDC71E178FC46FE51FA6A(plazi)|721B6E0C8C20FF9FFF382184A910278C(plazi)|502187F3DD5AFF9CFF34FC2E0AAEFBDC(plazi)|03CF878BFFD0C21222AA5C3EFAA3ABF1(plazi)|266B5D55F77BFFEEFF7EF8184535FE09(plazi)|PMC3619962(pmc),"Based on the provided documents, there is no direct mention of the specific body length of *Proisotoma minuta*. However, it is noted that this species exhibits greater trait (body length) plasticity to warming compared to smaller prey species . For precise measurements, additional research would be required.",soil,,direct,,18,35528250(medline)|31736616(medline)|19493569(medline)|23438196(medline)|721B6E0C8C20FF9FFF382184A910278C(plazi)|E03187B3FFF7D420FF31F22AFD6BFA2F(plazi)|03AA531A0F5A3535FFA8598FFACBA0EA(plazi)|03978789FFE15050C384BEB72CD3FADC(plazi)|PMC9067988(pmc)|PMC6848234(pmc)|PMC3619962(pmc)|PMC9565337(pmc),"Based on the provided documents, *Proisotoma minuta* is primarily found in soil ecosystems, particularly in anthropogenic soils of East European tundra and rehabilitated mine sites in Australia , . It is also present in organic soils developed from peat and is considered an indicator of soil health . Additionally, it has been recorded in Antarctic locations like Deception Island .",1,NA,NA,NA,United Kingdom,,"51.4478,0.245",NA,2012,NA,English_Lowlands_beech_forests
Proisotomodes bipunctatus,Proisotomodes,Isotomidae,3158793,species,,,,the sources contain no explicit statement about this species' diet,2,502187F3DD5AFF9CFF34FA960A72FA60(plazi)|03AA531A0F5C3533FFA8588AFCD0A356(plazi),"Based on the provided documents, there is no specific information regarding the diet of *Proisotomodes bipunctatus* . The sources mention its distribution and taxonomic history but do not provide details about its feeding habits. Further research would be needed to determine its food source.",,,,2,502187F3DD5AFF9CFF34FA960A72FA60(plazi)|03AA531A0F5C3533FFA8588AFCD0A356(plazi),"Based on the provided documents, there is no specific information given about the body length of *Proisotomodes bipunctatus*. The sources mention its distribution and some citations but do not provide measurements , .",,,,the sources give no explicit habitat description for this species,2,502187F3DD5AFF9CFF34FA960A72FA60(plazi)|03AA531A0F5C3533FFA8588AFCD0A356(plazi),"Based on the provided documents, the specific habitat of *Proisotomodes bipunctatus* is not explicitly mentioned. However, it is noted to have a holarctic distribution, indicating it can be found across various regions including Europe, Asia, and North America . The species has been recorded in areas such as Russia and Vojvodina, suggesting it may inhabit temperate environments . Further details about its preferred microhabitats would require more specialized ecological studies.",2,,NA,NA,Moldova,,"47.072567,28.391111",NA,2011,NA,Central_European_mixed_forests
Protaphorura armata,Protaphorura,Onychiuridae,187684,species,fungivore,herbivore,direct,no explicit diet statement in the sources; value inferred,14,15021980(medline)|17205807(medline)|1E482D44FFE9F479FF36FAC491C9FA03(plazi)|502187F3DD46FF81FF34F8090D03FE0C(plazi)|E03187B3FFB6D461FF31F1A3FA29FD8F(plazi)|DE3DBD36FFC3DC6CE08BF903FA45FE75(plazi)|038A8793FFB5677354C6FB16FE52F9BC(plazi)|03AA531A0F583537FFA85E6DFB1CA22C(plazi)|PMC6458381(pmc),"Based on the provided documents, Protaphorura armata feeds on various fungal species, including both preferred and less preferred ones. It shows a preference for specific fungal forms such as Cladosporium cladosporioides and can also consume other fungi like Aspergillus fumigatus, both wild-type and melanin-deficient forms . Additionally, it interacts with yeast fungi and may feed on plant material under certain conditions .",,,,14,16099977(medline)|17148177(medline)|15503529(medline)|12770436(medline)|21420507(medline)|16310913(medline)|1E482D44FFE9F479FF36FAC491C9FA03(plazi)|E03187B3FFB6D461FF31F1A3FA29FD8F(plazi)|DE3DBD36FFC3DC6CE08BF903FA45FE75(plazi)|502187F3DD46FF81FF34F8090D03FE0C(plazi)|038A8793FFB5677354C6FB16FE52F9BC(plazi)|03AA531A0F583537FFA85E6DFB1CA22C(plazi)|PMC6458381(pmc)|10.11646/zootaxa.1226.1.3(pmc),"Based on the provided documents, the specific body length of *Protaphorura armata* is not mentioned. The sources discuss various aspects of *P. armata*, such as their ecological roles, physiological responses, and neurological anatomy, but none provide measurements related to body length .",soil,,direct,,14,17148177(medline)|18654802(medline)|14759660(medline)|1E482D44FFE9F479FF36FAC491C9FA03(plazi)|038A8793FFB5677354C6FB16FE52F9BC(plazi)|03AA531A0F583537FFA85E6DFB1CA22C(plazi)|E03187B3FFB6D461FF31F1A3FA29FD8F(plazi)|DE3DBD36FFC3DC6CE08BF903FA45FE75(plazi)|PMC6458381(pmc)|10.11646/zootaxa.1226.1.3(pmc),"Based on the provided documents, Protaphorura armata inhabits soil environments where it interacts with various organisms such as fungi, plants, and other soil invertebrates. It is commonly found in soils associated with plant residues and plays a role in nutrient cycling and decomposition processes . Additionally, it is present in areas subjected to environmental stresses like cold and drought .",10,adult|NA,"NA|R1, Dry grasslands|R1M Lowland to montane, dry to mesic grassland usually dominated by Nardus stricta|C3.8, Inland spray- and steam-dependent habitats",Litter from decaying birch stump|NA|soil corer,Finland|France|Germany,Baden-Wuerttemberg|Saxony,"60.147,24.883|46.64237,2.1940236|47.94,8.63",24|NA|760,1997-2022,NA|Temperate_Broadleaf_&_Mixed_Forest_simplify-0.001_buffered-0.018,NA|Western_European_broadleaf_forests|Central_European_mixed_forests
Protaphorura aurantiaca,Protaphorura,Onychiuridae,1725400,species,,,,the sources contain no explicit statement about this species' diet,3,721B6E0C8C02FFBDFF382035A9C727D5(plazi)|03AA531A0F583537FFA8587FFD8AA34F(plazi)|10.11646/zootaxa.5182.5.3(pmc),"Based on the provided documents, there is no specific information about the diet of *Protaphorura aurantiaca*. The sources describe its ecological preferences and habitats but do not mention feeding habits , . Further research would be needed to determine its food source.",,,,3,721B6E0C8C02FFBDFF382035A9C727D5(plazi)|03AA531A0F583537FFA8587FFD8AA34F(plazi)|10.11646/zootaxa.5182.5.3(pmc),"Based on the provided documents, there is no specific mention of the body length of *Protaphorura aurantiaca*. The sources describe its ecology, habitat, and distribution but do not provide morphometric data such as body length , .",leaf_litter|soil|forest_wood,,direct,"habitat statement concerns Robinia pseudoacacia, not the target species",3,721B6E0C8C02FFBDFF382035A9C727D5(plazi)|03AA531A0F583537FFA8587FFD8AA34F(plazi)|10.11646/zootaxa.5182.5.3(pmc),"Based on the provided documents, *Protaphorura aurantiaca* inhabits forest soils and leaf litter in Iran . It is also found in euedaphic environments, such as Robinia pseudoacacia stands and Chrysopogonetum pannonicum typicum communities in Vojvodina, as well as in soil solonetz .",4,NA,NA,NA,United Kingdom,,"51.1769,0.3589|51.1769,-0.3589",NA,2012,NA,English_Lowlands_beech_forests
Protaphorura campata,Protaphorura,Onychiuridae,2041949,species,,,,the sources contain no explicit statement about this species' diet,3,03CF878BFFBFC27D22AC5EE3FA4DAE92(plazi)|038A8793FFB5677354C6F97EFAB4F816(plazi)|10.11646/zootaxa.5182.5.3(pmc),"Based on the provided documents, there is no specific information about the diet of *Protaphorura campata*. The sources describe its habitat and distribution but do not mention feeding habits , . Further research would be needed to determine its food source.",,,,3,03CF878BFFBFC27D22AC5EE3FA4DAE92(plazi)|038A8793FFB5677354C6F97EFAB4F816(plazi)|10.11646/zootaxa.5182.5.3(pmc),"Based on the provided documents, there is no specific mention of the body length of *Protaphorura campata*. The sources describe its distribution, habitat preferences, and collection details but do not provide measurements related to body size , .",soil|leaf_litter|grassland,cave|forest_wood,direct,no explicit habitat description in the sources; value inferred,3,038A8793FFB5677354C6F97EFAB4F816(plazi)|10.11646/zootaxa.5182.5.3(pmc),"Based on the provided documents, *Protaphorura campata* inhabits moist environments such as litter and beech soil in the Iberian Peninsula, and is typically associated with cool meadows down to the alpine floor. It can also occur on dry forest soils and in caves, where it may live in association with bat guano .",7,NA,"R1, Dry grasslands",soil corer,Germany,Baden-Wuerttemberg,"47.94,8.63|47.6,8.36",760|610,2022,NA,NA
Protaphorura cancellata,Protaphorura,Onychiuridae,2714226,species,,herbivore,,the sources contain no explicit statement about this species' diet; no explicit diet statement in the sources; value inferred,3,721B6E0C8C02FFBDFF38220DA97A25CD(plazi)|10.11646/zootaxa.5182.5.3(pmc),"Based on the provided documents, there is no specific information about the diet or feeding habits of *Protaphorura cancellata* . The sources mention its ecological preferences such as forest soil, litter in walnut gardens, and moss, but do not specify what it feeds on. Therefore, the dietary information for this species is lacking in the given sources.",,,,3,03C08371CC51FF9BBDBC236AFB52FA96(plazi)|721B6E0C8C02FFBDFF38220DA97A25CD(plazi)|10.11646/zootaxa.5182.5.3(pmc),"Based on the provided documents, there is no specific information given about the body length of *Protaphorura cancellata* . Further research or references would be needed to determine this characteristic.",leaf_litter|soil|moss_lichen|forest_wood|synanthropic,,direct,,3,721B6E0C8C02FFBDFF38220DA97A25CD(plazi)|10.11646/zootaxa.5182.5.3(pmc),"Based on the provided documents, *Protaphorura cancellata* inhabits forest soils, leaf litter in walnut gardens (*Juglans* spp.), and mossy areas in Iran . The species is distributed within the Palaearctic region .",2,NA,"R16, Perennial rocky grassland of Central and South-Eastern Europe",soil corer,Germany,Baden-Wuerttemberg,"48.81,10.24",580,2022,NA,NA
Protaphorura fimata,Protaphorura,Onychiuridae,1519113,species,,herbivore|fungivore,,the sources contain no explicit statement about this species' diet,14,15142535(medline)|26470124(medline)|DE3DBD36FFC3DC6CE3D7FE64FAFAFC88(plazi)|03CF878BFFBFC27D22A35DE2FC81A842(plazi)|038A8793FFB4677254C6FF4AFBDEFE4C(plazi)|460287B0FFA6E57318989A26FCE1F834(plazi)|721B6E0C8C02FFBDFF382509A97A2311(plazi)|10.11646/zootaxa.5182.5.3(pmc),"Based on the provided documents, Protaphorura fimata feeds on germinating lettuce seeds and seedlings . Additionally, it consumes soil fungi such as Agrocybe gibberosa and Chaetomium globosum . There is no mention of other specific dietary items in the given sources.",,,,14,26470124(medline)|29361113(medline)|36234404(medline)|15142535(medline)|36095674(medline)|26428866(medline)|03CF878BFFBFC27D22A35DE2FC81A842(plazi)|DE3DBD36FFC3DC6CE3D7FE64FAFAFC88(plazi)|038A8793FFB4677254C6FF4AFBDEFE4C(plazi)|460287B0FFA6E57318989A26FCE1F834(plazi)|721B6E0C8C02FFBDFF382509A97A2311(plazi)|PMC9565337(pmc),"Based on the provided documents, there is no specific mention of the body length of *Protaphorura fimata*. The sources discuss its ecological impact, behavioral responses to insecticides, and other biological characteristics, but none provide detailed morphological measurements such as body length .",soil,,direct,"habitat reflects an experimental substrate, not the natural habitat",14,29361113(medline)|36234404(medline)|460287B0FFA6E57318989A26FCE1F834(plazi)|038A8793FFB4677254C6FF4AFBDEFE4C(plazi)|721B6E0C8C02FFBDFF382509A97A2311(plazi)|PMC9565337(pmc)|10.11646/zootaxa.5182.5.3(pmc),"Based on the provided documents, Protaphorura fimata is described as a subterranean springtail species adapted to soil environments, specifically inhabiting deeper soil layers, classified as euedaphic species . These organisms are found in the deeper soil layers where they are more directly exposed to soil conditions, leading to specific behavioral responses like avoidance to insecticides .",10,NA|Adult,NA|cave|Garden compost,NA|pitfall traps,Denmark|Italy|Norway|Germany,Lombardy|Vestfold,"NA|45.72375,9.910944",NA,2013-2023,NA,NA|Western_European_broadleaf_forests
Protaphorura glebata,Protaphorura,Onychiuridae,2905850,species,,,,the sources contain no explicit statement about this species' diet,1,038A8793FFB4677254C6FE22FB6BFCB2(plazi),"Based on the provided documents, there is no specific information about the diet or feeding habits of *Protaphorura glebata*. The sources describe its habitat and geographical distribution but do not mention what it feeds on .",,,,1,038A8793FFB4677254C6FE22FB6BFCB2(plazi),"Based on the provided documents, there is no specific mention of the body length of *Protaphorura glebata*. The sources describe its habitat and geographical distribution but do not provide morphological measurements .",soil|forest_wood|leaf_litter|freshwater,,direct,,1,038A8793FFB4677254C6FE22FB6BFCB2(plazi),"Based on the provided documents, *Protaphorura glebata* is found in humid forest soils . It has been specifically recorded in the forests of the northern half of Navarra, as well as in a small backwater of a stream and on beech litter in debris cones .",1,,"G1.6, Beech woodland",NA,Germany,,"51.7614,9.57807",502,2019,Temperate_Broadleaf_&_Mixed_Forest_simplify-0.001_buffered-0.018,Western_European_broadleaf_forests
Protaphorura janosik,Protaphorura,Onychiuridae,2022742,species,,,,the sources contain no explicit statement about this species' diet,2,E55F9220FFC9A830FF7CA3DAFC1CFBD2(plazi)|10.11646/zootaxa.5182.5.3(pmc),"Based on the provided documents, no specific information is given about the diet or feeding habits of *Protaphorura janosik*. The sources describe morphological characteristics and taxonomic placement but do not mention dietary preferences .",,3,body size of the target species not available; the value reported in the source is for Protaphorura borinensis,2,E55F9220FFC9A830FF7CA3DAFC1CFBD2(plazi)|10.11646/zootaxa.5182.5.3(pmc),"Based on the provided documents, the body length of *Protaphorura janosik* is not explicitly stated. However, it is mentioned that *Protaphorura borinensis* has a body length of approximately 3 mm and is grouped with *P. janosik* within the multivesiculata group . Therefore, it can be inferred that *P. janosik* likely shares a similar body size range, though exact measurements are not given.",,,,the sources give no explicit habitat description for this species,2,E55F9220FFC9A830FF7CA3DAFC1CFBD2(plazi)|10.11646/zootaxa.5182.5.3(pmc),"Based on the provided documents, the specific habitat of *Protaphorura janosik* is not mentioned . The text primarily discusses taxonomic characteristics and grouping within the genus *Protaphorura*, but does not provide details about its ecological or geographic distribution.",92,NA,NA|epikarst,NA,Poland|Slovakia,Zilina,"52.06848,19.435732|48.698086,19.581015",NA,2014-2020,NA|Temperate_Conifer_Forest_simplify-0.001_buffered-0.018,Central_European_mixed_forests|Carpathian_montane_forests
Protaphorura macfadyeni,Protaphorura,Onychiuridae,187683,genus,,,,the sources contain no explicit statement about this species' diet,1,30196888(medline),"Based on the provided documents, there is no specific information about the diet of *Protaphorura macfadyeni*. The source discusses its cold tolerance and use of cryoprotective dehydration but does not mention feeding habits . Further research would be needed to determine its dietary preferences.",,,,1,30196888(medline),"Based on the provided documents, there is no specific information given about the body length of *Protaphorura macfadyeni*. The source discusses its cold tolerance and use of cryoprotective dehydration but does not mention body dimensions .",,,,,1,30196888(medline),"Based on the provided documents, Protaphorura macfadyeni is an Arctic species that utilizes cryoprotective dehydration (CPD) to survive extreme cold conditions. The document specifically mentions it as one of the two Arctic species that exhibited significant decreases in water content and melting point during sub-zero temperature exposure . No further details about its specific habitat beyond being classified as Arctic are provided in the given text.",5,Adult,"Arctic tundra|Understones, seashore",NA,Norway,Svalbard|Vestfold,"78.043,14.217|59.081,10.47",NA,2011-2015,NA,NA
Protaphorura pannonica,Protaphorura,Onychiuridae,187683,genus,,,,the sources contain no explicit statement about this species' diet,2,DE3DBD36FFC3DC6CE3FFFC06FAD4FA6A(plazi)|03CF878BFFBFC27A228B580CFD98A86A(plazi),"Based on the provided documents, there is no specific information regarding the diet or feeding habits of *Protaphorura pannonica* , . The sources mention its distribution and habitat but do not provide details about its food source. Further research would be needed to determine its dietary preferences.",,,,2,03CF878BFFBFC27A228B580CFD98A86A(plazi)|DE3DBD36FFC3DC6CE3FFFC06FAD4FA6A(plazi),"Based on the provided documents, there is no specific mention of the body length of *Protaphorura pannonica*. The sources discuss distribution and taxonomic notes but do not provide morphological measurements , .",sandy_dune|soil,marine_coastal,direct,categories resting only on a general term rather than an ecological description: marine_coastal; no explicit habitat description in the sources; value inferred,2,DE3DBD36FFC3DC6CE3FFFC06FAD4FA6A(plazi)|03CF878BFFBFC27A228B580CFD98A86A(plazi),"Based on the provided documents, *Protaphorura pannonica* is found in sandy coastal areas (""sables littoraux, plages"") in France . Additionally, it has been recorded from soil in the Oued Z horizon in Algeria . These findings suggest that the species inhabits both coastal sands and specific soil types.",4,NA,"R1, Dry grasslands",soil corer,Germany,Baden-Wuerttemberg,"47.9,8.07",970,2022,NA,NA
Protaphorura pseudovanderdrifti,Protaphorura,Onychiuridae,2714227,species,,,,the sources contain no explicit statement about this species' diet,1,10.11646/zootaxa.5182.5.3(pmc),"Based on the provided documents, there is no specific information regarding the diet or feeding habits of *Protaphorura pseudovanderdrifti* . The document primarily focuses on the discovery and description of new species and records within the family Onychiuridae, without detailing ecological preferences or dietary sources for these organisms.",,,,1,10.11646/zootaxa.5182.5.3(pmc),"Based on the provided documents, the body length of *Protaphorura pseudovanderdrifti* is not specified . Additional research would be required to determine this characteristic.",,forest_wood,,the sources give no explicit habitat description for this species; no explicit habitat description in the sources; value inferred,1,10.11646/zootaxa.5182.5.3(pmc),"Based on the provided documents, the specific habitat of *Protaphorura pseudovanderdrifti* is not explicitly mentioned. However, it was recorded from the Nilgiris, India, suggesting it may inhabit forested or moist environments typical for springtails . Further details about its ecological preferences would require additional studies.",3,Adult,"Moss, spruce/pine forest",NA,Norway,Telemark,"59.862,8.939",NA,2015,NA,Scandinavian_and_Russian_taiga
Protaphorura subarmata,Protaphorura,Onychiuridae,187683,genus,detritivore,,direct,,2,038A8793FF88674E54C6FA68FCFAF904(plazi),"Based on the provided documents, Protaphorura subarmata feeds on decomposing plant remains and can be attracted to cheese baits . These food sources are mentioned in the context of its habitat in specific locations such as Troskaeta and Sumidero de Espinal .",,,,2,03CF878BFFB8C27A21F85804FBDAA86B(plazi)|038A8793FF88674E54C6FA68FCFAF904(plazi),"Based on the provided documents, there is no specific mention of the body length of *Protaphorura subarmata*. The sources provide taxonomic information and distribution details but do not include measurements , .",,cave,,no explicit habitat description in the sources; value inferred,2,03CF878BFFB8C27A21F85804FBDAA86B(plazi)|038A8793FF88674E54C6FA68FCFAF904(plazi),"Based on the provided documents, *Protaphorura subarmata* inhabits decomposing plant remains and can be found in specific locations such as caves in the Iberian Peninsula, including Troskaeta and Sumidero de Espinal, where they may also be attracted to cheese baits . The exact distribution includes areas like Essonne and central Europe .",1,NA,"R1, Dry grasslands",soil corer,Germany,Baden-Wuerttemberg,"47.6,8.36",610,2022,NA,NA
Protaphorura subuliginata,Protaphorura,Onychiuridae,3158777,species,,,,the sources contain no explicit statement about this species' diet,1,03CF878BFFB8C27A22905B80FAD0A9A4(plazi),"Based on the provided documents, there is no specific information given about the diet or feeding habits of *Protaphorura subuliginata*. The sources mention its distribution and ecological preferences but do not specify what it feeds on .",,,,1,03CF878BFFB8C27A22905B80FAD0A9A4(plazi),"Based on the provided documents, there is no specific mention of the body length of *Protaphorura subuliginata*. The sources discuss its distribution and ecology but do not provide morphological measurements .",,,,,1,03CF878BFFB8C27A22905B80FAD0A9A4(plazi),"Based on the provided documents, *Protaphorura subuliginata* inhabits humid environments, as indicated by references to ""humidification"" in its ecology . It has been recorded from areas such as the Essonne, Indre, and Loiret regions in France, specifically associated with sites like the Parc régional de la Brenne . The exact habitat details beyond general humidity are not fully specified in the given sources.",1,NA,NA,NA,Germany,,NA,NA,2021,NA,NA
Protaphorura tricampata,Protaphorura,Onychiuridae,2926732,species,,,,the sources contain no explicit statement about this species' diet,1,24035747(medline),"Based on the provided documents, there is no specific information about the diet or feeding habits of *Protaphorura tricampata* . The source discusses its survival mechanisms under drought conditions but does not mention what it feeds on.",,,,1,24035747(medline),"Based on the provided documents, there is no specific mention of the body length of *Protaphorura tricampata*. The source text focuses on its ecological niche and physiological adaptations related to osmoregulation during drought conditions, but does not provide morphological details such as body length .",soil,,direct,,1,24035747(medline),"Based on the provided documents, Protaphorura tricampata is a euedaphic springtail, meaning it inhabits deeper soil layers . These springtails are adapted to live in environments with low moisture levels, where they can maintain their activity through osmoregulatory mechanisms .",10,NA,"R1, Dry grasslands|R1M Lowland to montane, dry to mesic grassland usually dominated by Nardus stricta",soil corer,Germany,Baden-Wuerttemberg,"48.13,8.13|48.1,8.95",1100|860,2022,NA,NA
Pseudachorutella asigillata,Pseudachorutella,Neanuridae,3447694,species,,,,the sources contain no explicit statement about this species' diet,4,E03187B3FF81D456FF31F252FD1DF827(plazi)|DE3DBD36FFC2DC6DE0A5FBE6FE66FA0A(plazi)|502187F3DD44FF82FF34FC7A0A45FB4C(plazi)|03CF878BFFB5C27721D25973FE59ABF1(plazi),"Based on the provided documents, there is no specific information regarding the diet or feeding habits of *Pseudachorutella asigillata*. The sources primarily focus on its distribution, taxonomy, and citations from various regions . Further research would be needed to determine its dietary preferences.",,,,4,DE3DBD36FFC2DC6DE0A5FBE6FE66FA0A(plazi)|03CF878BFFB5C27721D25973FE59ABF1(plazi)|502187F3DD44FF82FF34FC7A0A45FB4C(plazi)|E03187B3FF81D456FF31F252FD1DF827(plazi),"Based on the provided documents, there is no specific mention of the body length of *Pseudachorutella asigillata*. The sources focus on distribution, citations, and taxonomy rather than morphological measurements . Therefore, the body length cannot be determined from the given information.",synanthropic|soil|forest_wood|grassland|agricultural,,direct,,4,E03187B3FF81D456FF31F252FD1DF827(plazi)|03CF878BFFB5C27721D25973FE59ABF1(plazi),"Based on the provided documents, *Pseudachorutella asigillata* inhabits various environments including forests, shrublands, grasslands, cultivated lands, gardens, urban soils, and specific regions such as the Red River Delta and areas in Vietnam . It is also found in the Palaearctic region, with specific mentions of locations in France like Bouches-du-Rhône, Essonne, Savoie, and others . The species thrives in acidic soils and can be found at elevations ranging from 950 to 2150 meters .",1,NA,NA,NA,France,,NA,NA,2012,NA,NA
Pseudachorutes dubius,Pseudachorutes,Neanuridae,1387119,species,,,,the sources contain no explicit statement about this species' diet,7,36095652(medline)|03AA531A0F563539FFA85A29FACAAE0B(plazi)|721B6E0C8C0AFFB5FF3820C9A97A24ED(plazi)|E03187B3FF80D457FF31F252FD1DF9E3(plazi)|03FF6C3A8520FFC57A8C8E0BF7ACFACC(plazi)|0383FA7037788B72C66CF8AF5E67F7B5(plazi),"Based on the provided documents, there is no specific information regarding the diet or feeding habits of *Pseudachorutes dubius*. The sources describe morphological characteristics used for taxonomic differentiation but do not mention ecological or dietary preferences .",,,,7,36095652(medline)|721B6E0C8C0AFFB5FF3820C9A97A24ED(plazi)|03AA531A0F563539FFA85A29FACAAE0B(plazi)|E03187B3FF80D457FF31F252FD1DF9E3(plazi)|03FF6C3A8520FFC57A8C8E0BF7ACFACC(plazi)|BD19879DB83ABF589BB17DDF9074FB99(plazi)|0383FA7037788B72C66CF8AF5E67F7B5(plazi),"Based on the provided documents, the body length of *Pseudachorutes dubius* is not specified .",,,,the sources give no explicit habitat description for this species,7,36095652(medline)|721B6E0C8C0AFFB5FF3820C9A97A24ED(plazi)|03FF6C3A8520FFC57A8C8E0BF7ACFACC(plazi)|03AA531A0F563539FFA85A29FACAAE0B(plazi)|E03187B3FF80D457FF31F252FD1DF9E3(plazi),"Based on the provided documents, there is no specific information about the habitat of *Pseudachorutes dubius*. The text describes morphological characteristics used for species differentiation but does not mention ecological or habitat preferences .",1,NA,NA,NA,Estonia,,"58.64811,25.91687",NA,,NA,Sarmatic_mixed_forests
Pseudachorutes palmiensis,Pseudachorutes,Neanuridae,187685,species,,,,the sources contain no explicit statement about this species' diet,4,33366572(medline)|03FF6C3A853AFFD87A8C8955F204FE0E(plazi)|03CF878BFFB5C27422865A20FD5EADBD(plazi)|PMC7748801(pmc),"Based on the provided documents, there is no specific information regarding the diet or feeding habits of *Pseudachorutes palmiensis* . The source describes the mitochondrial genome and phylogenetic placement of this species but does not mention its ecological niche or food sources.",,,,4,33366572(medline)|03FF6C3A853AFFD87A8C8955F204FE0E(plazi)|PMC7748801(pmc),"Based on the provided documents, there is no specific information regarding the body length of *Pseudachorutes palmiensis*. The source discusses the mitochondrial genome structure and phylogenetic placement but does not mention morphological characteristics such as body length .",,,,the sources give no explicit habitat description for this species,4,33366572(medline)|03FF6C3A853AFFD87A8C8955F204FE0E(plazi)|03CF878BFFB5C27422865A20FD5EADBD(plazi)|PMC7748801(pmc),"Based on the provided documents, there is no specific information about the habitat of *Pseudachorutes palmiensis*. The source discusses the mitochondrial genome and phylogenetic relationships but does not mention ecological or habitat details .",1,NA,NA,NA,France,,"45.154,0.770244",NA,2017,NA,NA
Pseudachorutes parvulus,Pseudachorutes,Neanuridae,3447684,species,,,,the sources contain no explicit statement about this species' diet,6,E03187B3FFBFD468FF31F1A3FE32FD37(plazi)|03AA531A0F593536FF595CBEFBB9A408(plazi)|721B6E0C8C0AFFB5FF3825E1A97A23E1(plazi)|502187F3DD45FF83FF34FE130A45FD9D(plazi)|03FF6C3A853CFFDA7A8C8AE5F4F8FC88(plazi)|03CF878BFFB6C27421F95EEBFEDAABF0(plazi),"Based on the provided documents, there is no explicit mention of the diet or feeding habits of *Pseudachorutes parvulus*. The sources describe its distribution, ecological notes, and habitats but do not specify what it feeds on . Further research would be needed to determine its dietary preferences.",0.45-1.3,,,6,03FF6C3A853CFFDA7A8C8AE5F4F8FC88(plazi),"Based on the provided documents, the body length of *Pseudachorutes parvulus* without antennae ranges from 0.45 to 1.30 mm .",leaf_litter|soil|moss_lichen|forest_wood,sandy_dune,direct,"habitat statement concerns Robinia pseudoacacia, not the target species",6,721B6E0C8C0AFFB5FF3825E1A97A23E1(plazi)|03FF6C3A853CFFDA7A8C8AE5F4F8FC88(plazi)|03AA531A0F593536FF595CBEFBB9A408(plazi),"Based on the provided documents, *Pseudachorutes parvulus* inhabits soil and leaf litter . It is also found in forest litter, mosses, lichens, and under bark . The species is hemiedaphic, meaning it lives partially within the soil . Its ecological preferences include areas such as Robinia pseudoacacia stands and poplar plantations on yellow sand .",1,NA,NA,NA,Italy,,NA,NA,2010,NA,NA
Pseudachorutes subcrassus,Pseudachorutes,Neanuridae,1503969,species,,,,the sources contain no explicit statement about this species' diet,6,E03187B3FF80D457FF31F1A2FE6DFE3B(plazi)|721B6E0C8C0AFFB5FF3824FDA97A20C1(plazi)|E03187B3FFBFD468FF31F387FD1DFABE(plazi)|03CF878BFFB6C27422805FE2FB13AFCE(plazi),"Based on the provided documents, there is no specific information regarding the diet or feeding habits of *Pseudachorutes subcrassus*. The sources primarily discuss its taxonomy, geographic distribution, and ecological habitat but do not mention its food source . Further research would be needed to determine its dietary preferences.",0.95-1.9,,,6,03FF6C3A853EFFDB7A8C8862F35FFC4A(plazi),"Based on the provided documents, the body length of *Pseudachorutes subcrassus* without antennae ranges from 0.95 to 1.90 mm .",leaf_litter|soil,forest_wood|agricultural,direct,"habitat statement concerns Vietnam such, not the target species",6,721B6E0C8C0AFFB5FF3824FDA97A20C1(plazi)|E03187B3FFBFD468FF31F387FD1DFABE(plazi)|0383FA70377F8B75C69FF8BE5E4BF7B6(plazi),"Based on the provided documents, *Pseudachorutes subcrassus* inhabits soil and leaf litter . It has also been found in forested areas, including cultivated lands and specific regions within Vietnam such as the Red River Delta and Central Highlands . The species is distributed across the Palaearctic region .",20,adult|NA,Lake shore|Alpine|NA,Moss sample|Soil/litter sample|NA|Malaise Trap,Finland|Estonia|Sweden,,"66.621,25.205|68.342,27.488",NA|433,2020-2021,Boreal_Forest_Taiga_simplify-0.1_buffered-0.018|NA|Temperate_Broadleaf_&_Mixed_Forest_simplify-0.001_buffered-0.018,Scandinavian_and_Russian_taiga|Sarmatic_mixed_forests
Pseudanurophorus alticolus,Pseudanurophorus,Isotomidae,1410429,genus,,,,the sources contain no explicit statement about this species' diet,2,03CF878BFFAAC26822AE5B02FB1DA944(plazi)|721B6E0C8C21FF9EFF3824CCA8572128(plazi),"Based on the provided documents, there is no specific information about the diet of *Pseudanurophorus alticolus*. The sources mention its ecological preferences and distribution but do not detail feeding habits , . Further research would be needed to determine its food source.",,,,2,03CF878BFFAAC26822AE5B02FB1DA944(plazi)|721B6E0C8C21FF9EFF3824CCA8572128(plazi),"Based on the provided documents, there is no specific mention of the body length of *Pseudanurophorus alticolus* , . The sources describe its distribution and ecology but do not provide measurements related to body size.",sandy_dune|soil,marine_coastal,direct,"categories inferred from locality, coordinates or altitude were not retained: marine_coastal; categories resting only on a general term rather than an ecological description: marine_coastal",2,721B6E0C8C21FF9EFF3824CCA8572128(plazi)|03CF878BFFAAC26822AE5B02FB1DA944(plazi),"Based on the provided documents, Pseudanurophorus alticolus is found in sandy habitats, specifically mentioned as ""sable slittorales"" and ""dunes de la Grande-Motte"" . Additionally, it is noted to inhabit soil in Iran . Therefore, its habitat includes sandy coastal areas and soils.",2,Adult,Arctic tundra,NA,Norway,Svalbard,"79.744,12.255|79.322,16.05",NA,2011-2013,NA,Russian_Arctic_desert
Pseudisotoma monochaeta,Pseudisotoma,Isotomidae,358900,genus,,,,the sources contain no explicit statement about this species' diet,2,039A87B5FFFD0E07FC45FD73FB34FA74(plazi)|03CF878BFFD1C210229E5850FD69AFED(plazi),"Based on the provided documents, there is no specific information regarding the diet or feeding habits of *Pseudisotoma monochaeta* ,. The sources primarily focus on taxonomy, morphology, distribution, and ecological preferences rather than dietary information.",,,,2,03CF878BFFD1C210229E5850FD69AFED(plazi)|039A87B5FFFD0E07FC45FD73FB34FA74(plazi),"Based on the provided documents, there is no specific mention of the body length of *Pseudisotoma monochaeta*. The sources discuss taxonomy, distribution, and ecological preferences but do not provide morphological measurements such as body length , .",forest_wood|soil,,direct,,2,03CF878BFFD1C210229E5850FD69AFED(plazi),"Based on the provided documents, *Pseudisotoma monochaeta* is found in mountainous regions of southern France, particularly in areas such as the Montagne Noire, the Massif du Nouveau, and the Monts de Lacaune. It inhabits forested areas, with specific mentions of its presence in both natural and regenerated forests . The species is also noted to occur in soils associated with these habitats .",5,NA|Adult,NA|Heat/bog.|Pine litter,NA,Denmark|Norway,More og Romsdal|Vestfold,"57.066,8.883|63.416,7.962",NA,2013-2015,NA,European_Atlantic_mixed_forests|Scandinavian_coastal_conifer_forests|Scandinavian_and_Russian_taiga
Pseudisotoma sensibilis,Pseudisotoma,Isotomidae,358901,species,,,,the sources contain no explicit statement about this species' diet,6,266B5D55F70BFF99FF7EFEC0450CFDE8(plazi)|FB3F87CFF075D931465EF291DD850B5E(plazi)|E03187B3FFF5D422FF31F386FEF4FB77(plazi)|03CF878BFFD2C21021F95B7CFCEAAAF7(plazi)|721B6E0C8C23FF9CFF382574A86823B0(plazi),"Based on the provided documents, there is no specific information regarding the diet or feeding habits of *Pseudisotoma sensibilis*. The sources primarily discuss taxonomy, distribution, and ecological habitats rather than dietary preferences . Further research would be needed to determine its food source.",,,,6,721B6E0C8C23FF9CFF382574A86823B0(plazi)|03CF878BFFD2C21021F95B7CFCEAAAF7(plazi)|E03187B3FFF5D422FF31F386FEF4FB77(plazi)|FB3F87CFF075D931465EF291DD850B5E(plazi),"Based on the provided documents, there is no specific mention of the body length of *Pseudisotoma sensibilis*. The sources discuss ecological preferences, geographic distribution, and taxonomic notes but do not provide morphological measurements . Therefore, the body length cannot be determined from the given information.",forest_wood|soil,,direct,,6,FB3F87CFF075D931465EF291DD850B5E(plazi)|721B6E0C8C23FF9CFF382574A86823B0(plazi)|4F034B6EFFBC357ED934F8A83B70FB95(plazi),"Based on the provided documents, *Pseudisotoma sensibilis* inhabits forested areas, specifically under dead wood in soil in Iran , and is found in forest belts, particularly in the Tsey Gorge . Its general distribution includes the Palaearctic region, with some records extending into the Nearctic and Oriental regions .",14,Adult|adult|NA,"EUNIS G1; Moss and bark on deciduous tree stem|Coniferous forest|NA|U. bark, dead birch trees",NA|Soil/litter sample|Malaise Trap,Denmark|Finland|United Kingdom|Norway,Vestfold,"56.153,9.567|64.127,28.27",NA|344,2013-2025,Temperate_Broadleaf_&_Mixed_Forest_simplify-0.001_buffered-0.018|Boreal_Forest_Taiga_simplify-0.1_buffered-0.018|NA,Baltic_mixed_forests|Scandinavian_and_Russian_taiga|English_Lowlands_beech_forests|European_Atlantic_mixed_forests|NA
Pseudosinella alba,Pseudosinella,Lepidocyrtidae,1302326,species,,,,the sources contain no explicit statement about this species' diet,7,15093010(medline)|266B5D55F714FF86FF7EF99A47F5F8B2(plazi)|03CF878BFFCEC20D22A25E22FCE4AD69(plazi)|721B6E0C8C37FF88FF3821CDA94127EC(plazi)|03BC87BC7263FF98FF07FCF8C911FBFA(plazi)|03AA531A0F45352AFF595E57FB2BA53B(plazi)|03DD371FFFACFFD93405FE80FDBAFDDC(plazi),"Based on the provided documents, there is no specific information about the diet of *Pseudosinella alba*. The document mentions its abundance in uncontaminated soil but does not specify feeding habits . Further research would be needed to determine its dietary preferences.",,,,7,15093010(medline)|721B6E0C8C37FF88FF3821CDA94127EC(plazi)|03BC87BC7263FF98FF07FCF8C911FBFA(plazi)|266B5D55F714FF86FF7EF99A47F5F8B2(plazi)|03CF878BFFCEC20D22A25E22FCE4AD69(plazi)|03DD371FFFACFFD93405FE80FDBAFDDC(plazi)|03AA531A0F45352AFF595E57FB2BA53B(plazi),"Based on the provided documents, there is no specific information regarding the body length of *Pseudosinella alba*. The source discusses the abundance and behavioral responses of this species but does not provide morphological details such as body length .",,soil,,the sources give no explicit habitat description for this species,7,15093010(medline)|03DD371FFFACFFD93405FE80FDBAFDDC(plazi)|721B6E0C8C37FF88FF3821CDA94127EC(plazi)|03AA531A0F45352AFF595E57FB2BA53B(plazi)|03BC87BC7263FF98FF07FCF8C911FBFA(plazi)|E03187B3FFD6D402FF31F74BFC95FE1F(plazi),"Based on the provided documents, Pseudosinella alba inhabits contaminated soils, as its abundance was higher in uncontaminated soil compared to Cu-enriched soil . However, specific details about its preferred habitat beyond this comparison are not provided in the given sources.",21,Adult|adult|NA,"NA|EUNIS G4; Formica polyctena nest. Deciduous forest|Coniferous forest|R3, Seasonally wet and wet grasslands|R1, Dry grasslands|E5.4, Moist or wet tall-herb and fern fringes and meadows",NA|Litter from decaying pine|Litter sample from decaying birch|Soil/litter sample|soil corer,France|Denmark|Finland|United Kingdom|Germany,Baden-Wuerttemberg|Saxony,"49.457,1.069",NA,2009-2022,NA|Temperate_Broadleaf_&_Mixed_Forest_simplify-0.001_buffered-0.018|Boreal_Forest_Taiga_simplify-0.1_buffered-0.018,European_Atlantic_mixed_forests|Baltic_mixed_forests|Scandinavian_and_Russian_taiga|NA|English_Lowlands_beech_forests|Western_European_broadleaf_forests
Pseudosinella decipiens,Pseudosinella,Lepidocyrtidae,186257,genus,,,,the sources contain no explicit statement about this species' diet,6,03CF878BFFC8C20A21F45EECFD58AB0E(plazi)|10.1093/zoolinnean/zlae020(pmc),"Based on the provided documents, there is no specific information regarding the diet or feeding habits of *Pseudosinella decipiens*. The sources primarily focus on the distribution, taxonomy, and collection data of this species rather than its ecological interactions or food preferences. Therefore, the feeding ecology of *Pseudosinella decipiens* remains undocumented in the given texts.",1.5,,,6,03E7879BFFAE2B2361AEFE34FE2AE0D3(plazi)|766487A4FFC29465FF350A21FD43FD35(plazi)|10.1093/zoolinnean/zlae020(pmc),"Based on the provided documents, the body length of *Pseudosinella decipiens* is approximately 1.5 mm . Another source mentions a maximum length of 1.25 mm for a related species, *Pseudosinella jacetanica*, but this may not be directly applicable to *Pseudosinella decipiens* .",soil|forest_wood|cave,,direct,,6,03AA531A0F45352AFF585F6AFC51A5F6(plazi)|766487A4FFC29465FF350A21FD43FD35(plazi)|03E7879BFFAE2B2361AEFE34FE2AE0D3(plazi)|10.1093/zoolinnean/zlae020(pmc),"Based on the provided documents, *Pseudosinella decipiens* is found in soil habitats, specifically in forest soils. It has been recorded from various locations including France, Iran, and Spain, often associated with areas such as forests and caves . The species is typically found in moist environments within these regions .",1,NA,"R1, Dry grasslands",soil corer,Germany,Baden-Wuerttemberg,"47.6,8.36",610,2022,NA,NA
Pseudosinella duodecimoculata,Pseudosinella,Lepidocyrtidae,186257,genus,,,,the sources contain no explicit statement about this species' diet,1,03CF878BFFC9C20B21DB5B69FEA2ABF0(plazi),"Based on the provided documents, there is no specific information regarding the diet or feeding habits of *Pseudosinella duodecimoculata* . The sources primarily describe its distribution and habitat rather than its ecological interactions or food sources.",,,,1,03CF878BFFC9C20B21DB5B69FEA2ABF0(plazi),"Based on the provided documents, there is no specific mention of the body length of *Pseudosinella duodecimoculata*. The sources primarily discuss its distribution across various locations in France but do not provide morphological details such as body length .",soil|cave,,direct,,1,03CF878BFFC9C20B21DB5B69FEA2ABF0(plazi),"Based on the provided documents, *Pseudosinella duodecimoculata* inhabits subterranean environments such as caves and underground rivers, specifically mentioning locations like the Grottes de Peyrounard, the Rivière souterraine de Sarguet, and the Ruisseaux de La Maure et de Ruau . These habitats are located in the Massif des Arizes and surrounding areas at elevations ranging from 400 to 1400 meters. The species has been recorded near the cirque de Campuls and in the valley of Bethmale .",1,,NA,NA,France,Normandie,"49.711,1.288",NA,2011,NA,European_Atlantic_mixed_forests
Pseudosinella halophila,Pseudosinella,Lepidocyrtidae,2924856,species,,,,,0,,,,,,0,,,,,,,0,,,3,Adult,Seashore meadow,NA,Norway,Vestfold,"59.141,10.468",NA,2014,NA,NA
Pseudosinella horaki,Pseudosinella,Lepidocyrtidae,186257,genus,,,,the sources contain no explicit statement about this species' diet,1,E75F2B15FFDBFFEDFCB56887FDDDF9DA(plazi),"Based on the provided documents, there is no specific information regarding the diet of *Pseudosinella horaki* . The listed sources primarily focus on taxonomic descriptions and nomenclature rather than ecological or dietary habits. Further research would be needed to determine its feeding preferences.",,,,1,E75F2B15FFDBFFEDFCB56887FDDDF9DA(plazi),"Based on the provided documents, there is no specific information given about the body length of *Pseudosinella horaki*. The sources list the species name but do not provide morphological measurements . Further research would be needed to determine its body length.",,,,the sources give no explicit habitat description for this species,1,E75F2B15FFDBFFEDFCB56887FDDDF9DA(plazi),"Based on the provided documents, there is no specific information about the habitat of *Pseudosinella horaki* . The references listed primarily focus on taxonomic descriptions and nomenclature rather than ecological or habitat preferences. Further research would be needed to determine its habitat.",5,,NA,NA,Moldova,,"47.072567,28.391111",NA,2011,NA,Central_European_mixed_forests
Pseudosinella imparipunctata,Pseudosinella,Lepidocyrtidae,186257,genus,,,,the sources contain no explicit statement about this species' diet,3,721B6E0C8C37FF88FF3822D1A94C22AC(plazi)|03AA531A0F45352AFF59594FFC6FA3F2(plazi)|E03187B3FFD4D403FF31F5FBFC4EF99E(plazi),"Based on the provided documents, there is no specific information regarding the diet or feeding habits of *Pseudosinella imparipunctata* . The sources primarily discuss its ecological preferences, geographic distribution, and habitat rather than its food source. Further research would be needed to determine its dietary characteristics.",,,,3,03AA531A0F45352AFF59594FFC6FA3F2(plazi)|E03187B3FFD4D403FF31F5FBFC4EF99E(plazi)|721B6E0C8C37FF88FF3822D1A94C22AC(plazi),"Based on the provided documents, there is no specific information given about the body length of *Pseudosinella imparipunctata* . The sources discuss its distribution, ecology, and type locality but do not provide measurements related to its body size.",soil,,direct,,3,03AA531A0F45352AFF59594FFC6FA3F2(plazi)|721B6E0C8C37FF88FF3822D1A94C22AC(plazi)|E03187B3FFD4D403FF31F5FBFC4EF99E(plazi),"Based on the provided documents, *Pseudosinella imparipunctata* inhabits hemiedaphic environments in open habitats . It is also found in soil ecosystems in Iran . The species' presence in Vietnam is noted but considered questionable and requires further verification .",3,,NA,NA,Moldova,,"46.66667,29.6",NA,2011,NA,East_European_forest_steppe
Pseudosinella ksenemani,Pseudosinella,Lepidocyrtidae,186257,genus,,,,,0,,,,,,0,,,,,,,0,,,2,NA,"R1, Dry grasslands",soil corer,Germany,Baden-Wuerttemberg,"47.79,9.4",670,2022,NA,NA
Pseudosinella moldavica,Pseudosinella,Lepidocyrtidae,186257,genus,,,,,0,,,,,,0,,,,,,,0,,,9,,NA,NA,Moldova,,"47.3,28.95|47.2833,28.0167",NA,2011,NA,Central_European_mixed_forests
Pseudosinella noseki,Pseudosinella,Lepidocyrtidae,186257,genus,,,,the sources contain no explicit statement about this species' diet,1,E75F2B15FFDBFFEDFCB56887FDDDF9DA(plazi),"Based on the provided documents, there is no specific information regarding the diet or feeding habits of *Pseudosinella noseki* . The document lists the species but does not describe its ecological niche or food source. Further research would be needed to determine its dietary preferences.",,,,1,E75F2B15FFDBFFEDFCB56887FDDDF9DA(plazi),"Based on the provided documents, there is no specific mention of the body length of *Pseudosinella noseki*. The source lists the species name but does not provide morphological details such as body length . Further research or reference to taxonomic keys would be necessary to determine this characteristic.",,,,,1,E75F2B15FFDBFFEDFCB56887FDDDF9DA(plazi),"Based on the provided documents, no specific habitat details for *Pseudosinella noseki* are given . Further research or additional sources would be required to determine its ecological preferences.",3,,NA,NA,Moldova,,"47.072567,28.391111",NA,2011,NA,Central_European_mixed_forests
Pseudosinella octopunctata,Pseudosinella,Lepidocyrtidae,1690821,species,,,,the sources contain no explicit statement about this species' diet,6,03AA531A0F45352AFF585A51FE95A0ED(plazi)|721B6E0C8C37FF88FF3825ABA9412083(plazi)|502187F3DD5CFF9AFF34F9FF0AA7F8A4(plazi)|03BC87BC7262FF99FF07FF5AC9A0FEBB(plazi)|03B387DE0E38FFB0BF7CFDDC7377E26E(plazi)|03CF878BFFCBC20921ED5CF7FD05A8C5(plazi),"Based on the provided documents, there is no specific information regarding the diet or feeding habits of *Pseudosinella octopunctata*. The sources primarily discuss its geographic distribution and habitat preferences, but not its dietary ecology . Further research would be needed to determine its food sources.",,,,6,721B6E0C8C37FF88FF3825ABA9412083(plazi)|03AA531A0F45352AFF585A51FE95A0ED(plazi)|03CF878BFFCBC20921ED5CF7FD05A8C5(plazi)|502187F3DD5CFF9AFF34F9FF0AA7F8A4(plazi)|03B387DE0E38FFB0BF7CFDDC7377E26E(plazi)|03BC87BC7262FF99FF07FF5AC9A0FEBB(plazi),"Based on the provided documents, there is no specific mention of the body length of *Pseudosinella octopunctata*. The sources discuss its distribution, habitat, and taxonomy but do not provide measurements related to body size , , , , , . Further research would be needed to determine this characteristic.",leaf_litter|soil|moss_lichen|forest_wood|agricultural,,direct,,6,03B387DE0E38FFB0BF7CFDDC7377E26E(plazi)|03DD371FFFACFFD93405FDF0FD49FC84(plazi)|03E5878DFFCFFFA8FF5DFEA7822BFC7B(plazi),"Based on the provided documents, *Pseudosinella octopunctata* inhabits various environments including soil, leaf litter, moss on rocks, and even rice fields . It is also found in forested areas, particularly under oak and cypress trees, as well as in farmlands . The species exhibits a cosmopolitan distribution, indicating its adaptability to different habitats across multiple regions .",4,,NA,NA,Moldova,,"47.072567,28.391111",NA,2011,NA,Central_European_mixed_forests
Pseudosinella paclti,Pseudosinella,Lepidocyrtidae,3029449,species,,,,the sources contain no explicit statement about this species' diet,2,E75F2B15FFDBFFEDFCB56887FDDDF9DA(plazi)|03B98133FFF46A12FF46CAAA6DB083AC(plazi),"Based on the provided documents, there is no specific information regarding the diet or feeding habits of *Pseudosinella paclti*. The sources primarily focus on taxonomic descriptions and morphological comparisons rather than ecological data , . Further research would be needed to determine its dietary preferences.",,,,2,03B98133FFF46A12FF46CAAA6DB083AC(plazi),"Based on the provided documents, the body length of *Pseudosinella paclti* is not explicitly stated. The description focuses on morphological features such as the structure of the mucro and macrosetae patterns but does not provide measurements . Additional references or studies would be needed to determine the exact body length.",,,,the sources give no explicit habitat description for this species,2,03B98133FFF46A12FF46CAAA6DB083AC(plazi)|E75F2B15FFDBFFEDFCB56887FDDDF9DA(plazi),"Based on the provided documents, there is no specific information about the habitat of *Pseudosinella paclti*. The sources discuss its morphological characteristics and taxonomic relationships but do not mention its ecological preferences or habitat. ,",11,NA,epikarst,NA,Slovakia,Zilina,"49.01,19.588|49.002,19.583",911|914|NA,2019-2020,Temperate_Conifer_Forest_simplify-0.001_buffered-0.018,Carpathian_montane_forests
Pseudosinella sexoculata,Pseudosinella,Lepidocyrtidae,186257,genus,,,,the sources contain no explicit statement about this species' diet,5,E03187B3FFD3D404FF31F40FFD7FF90E(plazi)|03AA531A0F45352AFF595B48FE94AE07(plazi)|03CF878BFFCBC20921FD5804FE87ABF1(plazi)|721B6E0C8C37FF88FF3827C2A95E21BF(plazi)|03DD371FFFACFFD93405FC18FDFDFB48(plazi),"Based on the provided documents, there is no specific information regarding the diet or feeding habits of *Pseudosinella sexoculata*. The sources describe its distribution, ecological associations, and habitats but do not mention what it feeds on .",,,,5,03CF878BFFCBC20921FD5804FE87ABF1(plazi)|E03187B3FFD3D404FF31F40FFD7FF90E(plazi)|03AA531A0F45352AFF595B48FE94AE07(plazi)|721B6E0C8C37FF88FF3827C2A95E21BF(plazi)|03DD371FFFACFFD93405FC18FDFDFB48(plazi),"Based on the provided documents, there is no specific mention of the body length of *Pseudosinella sexoculata*. The sources describe its distribution, ecological preferences, and type localities but do not provide morphometric data such as body length .",leaf_litter|soil|forest_wood|synanthropic,,direct,"habitat statement concerns Pinus nigra, not the target species",5,03DD371FFFACFFD93405FC18FDFDFB48(plazi)|E03187B3FFD3D404FF31F40FFD7FF90E(plazi)|03AA531A0F45352AFF595B48FE94AE07(plazi)|721B6E0C8C37FF88FF3827C2A95E21BF(plazi),"Based on the provided documents, *Pseudosinella sexoculata* inhabits soil and leaf litter under oak trees in Iran's Kurdistan province . It is also found in forest soils and urban soils in Vietnam . The species occurs in various habitats including soil associated with *Pinus nigra* in Europe . Its general distribution indicates it is cosmopolitan, occurring in diverse environments such as forests, urban areas, and specific regions like the Red River Delta in Vietnam .",3,Adult,Garden compost,NA,Sweden,Vasternorrland,"58.335,13.594",NA,2014,NA,Sarmatic_mixed_forests
Pygmarrhopalites principalis,Pygmarrhopalites,Arrhopalitidae,2041964,species,,,,the sources contain no explicit statement about this species' diet,7,41119333(medline)|266B5D55F720FFB3FF7EF99F45B1FF1A(plazi)|03AA531A0F473528FF595F1BFB4DA5C7(plazi)|721B6E0C8C25FF9AFF38263DA9D421D8(plazi)|BA7487DEEF5DFF91FF2841AAFF7C08D0(plazi)|8F2F2F2DA727FF9EFF1F4A163540FC32(plazi)|BA7487DEEF60FF9AFF28418FFE4509E5(plazi),"Based on the provided documents, there is no specific information regarding the diet or feeding habits of *Pygmarrhopalites principalis*. The sources discuss morphological characteristics and distribution of species within the genus *Pygmarrhopalites* but do not provide details about their dietary preferences .",,,,7,41119333(medline)|BA7487DEEF5DFF91FF2841AAFF7C08D0(plazi),"Based on the provided documents, there is no specific mention of the body length of *Pygmarrhopalites principalis*. The text describes two newly described species, *P. arbaicus* sp. nov. and *P. trisetosus* sp. nov., but does not provide measurements for *P. principalis* or any other species in the genus. Therefore, the body length of *Pygmarrhopalites principalis* cannot be determined from the given sources.",,cave,,the sources give no explicit habitat description for this species; no explicit habitat description in the sources; value inferred,7,41119333(medline)|266B5D55F720FFB3FF7EF99F45B1FF1A(plazi)|721B6E0C8C25FF9AFF38263DA9D421D8(plazi)|03AA531A0F473528FF595F1BFB4DA5C7(plazi),"Based on the provided documents, there is no specific mention of the habitat of *Pygmarrhopalites principalis*. The text discusses the discovery of two new species (*P. arbaicus* sp. nov. and *P. trisetosus* sp. nov.) and mentions *P. sericus* being found in caves in the Caucasus, but does not provide information about *P. principalis* . Therefore, the habitat of *Pygmarrhopalites principalis* cannot be determined from the given sources.",8,adult,Coniferous forest|Birch forest|NA|Lake shore|Alpine|Peatland,Litter from decaying tree|Soil/litter sample|Moss sample from ditch|Moss sample,Finland,,"67.841,26.717|67.012,27.218|66.682,26.663",218|216,2019-2020,Boreal_Forest_Taiga_simplify-0.1_buffered-0.018|NA,Scandinavian_and_Russian_taiga
Pygmarrhopalites pygmaeus,Pygmarrhopalites,Arrhopalitidae,2041965,species,,,,the sources contain no explicit statement about this species' diet,4,3F328793FFA60620FF43FA52FD45AAAD(plazi)|03A12C184329C143CC831D89B60BFF06(plazi)|266B5D55F721FFB3FF7EFE844509FD61(plazi),"Based on the provided documents, there is no specific information regarding the diet or feeding habits of *Pygmarrhopalites pygmaeus*. The sources primarily describe its taxonomy, geographic distribution, and collection localities . Further research would be needed to determine its dietary preferences.",,,,4,266B5D55F721FFB3FF7EFE844509FD61(plazi)|03A12C184329C143CC831D89B60BFF06(plazi)|03DE1A5CFFC84F3F2EE87553DB574E02(plazi)|3F328793FFA60620FF43FA52FD45AAAD(plazi),"Based on the provided documents, there is no specific mention of the body length of *Pygmarrhopalites pygmaeus*. The sources discuss its taxonomy, geographic distribution, and collection localities but do not provide morphological measurements . Additional studies would be required to determine its body length.",soil|cave,,direct,no explicit habitat description in the sources; value inferred,4,03A12C184329C143CC831D89B60BFF06(plazi)|266B5D55F721FFB3FF7EFE844509FD61(plazi),"Based on the provided documents, *Pygmarrhopalites pygmaeus* has been collected from various caves in Arkansas and other locations, indicating its habitat includes subterranean environments such as caves . These findings suggest it is likely an obligate cave-dweller, adapted to life in dark, humid conditions with limited food resources . The general distribution of the species is described as Holarctic, implying it may inhabit similar subterranean systems across a wide geographic range .",2,NA,epikarst,NA,Slovakia,Zilina,"49.002,19.583",NA,2020,Temperate_Conifer_Forest_simplify-0.001_buffered-0.018,Carpathian_montane_forests
Rusekianna albifrons,Rusekianna,Katiannidae,2041991,genus,,,,,0,,,,,,0,,,,,,,0,,,2,adult,Coniferous forest|NA,"Cladina lichen, pitfall trap|Soil/litter sample",Finland,,"61.684,26.487|60.335,21.98",NA,2019-2020,Boreal_Forest_Taiga_simplify-0.1_buffered-0.018|Temperate_Broadleaf_&_Mixed_Forest_simplify-0.001_buffered-0.018,Scandinavian_and_Russian_taiga|NA
Schoettella ununguiculata,Schoettella,Hypogastruridae,187693,species,,,,the sources contain no explicit statement about this species' diet,3,4F034B6EFFBE3573D916FAED3C8FFA65(plazi)|03B387DE0E3FFFB7BF8DF9A573A8E64C(plazi)|E03187B3FF8FD459FF31F645FD2AFE47(plazi),"Based on the provided documents, there is no specific information regarding the diet or feeding habits of *Schoettella ununguiculata*. The sources describe its distribution, collection locations, and taxonomic history but do not mention its food source . Further research would be needed to determine its dietary preferences.",,,,3,03B387DE0E3FFFB7BF8DF9A573A8E64C(plazi)|4F034B6EFFBE3573D916FAED3C8FFA65(plazi)|E03187B3FF8FD459FF31F645FD2AFE47(plazi),"Based on the provided documents, there is no specific mention of the body length of *Schoettella ununguiculata*. The sources describe its distribution, habitat, and taxonomic history but do not provide morphological measurements .",leaf_litter|soil|forest_wood|synanthropic,,direct,,3,03B387DE0E3FFFB7BF8DF9A573A8E64C(plazi)|4F034B6EFFBE3573D916FAED3C8FFA65(plazi)|E03187B3FF8FD459FF31F645FD2AFE47(plazi),"Based on the provided documents, *Schoettella ununguiculata* inhabits forest environments, specifically soil and leaf litter in forested areas . It has also been found in the bark of maple trees in pine forest litter in Tsey Gorge . Additionally, it occurs in both forest and urban soils across various regions in Vietnam .",5,adult|NA,"Coniferous forest|NA|R3, Seasonally wet and wet grasslands|R1, Dry grasslands",Litter from pine stump and mosses|NA|soil corer,Finland|France|Germany,Baden-Wuerttemberg,"66.695,27.837|46.64237,2.1940236|48.79,9.28",257|NA|450,1998-2022,Boreal_Forest_Taiga_simplify-0.1_buffered-0.018|NA,Scandinavian_and_Russian_taiga|Western_European_broadleaf_forests|NA
Scutisotoma armeriae,Scutisotoma,Isotomidae,873037,genus,,,,the sources contain no explicit statement about this species' diet,1,039587D4FF8DFFEF1373FA34735DFEC5(plazi),"Based on the provided documents, there is no specific information regarding the diet or feeding habits of *Scutisotoma armeriae*. The text mentions its classification and morphological characteristics but does not address its food source .",,,,1,039587D4FF8DFFEF1373FA34735DFEC5(plazi),"Based on the provided documents, the body length of *Scutisotoma armeriae* is not explicitly mentioned. The text refers to it as an exception but does not provide specific measurements . Additional sources would be required to determine its body length.",,,,the sources give no explicit habitat description for this species,1,039587D4FF8DFFEF1373FA34735DFEC5(plazi),"Based on the provided documents, there is no specific information about the habitat of *Scutisotoma armeriae*. The text mentions that *Scutisotoma* includes *S. armeriae* as an exception but does not describe its ecological preferences or habitat . Further research would be needed to determine this detail.",3,Adult,Stony beach meadow,NA,Norway,Vestfold,"59.063,10.522",NA,2014,NA,NA
Scutisotoma subarctica,Scutisotoma,Isotomidae,873038,species,,,,the sources contain no explicit statement about this species' diet,2,039587D4FF8DFFEF1373FA34735DFEC5(plazi),"Based on the provided documents, there is no specific information regarding the diet or feeding habits of *Scutisotoma subarctica*. The sources describe morphological characteristics and taxonomic relationships but do not mention dietary preferences . Further research would be needed to determine its food source.",,,,2,039587D4FF8DFFEF1373FA34735DFEC5(plazi)|03F06833FFAC647E8CC6F3ACFD39FC72(plazi),"Based on the provided documents, there is no specific mention of the body length of *Scutisotoma subarctica*. The sources describe morphological characteristics such as the structure of the maxillary palp, number of chaetae, and comparisons with other genera, but do not provide measurements or body length data for this species , .",,,,the sources give no explicit habitat description for this species,2,039587D4FF8DFFEF1373FA34735DFEC5(plazi),"Based on the provided documents, the specific habitat of *Scutisotoma subarctica* is not explicitly mentioned. However, it is noted that this species belongs to a group characterized by certain morphological features, such as a simple maxillary palp and specific arrangements of chaetae . These traits might correlate with particular ecological preferences, but without direct habitat descriptions, further details cannot be confirmed.",2,Adult,"Alpine moss, 2.000 m alt.",NA,Norway,Oppland,"61.397,8.711",2000,2014,NA,Scandinavian_Montane_Birch_forest_and_grasslands
Seira pallidipes,Seira,Seiridae,3053390,species,,,,the sources contain no explicit statement about this species' diet,4,0E45486FFF83FFA0FF20F9EE66F3FD92(plazi)|6F4164B38B895EA0B29D5BC542B4442A(plazi)|03AA531A0F44352BFFA85E70FB83A49B(plazi)|PMC10838177(pmc),"Based on the provided documents, there is no specific information regarding the diet or feeding habits of *Seira pallidipes*. The sources primarily focus on taxonomic descriptions, synonyms, and geographical distributions rather than ecological data related to feeding behavior .",2.1-2.8,,,4,0E45486FFF83FFA0FF20F9EE66F3FD92(plazi)|PMC10838177(pmc),"Based on the provided documents, the body length of *Seira pallidipes* is noted as ranging from 2.1 to 2.8 mm . The holotype's body length was recorded as 2.75 mm, although it could not be measured precisely due to the specimen being strongly collapsed .",soil|grassland|sandy_dune,,direct,,4,0E45486FFF83FFA0FF20F9EE66F3FD92(plazi)|6F4164B38B895EA0B29D5BC542B4442A(plazi)|PMC10838177(pmc),"Based on the provided documents, *Seira pallidipes* inhabits sub-Pannonian steppic grasslands on stony soils, often sharing a relatively common Collembola fauna with sandy or loess steppic grasslands . It is also found in extremely saline open pioneer swards . Additionally, it occurs in sandy grasslands in Serbia . The specific habitat preferences include open sand steppes in Central Hungary .",1,NA,NA,NA,Hungary,,NA,NA,2022,NA,NA
Sminthurides aquaticus,Sminthurides,Sminthurididae,281415,species,,,,the sources contain no explicit statement about this species' diet,5,266B5D55F71DFF8FFF7EFC204378FB22(plazi)|6040DE7A2535FFA25A767114FDAFFAE1(plazi)|721B6E0C8C2BFF94FF3823C4A88F2584(plazi)|03CF878BFFE4C22621E15A69FD7BABF1(plazi)|E03187B3FF11D4C6FF31F1A3FBD6FACA(plazi),"Based on the provided documents, there is no specific information regarding the diet or feeding habits of *Sminthurides aquaticus*. The sources primarily focus on taxonomy, distribution, and ecological habitats rather than dietary preferences . Further research would be needed to determine its food source.",,,,5,6040DE7A2535FFA25A767114FDAFFAE1(plazi)|266B5D55F71DFF8FFF7EFC204378FB22(plazi)|03CF878BFFE4C22621E15A69FD7BABF1(plazi)|721B6E0C8C2BFF94FF3823C4A88F2584(plazi)|E03187B3FF11D4C6FF31F1A3FBD6FACA(plazi),"Based on the provided documents, there is no specific mention of the body length of *Sminthurides aquaticus*. The sources discuss taxonomy, distribution, and ecology but do not provide measurements related to body size .",soil|synanthropic|forest_wood|grassland|agricultural,,direct,,5,721B6E0C8C2BFF94FF3823C4A88F2584(plazi)|E03187B3FF11D4C6FF31F1A3FBD6FACA(plazi),"Based on the provided documents, *Sminthurides aquaticus* inhabits soil environments. It is found in various habitats including forests, shrublands, grasslands, wastelands, cultivated lands, gardens, and urban soils . Its general distribution includes the Holarctic region, with specific records in areas such as France, Vietnam, and other parts of Europe .",3,Adult|adult|NA,"EUNIS E3.41; Atlantic and sub-Atlantic humid meadows. Meadow next to lakeshore, open grassland|Pond shore|NA",NA|Moss sample,Denmark|Finland|Germany,,"56.04,9.696|66.76,28.77|48.6392,8.1908",NA|287,2015-2020,Temperate_Broadleaf_&_Mixed_Forest_simplify-0.001_buffered-0.018|Boreal_Forest_Taiga_simplify-0.1_buffered-0.018|NA,Baltic_mixed_forests|Scandinavian_and_Russian_taiga|Western_European_broadleaf_forests
Sminthurides malmgreni,Sminthurides,Sminthurididae,281416,species,,,,the sources contain no explicit statement about this species' diet,5,28311073(medline)|E03187B3FF10D4C7FF31F0CBFD2AFC8B(plazi)|721B6E0C8C2BFF94FF3825DCA8232028(plazi)|266B5D55F71DFF8CFF7EF888450CFE11(plazi)|03CF878BFFE4C226228C5FE2FAA3A87E(plazi),"Based on the provided documents, there is no specific information about the diet of *Sminthurides malmgreni*. The text mentions its ability to survive long-term inundation in the egg stage but does not describe its feeding habits . Further research would be needed to determine its dietary preferences.",,,,5,28311073(medline)|721B6E0C8C2BFF94FF3825DCA8232028(plazi)|E03187B3FF10D4C7FF31F0CBFD2AFC8B(plazi)|266B5D55F71DFF8CFF7EF888450CFE11(plazi)|03CF878BFFE4C226228C5FE2FAA3A87E(plazi),"Based on the provided documents, there is no specific mention of the body length of *Sminthurides malmgreni*. The text discusses the survival strategies of various species during flooding but does not provide morphological details such as body length for this particular species .",floodplain,,direct,,5,28311073(medline)|E03187B3FF10D4C7FF31F0CBFD2AFC8B(plazi)|03CF878BFFE4C226228C5FE2FAA3A87E(plazi)|721B6E0C8C2BFF94FF3825DCA8232028(plazi),"Based on the provided documents, Sminthurides malmgreni is found on the flood plains of Eder Reservoir (Germany), where it survives long-term inundations in the egg stage under water . This indicates that its habitat includes these flood plain environments, which are subject to periodic flooding.",3,adult|NA,Lake shore|Peatland|NA,Moss sample|NA,Finland|United Kingdom,,"68.758,27.461|68.534,27.525|51.2101,-0.3198",152|190|NA,2020,Boreal_Forest_Taiga_simplify-0.1_buffered-0.018|NA,Scandinavian_and_Russian_taiga|English_Lowlands_beech_forests
Sminthurides parvulus,Sminthurides,Sminthurididae,2041951,species,,,,the sources contain no explicit statement about this species' diet,3,03CF878BFFE4C22622885A48FA4FABF1(plazi)|E03187B3FF10D4C7FF31F253FBE9FA57(plazi)|10.11646/zootaxa.5147.1.1(pmc),"Based on the provided documents, there is no specific information regarding the diet of *Sminthurides parvulus*. The sources primarily focus on the distribution and taxonomy of the species rather than its feeding habits , . Further research would be needed to determine its dietary preferences.",,,,3,E03187B3FF10D4C7FF31F253FBE9FA57(plazi)|03CF878BFFE4C22622885A48FA4FABF1(plazi)|10.11646/zootaxa.5147.1.1(pmc),"Based on the provided documents, there is no specific mention of the body length of *Sminthurides parvulus*. The sources primarily focus on the distribution and taxonomic history of the species , . Additional biological characteristics such as body length are not detailed in the given texts.",forest_wood|grassland|agricultural,,direct,,3,E03187B3FF10D4C7FF31F253FBE9FA57(plazi)|03CF878BFFE4C22622885A48FA4FABF1(plazi)|10.11646/zootaxa.5147.1.1(pmc),"Based on the provided documents, *Sminthurides parvulus* inhabits various environments including forests, grasslands, and cultivated lands in Vietnam . Additionally, it is found in regions such as Bas-Rhin, Essonne, Finistère, Hautes-Pyrénées, Indre, and Loiret in France, typically associated with specific localities like parks and mountainous areas . The exact habitat details beyond these locations are not fully specified in the given texts.",1,Adult,EUNIS G1.5; Broadleaved swamp woodland on acid peat. Sphagnum etc.,NA,Denmark,,"56.126,9.503",NA,2019,Temperate_Broadleaf_&_Mixed_Forest_simplify-0.001_buffered-0.018,Baltic_mixed_forests
Sminthurides schoetti,Sminthurides,Sminthurididae,2041952,species,,,,the sources contain no explicit statement about this species' diet,1,03CF878BFFE5C22721F25C6BFD68AA31(plazi),"Based on the provided documents, there is no specific information about the diet of *Sminthurides schoetti*. The sources describe its distribution across various regions in France but do not mention feeding habits . Further research would be needed to determine its dietary preferences.",,,,1,03CF878BFFE5C22721F25C6BFD68AA31(plazi),"Based on the provided documents, there is no mention of the body length of *Sminthurides schoetti*. The sources describe its distribution across various regions but do not provide morphological details such as body length .",freshwater,,direct,,1,03CF878BFFE5C22721F25C6BFD68AA31(plazi),"Based on the provided documents, *Sminthurides schoetti* inhabits various types of wetlands and marshy areas across France, including marais (marshes) such as those in Bouches-du-Rhône, Essonne, Hauts-de-Seine, Indre, Loiret, and other regions at elevations ranging from 400 to 1400 meters . These habitats are typically associated with temporary or permanent water bodies, suggesting a preference for moist environments. The species has been recorded in both natural and protected areas, indicating its ecological significance in these ecosystems.",4,adult,Peatland|Coniferous forest|Pond shore,Moss sample|Moss sample from ditch,Finland,,"66.744,28.808|66.682,26.663",274|216,2020,Boreal_Forest_Taiga_simplify-0.1_buffered-0.018,Scandinavian_and_Russian_taiga
Sminthurinus alpinus,Sminthurinus,Katiannidae,187717,genus,,,,,0,,,,,,0,,,,,,,0,,,3,Adult,"Under bark, dead trees",NA,Norway,Vestfold,"59.149,10.438",NA,2014,NA,NA
Sminthurinus aureus,Sminthurinus,Katiannidae,1496267,species,,,,the sources contain no explicit statement about this species' diet,7,28311073(medline)|721B6E0C8C2BFF94FF382184A97A278C(plazi)|03CF878BFFFFC23D21E75D8DFB96AE0B(plazi)|03DD371FFFABFFDE34F6FA1CFD5EF954(plazi)|721B6E0C8C24FF9BFF382035A97A241D(plazi)|502187F3DD5DFF9BFF34FDEA0A4EFD50(plazi)|0383FA70377C8B76C66FF9C95E3CF8FB(plazi),"Based on the provided documents, there is no specific information about the diet of *Sminthurinus aureus*. The text mentions that this species survives long-term inundations in the egg stage but does not describe its feeding habits . Further research would be needed to determine its dietary preferences.",,,,7,28311073(medline)|721B6E0C8C2BFF94FF382184A97A278C(plazi)|721B6E0C8C24FF9BFF382035A97A241D(plazi)|502187F3DD5DFF9BFF34FDEA0A4EFD50(plazi)|03CF878BFFFFC23D21E75D8DFB96AE0B(plazi)|03DD371FFFABFFDE34F6FA1CFD5EF954(plazi)|0383FA70377C8B76C66FF9C95E3CF8FB(plazi),"Based on the provided documents, there is no specific mention of the body length of *Sminthurinus aureus*. The text discusses the survival strategies of various species during flooding but does not provide morphological details such as body length for *Sminthurinus aureus* .",floodplain,,direct,,7,28311073(medline)|03DD371FFFABFFDE34F6FA1CFD5EF954(plazi)|721B6E0C8C2BFF94FF382184A97A278C(plazi)|0383FA70377C8B76C66FF9C95E3CF8FB(plazi)|721B6E0C8C24FF9BFF382035A97A241D(plazi)|502187F3DD5DFF9BFF34FDEA0A4EFD50(plazi),"Based on the provided documents, Sminthurinus aureus is found in the flood plains of Eder Reservoir (Germany), where it survives long-term inundations in the egg stage under water . This indicates that its habitat includes these flood plain environments, which are subject to periodic flooding.",39,adult|immature|NA,"NA|Coniferous forest|Peatland|Arctic garden|R1, Dry grasslands|G1.2, Mixed riparian floodplain and gallery woodland",NA|Soil/litter sample|Moss sample|Litter from decaying tree|Moss sample from ditch|soil corer,France|Finland|Germany|Norway,Normandie|Baden-Wuerttemberg|Saxony|More og Romsdal,"49.457,1.069",NA,2009-2022,NA|Boreal_Forest_Taiga_simplify-0.1_buffered-0.018|Temperate_Broadleaf_&_Mixed_Forest_simplify-0.001_buffered-0.018,European_Atlantic_mixed_forests|Scandinavian_and_Russian_taiga|NA|Western_European_broadleaf_forests|Scandinavian_Montane_Birch_forest_and_grasslands
Sminthurinus bimaculatus,Sminthurinus,Katiannidae,187699,species,,,,the sources contain no explicit statement about this species' diet,3,6C5787D6FFBBB4626DFB6947FD8704F4(plazi)|721B6E0C8C24FF9BFF382379A97A2519(plazi)|03CF878BFFFFC23D22855D63FA87AEE2(plazi),"Based on the provided documents, there is no specific information about the diet of *Sminthurinus bimaculatus*. The sources describe its morphology, distribution, and habitat but do not mention feeding habits . Further research would be needed to determine its dietary preferences.",0.85,,,3,6C5787D6FFBBB4626DFB6947FD8704F4(plazi),"Based on the provided documents, the body length of *Sminthurinus bimaculatus* is approximately 0.85 mm . This measurement refers to the general body length of the species.",leaf_litter|soil,,direct,"habitat statement concerns Specimens have, not the target species",3,6C5787D6FFBBB4626DFB6947FD8704F4(plazi)|721B6E0C8C24FF9BFF382379A97A2519(plazi),"Based on the provided documents, *Sminthurinus bimaculatus* inhabits soil and leaf litter environments . Specimens have been collected from leaf litter in Arunachal Pradesh and Odisha, India . The species is also noted to occur in the Palaearctic region .",1,,NA,NA,France,,"46.64237,2.1940236",NA,2002,NA,Western_European_broadleaf_forests
Sminthurinus concolor,Sminthurinus,Katiannidae,1790211,species,,,,the sources contain no explicit statement about this species' diet,3,32260571(medline)|03C08371CC50FF9ABDBC2134FDEBF8B8(plazi)|PMC7240498(pmc),"Based on the provided documents, there is no specific information about the diet of *Sminthurinus concolor*. The source discusses the presence and distribution of microarthropods but does not detail their feeding habits . Further research would be needed to determine the specific food sources of this species.",,,,3,32260571(medline)|03C08371CC50FF9ABDBC2134FDEBF8B8(plazi)|PMC7240498(pmc),"Based on the provided documents, there is no specific information given about the body length of *Sminthurinus concolor*. The source discusses the presence and diversity of microarthropods but does not provide morphological details such as body length for this species .",,alpine_glacier,,the sources give no explicit habitat description for this species,3,32260571(medline)|03C08371CC50FF9ABDBC2134FDEBF8B8(plazi)|PMC7240498(pmc),"Based on the provided documents, *Sminthurinus concolor* is part of microarthropod communities found in the high Arctic near a receding glacier. These communities vary in species composition and abundance depending on proximity to the glacier, with *Sminthurinus concolor* being recorded among other species such as *Oribates quadrioculata*, *Hypogastrura concolor*, and *Isotoma anglicana* . The specific habitat details for *Sminthurinus concolor* are not explicitly described in the source.",1,Adult,Arctic tundra,NA,Norway,Svalbard,"78.115,20.828",NA,2009,NA,NA
Sminthurinus domesticus,Sminthurinus,Katiannidae,1725401,species,,,,,0,,,,,,0,,,,,,,0,,,2,NA,NA,NA,United Kingdom|Germany,,"51.2158,-0.3161|48.6392,8.1908",NA,,NA,English_Lowlands_beech_forests|Western_European_broadleaf_forests
Sminthurinus elegans,Sminthurinus,Katiannidae,1190784,species,,herbivore,,the sources contain no explicit statement about this species' diet,6,721B6E0C8C24FF9BFF382275AF1422E5(plazi),"Based on the provided documents, there is no explicit mention of the diet or feeding habits of *Sminthurinus elegans*. The sources primarily focus on the taxonomy, distribution, and ecological preferences of the species, such as its presence in soil and leaf litter under cypress trees and moss on timbers . Further research would be needed to determine its specific dietary requirements.",,,,6,4F034B6EFFB0357CDBA1FA7E3AE3F8BF(plazi)|502187F3DD5DFF9BFF34FC9E0AEFFC04(plazi)|03CF878BFFFFC23D22A05C0FFB5EAB13(plazi)|721B6E0C8C24FF9BFF382275AF1422E5(plazi)|03AA531A0F44352BFFA85B57FCB2A1CE(plazi),"Based on the provided documents, there is no mention of the body length of *Sminthurinus elegans*. The sources discuss the distribution, ecology, and habitat preferences of the species but do not provide measurements related to body size .",leaf_litter|soil|moss_lichen|grassland|forest_wood,,direct,,6,721B6E0C8C24FF9BFF382275AF1422E5(plazi)|4F034B6EFFB0357CDBA1FA7E3AE3F8BF(plazi)|502187F3DD5DFF9BFF34FC9E0AEFFC04(plazi),"Based on the provided documents, *Sminthurinus elegans* inhabits soil and leaf litter under cypress trees and moss on timbers in Iran . Additionally, it prefers meadow communities and has been found on pastures and in mixed forests with moss on stones in other regions . The species is widespread and can be found in various habitats across its broad distribution range .",20,NA|adult,NA,NA|Litter from decaying pine stump|Malaise Trap,France|Finland|United Kingdom,Provence-Alpes-Cote d'Azur|Occitanie|Ile-de-France,"NA|42.822,2.358",NA|410,2005-2024,NA|Temperate_Broadleaf_&_Mixed_Forest_simplify-0.001_buffered-0.018,NA|Northeast_Spain_and_Southern_France_Mediterranean_forests|European_Atlantic_mixed_forests|Sarmatic_mixed_forests|English_Lowlands_beech_forests|Celtic_broadleaf_forests
Sminthurinus niger,Sminthurinus,Katiannidae,1725402,species,,detritivore,,the sources contain no explicit statement about this species' diet; no explicit diet statement in the sources; value inferred,7,32152864(medline)|DE3DBD36FFDADC74E3DCF8C3FE66FE37(plazi)|E03187B3FF18D4CFFF31F46BFD1DF90E(plazi)|03CF878BFFFFC23A22AD587DFD08AB5D(plazi)|E03187B3FF18D4C0FF31F7DFFD1DFEF3(plazi)|03AA531A0F473528FF595CBEFC9EA7F6(plazi)|PMC7192858(pmc),"Based on the provided documents, there is no specific information about the diet of *Sminthurinus niger*. The document discusses the effects of glyphosate-based herbicides (GBHs) and their active ingredients (AIs) on the surface activity of *Sminthurinus niger* and litter decomposition, but it does not mention what the species feeds on .",,,,7,32152864(medline)|E03187B3FF18D4CFFF31F46BFD1DF90E(plazi)|DE3DBD36FFDADC74E3DCF8C3FE66FE37(plazi)|E03187B3FF18D4C0FF31F7DFFD1DFEF3(plazi)|03AA531A0F473528FF595CBEFC9EA7F6(plazi)|03CF878BFFFFC23A22AD587DFD08AB5D(plazi)|PMC7192858(pmc),"Based on the provided documents, there is no specific mention of the body length of *Sminthurinus niger*. The source discusses the effects of herbicides on the surface activity of this species but does not provide morphological details such as body length . Further research would be needed to determine this characteristic.",,soil,,the sources give no explicit habitat description for this species; no explicit habitat description in the sources; value inferred,7,32152864(medline)|03AA531A0F473528FF595CBEFC9EA7F6(plazi)|E03187B3FF18D4C0FF31F7DFFD1DFEF3(plazi)|PMC7192858(pmc),"Based on the provided documents, *Sminthurinus niger* inhabits environments where it can be found on the soil surface, as indicated by pitfall trapping methods used to assess its activity . The study suggests that this species is present in soils with varying organic matter content, implying a broad habitat range within different soil conditions . However, specific details about its preferred microhabitats are not provided in the given sources.",20,adult|NA,Coniferous forest|NA|Urban,Soil/litter sample|Pan Trap|NA|Malaise Trap,Finland|United Kingdom|France,Normandie|Ile-de-France,"63.977,25.773|52.4758,-2.1815",NA,2011-2025,Boreal_Forest_Taiga_simplify-0.1_buffered-0.018|NA,Scandinavian_and_Russian_taiga|NA|English_Lowlands_beech_forests|European_Atlantic_mixed_forests
Sminthurinus quadrimaculatus,Sminthurinus,Katiannidae,187717,genus,,,,the sources contain no explicit statement about this species' diet,3,33746534(medline)|266B5D55F723FFB1FF7EFDB54684FB5D(plazi)|PMC7969584(pmc),"Based on the provided documents, there is no specific information regarding the diet of *Sminthurinus quadrimaculatus* . The document lists the species but does not describe its feeding habits. Further research would be needed to determine its dietary preferences.",,,,3,33746534(medline)|266B5D55F723FFB1FF7EFDB54684FB5D(plazi)|PMC7969584(pmc),"Based on the provided documents, there is no specific mention of the body length of *Sminthurinus quadrimaculatus*. The source lists the species but does not provide morphological details such as body length . Further taxonomic or ecological studies would be required to determine this characteristic.",,,,the sources give no explicit habitat description for this species,3,33746534(medline)|266B5D55F723FFB1FF7EFDB54684FB5D(plazi)|PMC7969584(pmc),"Based on the provided documents, Sminthurinus quadrimaculatus (Ryder, 1879) (Katiannidae) is recorded from the Azores archipelago, but specific habitat details are not provided in the given text . Further research would be needed to determine its exact habitat preferences.",4,,NA,NA,Norway,Svalbard,"80.035,18.685",NA,,NA,Russian_Arctic_desert
Sminthurinus reticulatus,Sminthurinus,Katiannidae,1725403,species,,,,the sources contain no explicit statement about this species' diet,2,721B6E0C8C24FF9BFF3824FDA97A209D(plazi)|03CF878BFFF8C23A21DD58A2FB12A99C(plazi),"Based on the provided documents, there is no specific information regarding the diet of *Sminthurinus reticulatus*. The sources mention its ecology and habitat but do not detail feeding habits , . Further research would be needed to determine its food source.",,,,2,03CF878BFFF8C23A21DD58A2FB12A99C(plazi)|721B6E0C8C24FF9BFF3824FDA97A209D(plazi),"Based on the provided documents, there is no specific mention of the body length of *Sminthurinus reticulatus*. The sources discuss its distribution, taxonomy, morphology, and ecology but do not provide measurements related to body size , .",soil|moss_lichen|synanthropic,,direct,,2,721B6E0C8C24FF9BFF3824FDA97A209D(plazi)|03CF878BFFF8C23A21DD58A2FB12A99C(plazi),"Based on the provided documents, *Sminthurinus reticulatus* inhabits soil in vegetable gardens and moss in Iran . Additionally, it is found in specific regions within France, such as the south of the Montagne Noire, Toulouse, and near Banyuls-sur-Mer, typically associated with soil environments .",14,adult|immature|NA,"Garden compost|Peatland|Garden|NA|R1, Dry grasslands|R3, Seasonally wet and wet grasslands|R18 Perennial rocky calcareous grassland of subatlantic-submediterranean Europe",Pitfall trap|Soil/moss sample|NA|soil corer,Finland|United Kingdom|Germany,Baden-Wuerttemberg,"60.441,22.308|60.449,22.768",28|NA,2014-2022,Temperate_Broadleaf_&_Mixed_Forest_simplify-0.001_buffered-0.018|NA,Sarmatic_mixed_forests|Celtic_broadleaf_forests|Western_European_broadleaf_forests|English_Lowlands_beech_forests|NA
Sminthurinus signatus,Sminthurinus,Katiannidae,2584529,species,,,,the sources contain no explicit statement about this species' diet,3,DE3DBD36FFDBDC74E0A7FDA4FD96FB29(plazi)|721B6E0C8C24FF9BFF3827F9A97A2199(plazi)|03CF878BFFF8C23B22825AEDFCE8A80E(plazi),"Based on the provided documents, there is no specific information regarding the diet or feeding habits of *Sminthurinus signatus* . The sources primarily discuss taxonomy, distribution, and ecological habitat rather than dietary preferences. Further research would be needed to determine its food source.",,,,3,DE3DBD36FFDBDC74E0A7FDA4FD96FB29(plazi)|03CF878BFFF8C23B22825AEDFCE8A80E(plazi)|721B6E0C8C24FF9BFF3827F9A97A2199(plazi),"Based on the provided documents, there is no specific mention of the body length of *Sminthurinus signatus*. The sources discuss taxonomy, distribution, and ecology but do not provide measurements related to body size . Further research would be needed to determine this characteristic.",soil,,direct,,3,03CF878BFFF8C23B22825AEDFCE8A80E(plazi)|721B6E0C8C24FF9BFF3827F9A97A2199(plazi),"Based on the provided documents, *Sminthurinus signatus* inhabits soil environments, specifically mentioned in the context of Iran . Additionally, it has been recorded from various locations in France, including areas like the Aude department and Essonne, which suggests a broader distribution across different regions within Europe . However, specific ecological details beyond soil preference are not elaborated upon in the sources.",9,adult|NA|immature,Peatland|NA|Lake shore,Moss sample|Decaying wood and Carex litter|NA|Pitfall trap,Finland|France,,"68.534,27.525|61.41,23.123",190|NA,2017-2020,Boreal_Forest_Taiga_simplify-0.1_buffered-0.018|NA,Scandinavian_and_Russian_taiga|NA
Sminthurinus trinotatus,Sminthurinus,Katiannidae,1496266,species,,,,the sources contain no explicit statement about this species' diet,4,03CF878BFFF9C23B21F85B6FFD12A937(plazi)|03EA87B2FF91FFDBFF26F80FFC9F9A9D(plazi)|E03187B3FF17D4C0FF31F253FB5DFA73(plazi)|10.11646/zootaxa.5147.1.1(pmc),"Based on the provided documents, there is no specific information regarding the diet or feeding habits of *Sminthurinus trinotatus*. The sources primarily focus on taxonomy, distribution, and habitat details rather than ecological interactions such as food preferences . Further research would be needed to determine its dietary characteristics.",,,,4,03CF878BFFF9C23B21F85B6FFD12A937(plazi)|E03187B3FF17D4C0FF31F253FB5DFA73(plazi)|03EA87B2FF91FFDBFF26F80FFC9F9A9D(plazi)|10.11646/zootaxa.5147.1.1(pmc),"Based on the provided documents, there is no specific mention of the body length of *Sminthurinus trinotatus*. The sources discuss distribution, habitat, and taxonomic notes but do not provide morphological measurements .",soil|forest_wood|synanthropic,,direct,,4,E03187B3FF17D4C0FF31F253FB5DFA73(plazi)|03EA87B2FF91FFDBFF26F80FFC9F9A9D(plazi)|10.11646/zootaxa.5147.1.1(pmc),"Based on the provided documents, *Sminthurinus trinotatus* inhabits forested areas and urban soils . Specifically, it has been recorded in forests at elevations around 1150 meters in Doi Inthanon, Thailand . Additionally, it is found in various regions across Vietnam, including both forested and urban environments .",1,immature,Lake shore,Moss sample,Finland,,"66.621,25.205",NA,2020,Boreal_Forest_Taiga_simplify-0.1_buffered-0.018,Scandinavian_and_Russian_taiga
Sminthurus nigromaculatus,Sminthurus,Sminthuridae,109608,genus,,,,the sources contain no explicit statement about this species' diet,5,28311073(medline)|03B687E7FF9CD416FF0FFC471122FD1E(plazi)|03AA531A0F463529FFA8598CFEF3A0B8(plazi)|721B6E0C8C29FF96FF3825B9A9AA2359(plazi)|03CF878BFFFBC239228A5FE2FAF2AE4B(plazi),"Based on the provided documents, there is no specific information about the diet of *Sminthurus nigromaculatus*. The text mentions that this species survives long-term inundations in the egg stage but does not describe its feeding habits . Further research would be needed to determine its dietary preferences.",,,,5,28311073(medline)|03CF878BFFFBC239228A5FE2FAF2AE4B(plazi)|03AA531A0F463529FFA8598CFEF3A0B8(plazi)|721B6E0C8C29FF96FF3825B9A9AA2359(plazi),"Based on the provided documents, there is no specific mention of the body length of *Sminthurus nigromaculatus*. The text discusses the survival strategies of various species during flooding but does not provide morphological details such as body length for this particular species .",floodplain,,direct,,5,28311073(medline)|03AA531A0F463529FFA8598CFEF3A0B8(plazi)|721B6E0C8C29FF96FF3825B9A9AA2359(plazi),"Based on the provided documents, Sminthurus nigromaculatus is found on the flood plains of Eder Reservoir (Germany), where it survives long-term inundations in the egg stage under water . This species is part of a group of organisms that dominate this specific habitat .",1,NA,"R1, Dry grasslands",soil corer,Germany,Baden-Wuerttemberg,"47.94,8.63",760,2022,NA,NA
Sminthurus viridis,Sminthurus,Sminthuridae,109609,species,,herbivore,,the sources contain no explicit statement about this species' diet; no explicit diet statement in the sources; value inferred,14,21510194(medline)|721B6E0C8C29FF96FF3824B5A95E20C1(plazi)|PMC10051947(pmc),"Based on the provided documents, there is no direct mention of what *Sminthurus viridis* feeds on. However, it is noted as an agricultural pest, suggesting it may feed on plants or plant material . Additional dietary information is not available in the given sources.",,,,14,32346741(medline)|21510194(medline)|30696929(medline)|21564933(medline)|10994700(medline)|21219669(medline)|03AA531A0F463529FFA858B1FB83A351(plazi)|721B6E0C8C29FF96FF3825B9A9AA2359(plazi)|E03187B3FF15D4C2FF31F386FC09FBA3(plazi)|721B6E0C8C29FF96FF3824B5A95E20C1(plazi)|03CF878BFFFBC23922AE5DBDFA87ABF1(plazi)|PMC6351550(pmc),"Based on the provided documents, the specific body length of *Sminthurus viridis* is not mentioned. The sources discuss various aspects such as insecticide responses, population dynamics, anatomical structures, genetic resources, and reproductive mechanisms but do not provide measurements related to body length .",,agricultural|grassland|soil,,the sources give no explicit habitat description for this species,14,32346741(medline)|12371180(medline)|721B6E0C8C29FF96FF3824B5A95E20C1(plazi)|E03187B3FF15D4C2FF31F386FC09FBA3(plazi)|PMC10051947(pmc),"Based on the provided documents, *Sminthurus viridis* inhabits agricultural areas, particularly in southern Australia, where it is considered a significant pest of winter grain crops and pastures . It is also associated with soils in horticultural and vegetable-growing regions, where it interacts with other pests and is affected by insecticides . However, specific details about its preferred microhabitats within these environments are not explicitly mentioned in the given texts.",3,NA,NA,NA|Malaise Trap,France|United Kingdom,Wales,"49.3506,1.9003|NA|51.584854,-0.053971",NA,1999-2025,NA,European_Atlantic_mixed_forests|NA
Sphaeridia pumilis,Sphaeridia,Sminthurididae,212016,species,,,,the sources contain no explicit statement about this species' diet,11,12009804(medline)|30743842(medline)|33801126(medline)|40266792(medline)|6040DE7A2535FFA25A767114FDAFFAE1(plazi)|DE3DBD36FFDBDC7BE3E3F9E0FD86FC28(plazi)|721B6E0C8C2BFF95FF382724A8632691(plazi)|502187F3DD5DFF9BFF34F9920BBEF943(plazi)|112A6E38AD6E5442819D4094904049C4(plazi)|03AA531A0F44352BFFA85F89FC40A295(plazi)|PMC8004137(pmc),"Based on the provided documents, there is no direct information about the diet of *Sphaeridia pumilis*. The sources mention its presence in various ecological contexts but do not specify feeding habits . Further research would be needed to determine its dietary preferences.",,,,11,30743842(medline)|33801126(medline)|12009804(medline)|40266792(medline)|502187F3DD5DFF9BFF34F9920BBEF943(plazi)|DE3DBD36FFDBDC7BE3E3F9E0FD86FC28(plazi)|721B6E0C8C2BFF95FF382724A8632691(plazi)|6040DE7A2535FFA25A767114FDAFFAE1(plazi)|112A6E38AD6E5442819D4094904049C4(plazi)|03AA531A0F44352BFFA85F89FC40A295(plazi)|PMC8004137(pmc),"Based on the provided documents, there is no explicit mention of the body length of *Sphaeridia pumilis*. The sources discuss its ecological distribution and interactions but do not provide morphological measurements . Further taxonomic or biological studies would be required to determine its body length.",forest_wood,,direct,,11,30743842(medline)|33801126(medline)|40266792(medline)|721B6E0C8C2BFF95FF382724A8632691(plazi)|112A6E38AD6E5442819D4094904049C4(plazi)|E03187B3FF0FD4D8FF31F3E3FD77F8C2(plazi)|PMC8004137(pmc),"Based on the provided documents, *Sphaeridia pumilis* is found in both contaminated woodland and open habitats affected by red mud. It forms a significant part of the Collembola community in these environments, often alongside other species like *Folsomia manolachei* and *F. quadrioculata*. Additionally, it has been reported in the mesovoid shallow substratum of the Sierra de Guadarrama National Park and in gypsum karst regions of Sorbas, Spain .",6,adult|immature|NA,"Meadow|Peatland|Coniferous forest|R1M Lowland to montane, dry to mesic grassland usually dominated by Nardus stricta",Pitfall trap|Decaying wood and Carex litter|Moss sample|Soil/litter sample|soil corer,Finland|Germany,Baden-Wuerttemberg,"61.715,26.388|68.534,27.525|60.449,22.768",110|190|NA,2019-2022,Boreal_Forest_Taiga_simplify-0.1_buffered-0.018|Temperate_Broadleaf_&_Mixed_Forest_simplify-0.001_buffered-0.018|NA,Scandinavian_and_Russian_taiga|Sarmatic_mixed_forests|NA
Stenacidia violacea,Stenacidia,Sminthurididae,2041968,species,,,,the sources contain no explicit statement about this species' diet,5,03CF878BFFA2C26022B05CE5FAE4A95F(plazi)|684787B5FFBC7058FF497E651E4AF8A5(plazi)|721B6E0C8C2AFF95FF3821CDAF1F278D(plazi)|03CF878BFFE6C224200F5AEFFDD9ABF1(plazi)|E03187B3FF0ED4D9FF31F4FFFD2AF8FE(plazi),"Based on the provided documents, there is no specific information regarding the diet or feeding habits of *Stenacidia violacea*. The sources primarily discuss its taxonomy, distribution, and ecological role as a bioindicator, but not its food source .",,,,5,721B6E0C8C2AFF95FF3821CDAF1F278D(plazi)|03CF878BFFE6C224200F5AEFFDD9ABF1(plazi)|03CF878BFFA2C26022B05CE5FAE4A95F(plazi)|E03187B3FF0ED4D9FF31F4FFFD2AF8FE(plazi)|684787B5FFBC7058FF497E651E4AF8A5(plazi),"Based on the provided documents, there is no specific mention of the body length of *Stenacidia violacea*. The sources discuss ecological preferences, geographic distribution, and taxonomic history but do not provide morphological measurements .",,soil,,the sources give no explicit habitat description for this species,5,721B6E0C8C2AFF95FF3821CDAF1F278D(plazi)|E03187B3FF0ED4D9FF31F4FFFD2AF8FE(plazi)|03CF878BFFE6C224200F5AEFFDD9ABF1(plazi),"Based on the provided documents, *Stenacidia violacea* inhabits soil under cedar and pulm trees in Iran . It is also found in savanna habitats in Vietnam . Additionally, it has been recorded in various regions across Europe, including areas such as Côte-d'Or, Essonne, Hautes-Pyrénées, Hauts-de-Seine, Moselle, Seine-et-Marne, and Vosges, though specific habitat details for these locations are not explicitly mentioned .",1,NA,R18 Perennial rocky calcareous grassland of subatlantic-submediterranean Europe,soil corer,Germany,Baden-Wuerttemberg,"49.67,9.61",322,2022,NA,NA
Stenaphorura denisi,Stenaphorura,Tullbergiidae,2041970,species,,,,the sources contain no explicit statement about this species' diet,1,03CF878BFFA5C26722BB5C34FA78A96A(plazi),"Based on the provided documents, there is no specific information given about the diet or feeding habits of *Stenaphorura denisi* . The text primarily discusses its taxonomy, distribution, and some physiological aspects but does not mention what it feeds on.",,,,1,03CF878BFFA5C26722BB5C34FA78A96A(plazi),"Based on the provided documents, there is no specific mention of the body length of *Stenaphorura denisi*. The text provides distribution and taxonomic information but does not include measurements or physical characteristics such as body length .",,forest_wood,,the sources give no explicit habitat description for this species; no explicit habitat description in the sources; value inferred,1,03CF878BFFA5C26722BB5C34FA78A96A(plazi),"Based on the provided documents, *Stenaphorura denisi* is found in specific regions of France, including Bas-Rhin, Côte-d'Or, Essonne, Loiret, and Nièvre. These locations suggest that it inhabits areas such as forests and parks, particularly near water bodies or moist environments . However, detailed habitat preferences are not explicitly described in the given text.",1,NA,"R1, Dry grasslands",soil corer,Germany,Baden-Wuerttemberg,"48.4,9.11",800,2022,NA,NA
Stenaphorura quadrispina,Stenaphorura,Tullbergiidae,3158778,species,,,,the sources contain no explicit statement about this species' diet,3,03CF878BFFA5C267229D5A98FA87AB1D(plazi),"Based on the provided documents, there is no specific information regarding the diet or feeding habits of *Stenaphorura quadrispina* . The sources describe its distribution, morphology, and ecological role as a bioindicator but do not mention its food source.",,1.33,body length of this species is not stated in the sources,3,03E46678FFDF4B7EFF82FC5BFDD90A13(plazi),"Based on the provided documents, the body length of *Stenaphorura quadrispina* is reported as 1330 micrometers . However, this measurement refers to *Stenaphorura lubbocki*, which was mistakenly identified as *S. quadrispina* in some records . The specific body length for *S. quadrispina* is not explicitly stated in the given sources.",,forest_wood|agricultural,,the sources give no explicit habitat description for this species; no explicit habitat description in the sources; value inferred,3,03CF878BFFA5C267229D5A98FA87AB1D(plazi),"Based on the provided documents, *Stenaphorura quadrispina* is found in various regions including the Massif du Montvallier, Camargue, Auteville, Annecy, Forêt de Haye près de Nancy, and the Parc régional du Morvan . These locations suggest that the species inhabits diverse environments such as forests and possibly agricultural or semi-natural areas, though specific habitat details are not explicitly stated in the given texts.",4,NA|Adult,"NA|R1, Dry grasslands|Gravel, seashore",NA|soil corer,Germany|Norway,Baden-Wuerttemberg|Vestfold,"NA|47.6,8.36|59.148,10.44",NA|610,2015-2022,NA,NA
Subisotoma pusilla,Subisotoma,Isotomidae,370033,genus,,,,the sources contain no explicit statement about this species' diet,5,03F06833FFAC647E8CC6F3ACFD39FC72(plazi)|03CF878BFFD2C21022A75C57FBEBA8C8(plazi)|E03187B3FFF4D423FF31F1A3FD40FD8E(plazi)|038A87F82C0F7F53C8B1FA94FB48F81F(plazi)|10.11646/zootaxa.5147.1.1(pmc),"Based on the provided documents, there is no specific information regarding the diet or feeding habits of *Subisotoma pusilla*. The sources describe its taxonomy, distribution, and morphological features, but do not mention its food source .",,,,5,038A87F82C0F7F53C8B1FA94FB48F81F(plazi)|03CF878BFFD2C21022A75C57FBEBA8C8(plazi)|E03187B3FFF4D423FF31F1A3FD40FD8E(plazi)|10.11646/zootaxa.5147.1.1(pmc),"Based on the provided documents, there is no specific mention of the body length of *Subisotoma pusilla*. The sources describe various morphological features such as sensilla, chaetae, and other structural details, but do not provide measurements related to body length , , . Therefore, the body length of *Subisotoma pusilla* cannot be determined from the given information.",,,,the sources give no explicit habitat description for this species,5,03CF878BFFD2C21022A75C57FBEBA8C8(plazi)|038A87F82C0F7F53C8B1FA94FB48F81F(plazi)|10.11646/zootaxa.5147.1.1(pmc),"Based on the provided documents, Subisotoma pusilla is associated with specific habitats. It is mentioned to occur in montane regions such as Montagne Noire at an elevation of 350 m . Additionally, it is noted to be distributed in central Europe, including Germany, France, Poland, and Ukraine, suggesting a preference for temperate environments . However, there is no detailed description of its exact microhabitat preferences beyond these general locations.",6,,NA,NA,Moldova,,"47.072567,28.391111",NA,2011,NA,Central_European_mixed_forests|NA
Superodontella alpina,Superodontella,Odontellidae,187701,species,,,,the sources contain no explicit statement about this species' diet,1,03CF878BFFB7C27522595EEEFA4DAEC6(plazi),"Based on the provided documents, there is no specific information regarding the diet or feeding habits of *Superodontella alpina*. The sources primarily focus on its taxonomy and distribution . Further research would be needed to determine its ecological niche and dietary preferences.",,,,1,03CF878BFFB7C27522595EEEFA4DAEC6(plazi),"Based on the provided documents, there is no specific mention of the body length of *Superodontella alpina*. The sources provide taxonomic information and distribution details but do not include measurements or dimensions related to the organism's size .",,,,,1,03CF878BFFB7C27522595EEEFA4DAEC6(plazi),"Based on the provided documents, Superodontella alpina is found in the Savoie region, specifically at Saint-Colomban-des-Villards in the Belledonne mountain range, at an elevation of 1900 meters . The habitat is likely a high-altitude environment associated with this location. No further details about specific microhabitats or ecological preferences are given in the source.",1,,NA,NA,Spain,,"40.36501,-3.6516252",NA,1999,NA,Iberian_sclerophyllous_and_semi-deciduous_forests
Superodontella gisini,Superodontella,Odontellidae,187702,species,,,,the sources contain no explicit statement about this species' diet,1,03CF878BFFB0C272200D5E6DFD5EAEC0(plazi),"Based on the provided documents, there is no specific information given about the diet or feeding habits of *Superodontella gisini* . The sources mention its distribution and some taxonomic details but do not provide data on its food source.",,,,1,03CF878BFFB0C272200D5E6DFD5EAEC0(plazi),"Based on the provided documents, there is no specific mention of the body length of *Superodontella gisini*. The sources provide distribution and collection data but do not include morphological measurements .",,freshwater,,the sources give no explicit habitat description for this species; no explicit habitat description in the sources; value inferred,1,03CF878BFFB0C272200D5E6DFD5EAEC0(plazi),"Based on the provided documents, *Superodontella gisini* has been recorded from various locations including Bouches-du-Rhône, Provence, Pyrénées-Orientales, and near Banyuls-sur-Mer, suggesting it inhabits freshwater environments such as lakes and rivers. These habitats are typically characterized by specific water conditions suitable for its survival . The exact environmental preferences are not detailed in the given sources.",1,,NA,NA,France,,"46.64237,2.1940236",NA,1996,NA,Western_European_broadleaf_forests
Supraphorura furcifera,Supraphorura,Onychiuridae,2041972,species,,,,the sources contain no explicit statement about this species' diet,4,03CF878BFFB9C27B21E45C35FF0BAFCA(plazi)|03E587D9FFE2F379FF2D55EAFAFEC801(plazi)|E03187B3FFB6D461FF31F22BFD1DFBEA(plazi)|10.11646/zootaxa.5182.5.3(pmc),"Based on the provided documents, there is no specific information regarding the diet or feeding habits of *Supraphorura furcifera*. The sources describe its taxonomy, distribution, and morphological characteristics but do not mention its food source .",,1.8,body size of the target species not available; the value reported in the source is for Supraphorura chernovae,4,03CF878BFFB9C27B21E45C35FF0BAFCA(plazi)|E03187B3FFB6D461FF31F22BFD1DFBEA(plazi)|03E587D9FFE2F379FF2D55EAFAFEC801(plazi)|10.11646/zootaxa.5182.5.3(pmc),"Based on the provided documents, the body length of *Supraphorura furcifera* is not explicitly mentioned , . However, for *Supraphorura chernovae*, the holotype male has a body length of 1.8 mm . This information does not apply to *S. furcifera*.",forest_wood|agricultural,,direct,,4,E03187B3FFB6D461FF31F22BFD1DFBEA(plazi)|03CF878BFFB9C27B21E45C35FF0BAFCA(plazi)|10.11646/zootaxa.5182.5.3(pmc),"Based on the provided documents, Supraphorura furcifera is distributed in forested areas and cultivated lands, specifically mentioned in the Mekong River Delta region of Vietnam within the Lung Ng c Ho ng natural reserve . Additionally, it is noted as a Palaearctic species with occurrences in regions such as the Vosges mountains in France .",26,NA|Adult,"R1M Lowland to montane, dry to mesic grassland usually dominated by Nardus stricta|R1, Dry grasslands|Damp seashore meadow|G3.1, Fir and spruce woodland",soil corer|NA,Germany|Norway,Baden-Wuerttemberg|Vestfold|Lower Saxony,"48.1,8.95|47.9,8.07",860|970,2014-2022,NA|Temperate_Broadleaf_&_Mixed_Forest_simplify-0.001_buffered-0.018,NA|Western_European_broadleaf_forests
Tetracanthella brachyura,Tetracanthella,Isotomidae,6752,species,,,,,0,,,,,,0,,,,,,,0,,,3,Adult,"Salix litter, lake shore",NA,Norway,Oppland,"61.542,8.901",NA,2014,NA,Scandinavian_Montane_Birch_forest_and_grasslands
Tetracanthella fjellbergi,Tetracanthella,Isotomidae,79733,genus,,,,the sources contain no explicit statement about this species' diet,1,23064850(medline),"Based on the provided documents, there is no specific information about the diet or feeding habits of *Tetracanthella fjellbergi*. The document mentions its abundance in certain conditions but does not specify what it feeds on . Further research would be needed to determine its dietary preferences.",,,,1,23064850(medline),"Based on the provided documents, there is no specific information given about the body length of *Tetracanthella fjellbergi*. The source mentions this species as one of the most abundant in certain conditions but does not provide morphological details such as body length .",,,,,1,23064850(medline),"Based on the provided documents, Tetracanthella fjellbergi is mentioned as one of the most abundant species in less disturbed stands within the Tatra National Park, suggesting it inhabits such environments. However, specific details about its preferred habitat are not elaborated upon in the given text .",3,Adult,"Moss, spruce/pine forest",NA,Norway,Telemark,"59.862,8.939",NA,2015,NA,Scandinavian_and_Russian_taiga
Tetracanthella strenzkei,Tetracanthella,Isotomidae,79733,genus,,,,the sources contain no explicit statement about this species' diet,1,03CF878BFFDDC21F21F659A0FBEBADA8(plazi),"Based on the provided documents, there is no specific information regarding the diet or feeding habits of *Tetracanthella strenzkei* . The text primarily focuses on its distribution across various regions in France .",,,,1,03CF878BFFDDC21F21F659A0FBEBADA8(plazi),"Based on the provided documents, there is no specific mention of the body length of *Tetracanthella strenzkei*. The text primarily provides distribution details across various regions in France . Additional morphological data would be required to determine its body length.",,,,the sources give no explicit habitat description for this species,1,03CF878BFFDDC21F21F659A0FBEBADA8(plazi),"Based on the provided documents, *Tetracanthella strenzkei* inhabits mountainous regions at elevations around 1550 to 1700 meters, specifically in areas such as the Massif Central in France, including locations like Mont Muzenc, Puy Criou, and the Vallées de Chaudefour . It is found in specific sites within departments such as Aveyron, Cantal, Haute-Loire, Puy-de-Dôme, Tarn, Aude, Tarn-et-Garonne, and others, often associated with particular geographic features like ""forêt de la Grise"" and ""Sidobre."" The exact habitat preferences beyond these general locations are not detailed in the source material.",4,Adult,Moss on rocks,NA,Norway,Vestfold,"59.096,10.4",NA,2015,NA,Scandinavian_and_Russian_taiga
Tetracanthella wahlgreni,Tetracanthella,Isotomidae,873036,species,,,,the sources contain no explicit statement about this species' diet,1,266B5D55F77EFFECFF7EFE8B467DFD39(plazi),"Based on the provided documents, there is no specific information regarding the diet or feeding habits of *Tetracanthella wahlgreni* . The sources primarily discuss taxonomic history and geographic distribution rather than ecological interactions or dietary preferences. Further research would be needed to determine its food source.",,,,1,266B5D55F77EFFECFF7EFE8B467DFD39(plazi),"Based on the provided documents, there is no specific mention of the body length of *Tetracanthella wahlgreni*. The sources primarily discuss taxonomic history, distribution, and potential misidentification issues but do not provide morphological measurements .",,,,the sources give no explicit habitat description for this species,1,266B5D55F77EFFECFF7EFE8B467DFD39(plazi),"Based on the provided documents, there is no specific information about the habitat of *Tetracanthella wahlgreni* . The text primarily discusses taxonomic history and potential misidentification issues rather than ecological preferences or habitats.",7,adult|immature,Mountain birch forest|Alpine|Coniferous forest,Soil/litter sample,Finland,,"69.808,27.176|68.342,27.488",NA|433,2019-2020,Tundra_simplify-0.001_buffered-0.018|NA|Boreal_Forest_Taiga_simplify-0.1_buffered-0.018,Scandinavian_Montane_Birch_forest_and_grasslands|Scandinavian_and_Russian_taiga
Tetrodontophora bielanensis,Tetrodontophora,Onychiuridae,48717,species,,,,the sources contain no explicit statement about this species' diet,10,26507895(medline)|PMC8536979(pmc),"Based on the provided documents, there is no direct mention of the specific diet of *Tetrodontophora bielanensis*. However, one source indicates that this species was studied in relation to metal exposure through feeding on copper- and zinc-enriched food, suggesting that they may consume materials containing these elements . Further research would be needed to determine their exact dietary preferences.",,,,7,33521265(medline)|42051937(medline)|PMC7808379(pmc)|PMC8536979(pmc)|PMC5489755(pmc)|10.1111/zoj.12220(pmc),"Based on the provided documents, there is no specific mention of the body length of *Tetrodontophora bielanensis*. The sources discuss the mitochondrial genomes and phylogenetic relationships but do not provide morphological measurements such as body length .",soil|leaf_litter|forest_wood,,direct,,9,34680628(medline)|PMC8536979(pmc)|PMC7808379(pmc),"Based on the provided documents, $Tetrodontophora\ bielanensis$ inhabits the litter and upper soil layers, preferring humid environments and colder climates . It is primarily found in forest areas where it thrives in the organic matter present in these habitats .",6,,"NA|G1.2, Mixed riparian floodplain and gallery woodland",NA,Moldova|Poland|Germany,Saxony,"47.072567,28.391111",NA,1995-2011,NA|Temperate_Broadleaf_&_Mixed_Forest_simplify-0.001_buffered-0.018,Central_European_mixed_forests|Western_European_broadleaf_forests
Thalassaphorura encarpata,Thalassaphorura,Onychiuridae,2583954,species,,,,the sources contain no explicit statement about this species' diet,7,37044510(medline)|E03187B3FFB5D462FF31F1A2FD7FFC33(plazi)|03B5E34DFFC5FFC2CFD0FEF58B3EFDF6(plazi)|E03187B3FFB6D461FF31F663FD6BF86E(plazi)|721B6E0C8C00FFB8FF382620A95E26D8(plazi)|761E3C0C5E56902AFF78FD1EFD2FFCB1(plazi)|10.11646/zootaxa.5182.5.3(pmc),"Based on the provided documents, there is no specific information regarding the diet of *Thalassaphorura encarpata*. The sources discuss mitochondrial genomes of Tullbergiidae and related families but do not mention feeding habits of *Thalassaphorura encarpata* . Further research would be needed to determine its dietary preferences.",,,,7,37044510(medline)|721B6E0C8C00FFB8FF382620A95E26D8(plazi)|03B5E34DFFC5FFC2CFD0FEF58B3EFDF6(plazi)|E03187B3FFB5D462FF31F1A2FD7FFC33(plazi)|E03187B3FFB6D461FF31F663FD6BF86E(plazi)|761E3C0C5E56902AFF78FD1EFD2FFCB1(plazi)|10.11646/zootaxa.5182.5.3(pmc),"Based on the provided documents, there is no specific mention of the body length of *Thalassaphorura encarpata*. The text discusses mitochondrial genome features and phylogenetic analysis of Tullbergiidae and Onychiuridae but does not provide morphological data on *Thalassaphorura encarpata* .",,,,the sources give no explicit habitat description for this species,7,37044510(medline)|721B6E0C8C00FFB8FF382620A95E26D8(plazi)|03B5E34DFFC5FFC2CFD0FEF58B3EFDF6(plazi)|E03187B3FFB5D462FF31F1A2FD7FFC33(plazi)|10.11646/zootaxa.5182.5.3(pmc),"Based on the provided documents, there is no specific information about the habitat of *Thalassaphorura encarpata*. The sources discuss mitochondrial genomes of Tullbergiidae and related families but do not mention the ecological or habitat preferences of *Thalassaphorura encarpata* . Further research would be needed to determine its habitat.",5,NA,NA,NA,France,,"48.841,2.359",NA,2012,NA,European_Atlantic_mixed_forests
Thaumanura carolii,Thaumanura,Neanuridae,187703,species,,,,the sources contain no explicit statement about this species' diet,1,03AA531A0F563539FFA8597AFC9CA3E6(plazi),"Based on the provided documents, there is no specific information given about the diet of *Thaumanura carolii* . The sources mention its distribution but do not describe its feeding habits. Further research would be needed to determine its food source.",,,,1,03AA531A0F563539FFA8597AFC9CA3E6(plazi),"Based on the provided documents, there is no specific information given about the body length of *Thaumanura carolii* . The sources mention its general distribution and location in Vojvodina but do not provide measurements or dimensions related to its body size.",,,,the sources give no explicit habitat description for this species,1,03AA531A0F563539FFA8597AFC9CA3E6(plazi),"Based on the provided documents, Thaumanura carolii is mentioned as being distributed in Europe , with specific mention of its presence in Obedska Bara in Vojvodina . However, no detailed information about its specific habitat preferences is given in the sources.",2,Adult,"Rich hardwood, fat soil",NA,Norway,Telemark,"59.066,9.695",NA,2015,NA,NA
Tomocerina minuta,Tomocerina,Tomoceridae,574226,genus,,,,the sources contain no explicit statement about this species' diet,6,721B6E0C8C27FF98FF3821CDA86A2439(plazi),"Based on the provided documents, there is no specific information about the diet or feeding habits of *Tomocerina minuta*. The sources primarily discuss its distribution, ecology, and habitat preferences, such as soil and leaf litter , but do not mention what it feeds on. Therefore, the dietary information for *Tomocerina minuta* is not available in the given sources.",,,,6,03CF878BFFD9C21B21F559CBFEEFABF1(plazi)|03AA531A0F5B3534FF5959D3FB33A00F(plazi)|721B6E0C8C27FF98FF3821CDA86A2439(plazi)|03BF042CFFADB77A3AB1FC54FE27F39B(plazi)|FB3F87CFF07AD93E45FBF292DC340ECE(plazi)|4F034B6EFFB0357CD938FD3F3FF1F9B5(plazi),"Based on the provided documents, there is no specific mention of the body length of *Tomocerina minuta*. The sources describe its distribution, ecology, and habitat but do not provide measurements related to body size .",leaf_litter|soil|forest_wood,,direct,,6,721B6E0C8C27FF98FF3821CDA86A2439(plazi)|03BF042CFFADB77A3AB1FC54FE27F39B(plazi)|4F034B6EFFB0357CD938FD3F3FF1F9B5(plazi),"Based on the provided documents, Tomocerina minuta inhabits soil and leaf litter in its ecological niche . It is also found in forest environments, particularly in areas with leaf litter and decaying organic matter, such as mountainous regions and forest floors . This species is distributed across the Holarctic region, indicating a broad geographic range that includes temperate and subarctic habitats .",3,adult|Adult,"Peatland|Salix litter, lake shore",Moss sample|NA,Finland|Norway,Oppland,"68.534,27.525|61.542,8.901",190|NA,2014-2020,NA,Scandinavian_and_Russian_taiga|Scandinavian_Montane_Birch_forest_and_grasslands
Tomocerus baudoti,Tomocerus,Tomoceridae,1116929,species,,,,the sources contain no explicit statement about this species' diet,2,03AA531A0F5B3534FF585A2DFCDFA13C(plazi)|03CF878BFFD9C21B22B35E22FA9FAF43(plazi),"Based on the provided documents, there is no specific information about the diet or feeding habits of *Tomocerus baudoti* . The sources primarily focus on its geographical distribution and habitat rather than its ecological interactions or food preferences. Further research would be needed to determine its dietary requirements.",,,,2,03AA531A0F5B3534FF585A2DFCDFA13C(plazi)|03CF878BFFD9C21B22B35E22FA9FAF43(plazi),"Based on the provided documents, there is no specific mention of the body length of *Tomocerus baudoti*. The sources provide information about its distribution and ecology but not morphological measurements , .",cave,,direct,,2,03AA531A0F5B3534FF585A2DFCDFA13C(plazi)|03CF878BFFD9C21B22B35E22FA9FAF43(plazi),"Based on the provided documents, *Tomocerus baudoti* inhabits various regions across Europe, including areas such as the Alps-Maritime, Ardèche, Bouches-du-Rhône, Dordogne, Meurthe-et-Moselle, Tarn, and Aude. The species is found in specific localities like the Plateau du Petit Arbois near Calas and the Grotte de Saint-Rémy near Toul. Its habitat includes mountainous regions and limestone caves .",10,,NA,NA,France,Provence-Alpes-Cote d'Azur|Nouvelle-Aquitaine,NA,NA,2004-2008,NA,NA|Western_European_broadleaf_forests
Tomocerus minor,Tomocerus,Tomoceridae,187706,species,,,,the sources contain no explicit statement about this species' diet,12,28309140(medline)|E03187B3FFE2D435FF31F5C7FD7FF9E2(plazi)|496BD62B7124F106FDBF3C37FB749F18(plazi)|03AA531A0F5B3534FF595B69FE25A1D4(plazi)|721B6E0C8C27FF98FF382355A9412519(plazi)|03BF042CFFADB77A3AB1FD3CFD0BF43C(plazi)|03CF878BFFDAC21820085FEDFBFFA82C(plazi)|DE3DBD36FFDFDC70E17FFC47FD81F9EA(plazi),"Based on the provided documents, there is no direct mention of what Tomocerus minor feeds on. However, it is noted that dispersal in T. minor occurs during the feeding period, suggesting that feeding activities are related to movement and possibly resource availability . Further details about its diet are not specified in the given sources.",,,,12,28309140(medline)|28311313(medline)|28309145(medline)|28309162(medline)|18621198(medline)|496BD62B7124F106FDBF3C37FB749F18(plazi),"Based on the provided documents, there is no specific mention of the body length of *Tomocerus minor*. The sources discuss various aspects of its ecology, behavior, and morphology, but none provide measurements related to body length .",,,,,12,28309140(medline)|721B6E0C8C27FF98FF382355A9412519(plazi)|03CA87C3FF93B01AFFC9F9E3FB142C28(plazi)|03BF042CFFADB77A3AB1FD3CFD0BF43C(plazi)|FB3F87CFF07AD93E45FBF292DC340ECE(plazi),"Based on the provided documents, Tomocerus minor inhabits water-saturated environments. It is totally restricted in distribution to water-saturated places, where it forms spaced-out aggregations .",55,NA|adult|Adult,"NA|Oak|EUNIS D2.291; Boreal Eriophorum vaginatum sphagnum fens|R1M Lowland to montane, dry to mesic grassland usually dominated by Nardus stricta|Garden compost","NA|Berlese trap|Soil/litter sample, under Populus trichocarpa|soil corer|Malaise Trap",Germany|France|Moldova|Denmark|Finland|United Kingdom|Sweden,Bavaria|Centre-Val de Loire|Occitanie|Nouvelle-Aquitaine|Normandie|Baden-Wuerttemberg|Vasternorrland,"48.09536,11.29434|47.255,2.198",NA|147.506,2004-2025,NA|Temperate_Broadleaf_&_Mixed_Forest_simplify-0.001_buffered-0.018|Boreal_Forest_Taiga_simplify-0.1_buffered-0.018,Western_European_broadleaf_forests|European_Atlantic_mixed_forests|NA|Central_European_mixed_forests|Baltic_mixed_forests|Scandinavian_and_Russian_taiga|English_Lowlands_beech_forests|Celtic_broadleaf_forests|Caledon_conifer_forests|Sarmatic_mixed_forests
Tomocerus problematicus,Tomocerus,Tomoceridae,1218964,species,,,,the sources contain no explicit statement about this species' diet,1,03CF878BFFDBC21921D15EEDFD37A88A(plazi),"Based on the provided documents, there is no specific information regarding the diet or feeding habits of *Tomocerus problematicus*. The sources primarily focus on its distribution and taxonomic details . Further research would be needed to determine its dietary preferences.",,,,1,03CF878BFFDBC21921D15EEDFD37A88A(plazi),"Based on the provided documents, there is no specific mention of the body length of *Tomocerus problematicus*. The text provides distribution details and some morphological references but does not include measurements . Further studies or publications would be required to determine this characteristic.",cave|soil,,direct,,1,03CF878BFFDBC21921D15EEDFD37A88A(plazi),"Based on the provided documents, *Tomocerus problematicus* inhabits caves and limestone areas, specifically mentioned as being found in grottes (caves) and grottedes (karstic habitats) across various locations in the Pyrenees region, including Gouffre Lacoste, Grottede Moulis, Grottede Tourtouse, and others . The species is associated with subterranean environments, indicating a preference for dark, humid cave systems.",4,,NA,NA,France,Occitanie,"43.0919,1.20639",NA,2003,NA,Western_European_broadleaf_forests
Tomocerus vulgaris,Tomocerus,Tomoceridae,1519116,species,,,,the sources contain no explicit statement about this species' diet,6,03E5878DFFC7FFA0FF5DF9DA8484F85B(plazi)|0383FA70377D8B76C69FF80A5EFDFE2F(plazi)|03CF878BFFDBC21921F25BE8FECDABF1(plazi)|721B6E0C8C27FF98FF382275AB09232D(plazi)|FB3F87CFF07AD93F465EF293DDA30D94(plazi)|03AA531A0F5A3535FFA85CBEFBD9A78E(plazi),"Based on the provided documents, there is no specific information regarding the diet or feeding habits of *Tomocerus vulgaris*. The sources primarily discuss the species' distribution, habitat, and ecological preferences but do not mention its food source .",,,,6,FB3F87CFF07AD93F465EF293DDA30D94(plazi)|03E5878DFFC7FFA0FF5DF9DA8484F85B(plazi)|03CF878BFFDBC21921F25BE8FECDABF1(plazi)|721B6E0C8C27FF98FF382275AB09232D(plazi)|0383FA70377D8B76C69FF80A5EFDFE2F(plazi)|03AA531A0F5A3535FFA85CBEFBD9A78E(plazi),"Based on the provided documents, there is no specific mention of the body length of *Tomocerus vulgaris*. The sources discuss the distribution, habitat, and ecological preferences of the species but do not provide detailed morphological measurements .",leaf_litter|forest_wood|soil,,direct,,6,03E5878DFFC7FFA0FF5DF9DA8484F85B(plazi)|4F034B6EFFB0357CD938FD3F3FF1F9B5(plazi)|721B6E0C8C27FF98FF382275AB09232D(plazi),"Based on the provided documents, *Tomocerus vulgaris* inhabits forest leaf litter and rotten wood, often in damp habitats . It is commonly found in soil and leaf litter across various forested areas, including those near rivers . The species is cosmopolitan and thrives in diverse environments such as forest floors and successional series within forests .",21,adult|NA|Adult,Coniferous forest|NA|Arctic city garden|Urban|Garden compost,"Litter from decaying tree|Litter sample from decaying birch|Soil/litter sample, under Robus americana|NA|Malaise Trap",Finland|United Kingdom|France|Sweden,Ile-de-France|Vasternorrland,"66.682,26.663|60.019,21.653|66.51,25.735",216|NA|122,2011-2025,Boreal_Forest_Taiga_simplify-0.1_buffered-0.018|NA,Scandinavian_and_Russian_taiga|NA|English_Lowlands_beech_forests|Celtic_broadleaf_forests|European_Atlantic_mixed_forests|Sarmatic_mixed_forests
Vertagopus alpinus,Vertagopus,Isotomidae,3127814,species,,,,,0,,,,,,0,,,,,,,0,,,33,NA,NA,NA,France|Italy|Austria|Switzerland,,NA,NA,2020-2021,NA,NA
Vertagopus arboreus,Vertagopus,Isotomidae,2041954,species,,,,the sources contain no explicit statement about this species' diet,2,03CF878BFFDEC21C21FE5926FC24AE5B(plazi)|AE318780FF90700A8204FCEDFD2FF667(plazi),"Based on the provided documents, there is no specific information regarding the diet or feeding habits of *Vertagopus arboreus*. The sources primarily discuss its distribution across various regions in Europe , and mention related species along with their habitat preferences . Further research would be needed to determine its dietary characteristics.",,,,2,03CF878BFFDEC21C21FE5926FC24AE5B(plazi)|AE318780FF90700A8204FCEDFD2FF667(plazi),"Based on the provided documents, there is no specific mention of the body length of *Vertagopus arboreus*. The sources primarily discuss its distribution across various regions in Europe but do not provide detailed morphological measurements , . Further research would be needed to determine this characteristic.",,freshwater,,no explicit habitat description in the sources; value inferred,2,03CF878BFFDEC21C21FE5926FC24AE5B(plazi),"Based on the provided documents, *Vertagopus arboreus* is distributed across Europe, including France, and has been recorded in various locations such as Calvados, Essonne, Haute-Garonne, and Hauts-de-Seine . The specific habitat details are not clearly mentioned, but it appears to be associated with marshes or similar wetland environments given the references to ""mares"" in its distribution notes .",23,adult|NA,"Oak|NA|J2.51, Fences",Berlese trap|Pan Trap|Malaise Trap|NA,France|United Kingdom|Germany,Ile-de-France|Centre-Val de Loire,"48.666,1.772|47.257,2.101|52.4758,-2.1815",163.53|167.517|NA,2019-2025,Temperate_Broadleaf_&_Mixed_Forest_simplify-0.001_buffered-0.018|NA,European_Atlantic_mixed_forests|Celtic_broadleaf_forests|NA|Western_European_broadleaf_forests
Vertagopus fradustaensis,Vertagopus,Isotomidae,3127816,species,,,,,0,,,,,,0,,,,,,,0,,,3,NA,NA,NA,Italy,,NA,NA,,NA,NA
Vertagopus glacialis,Vertagopus,Isotomidae,3127817,species,algivore|bacterivore|microbivore,,direct,predation relationship runs the other way; species is the prey,2,39247954(medline)|PMC11718624(pmc),"Based on the provided documents, Vertagopus glacialis feeds on algae and cyanobacteria within cryoconite holes, which form the base of the food web supporting other invertebrates like Nebria castanea and Pardosa saturatior . These microorganisms provide sustenance for the tardigrades, which in turn serve as prey for the aforementioned predators.",,,,2,39247954(medline)|PMC11718624(pmc),"Based on the provided documents, there is no specific mention of the body length of *Vertagopus glacialis*. The text discusses its role in the ecological interactions within glacier environments but does not provide morphometric details such as body length . Further research or references would be needed to determine this characteristic.",alpine_glacier,,direct,,2,39247954(medline)|PMC11718624(pmc),"Based on the provided documents, *Vertagopus glacialis* inhabits the glacier surface, where it plays a role in sustaining populations of other species within the glacier ecosystem .",89,NA,NA,NA,Switzerland|France|Italy|Austria,,"NA|45.999916,7.470056",NA,2020-2023,NA,NA
Vertagopus glacieinigrae,Vertagopus,Isotomidae,3127818,species,,,,,0,,,,,,0,,,,,,,0,,,6,NA,NA,NA,France,,NA,NA,,NA,NA
Vertagopus pseudocinereus,Vertagopus,Isotomidae,281425,genus,fungivore,,experimental,evidence from laboratory feeding experiments; may not reflect the diet in the field; no explicit diet statement in the sources; value inferred,3,17205807(medline)|266B5D55F70CFF9EFF7EFCEC441DFB48(plazi)|256B931EFFCEFFA2FF3A4C9DFAD4F96E(plazi),"Based on the provided documents, *Vertagopus pseudocinereus* feeds on young leaves. However, it is noted that young leaves grown under sterile conditions, which are almost free of yeast fungi, are toxic to this species, whereas naturally grown leaves that contain yeast fungi are not toxic and support the growth and reproduction of *V. pseudocinereus* . The document also indicates that the feeding preferences of *V. pseudocinereus* relate to the types of yeast fungi present on plants, suggesting that these organisms may serve as a food source or at least influence the collembolan's diet .",,,,3,17205807(medline)|266B5D55F70CFF9EFF7EFCEC441DFB48(plazi)|256B931EFFCEFFA2FF3A4C9DFAD4F96E(plazi),"Based on the provided documents, there is no specific mention of the body length of *Vertagopus pseudocinereus*. The text discusses the toxicity of young leaves to this species and its feeding preferences related to yeast fungi but does not provide morphological details such as body length .",,,,the sources give no explicit habitat description for this species,3,17205807(medline),"Based on the provided documents, Vertagopus pseudocinereus is a collembolan that feeds on plant leaves. The study indicates that it can feed on both young leaves grown under sterile conditions and those grown under natural conditions, suggesting its habitat includes environments where such leaves are available. However, specific details about its broader habitat are not explicitly mentioned in the source .",2,Adult,"Under bark, Salix",NA,Norway,Vestfold,"59.149,10.438",NA,2015,NA,NA
Vertagopus psychrophilus,Vertagopus,Isotomidae,3127819,species,,,,,0,,,,,,0,,,,,,,0,,,52,NA,NA,NA,France|Switzerland|Italy,,"NA|46.260387,9.739389",NA,2020-2023,NA,NA
Vertagopus sarekensis,Vertagopus,Isotomidae,281425,genus,,,,the sources contain no explicit statement about this species' diet,2,37957119(medline)|PMC10825826(pmc),"Based on the provided documents, there is no specific information about the diet or feeding habits of *Vertagopus sarekensis* . The source focuses on the chemical composition of its cuticular lipids rather than its dietary preferences.",,,,2,37957119(medline)|PMC10825826(pmc),"Based on the provided documents, there is no specific mention of the body length of *Vertagopus sarekensis*. The source discusses the isolation and structural determination of cyclopropane hydrocarbons from this species but does not provide morphological measurements . Further research would be needed to determine its body length.",,,,,2,37957119(medline)|PMC10825826(pmc),"Based on the provided documents, Vertagopus sarekensis is found in European high alpine regions . It is an abundant species within the Isotomidae family that exhibits coordinated group behavior and migration .",7,Adult,"Moss,rocks, alpine|NA",NA,Norway,Oppland,"61.6737,8.36821",NA,2013-2016,NA,Scandinavian_Montane_Birch_forest_and_grasslands
Willemia anophthalma,Willemia,Hypogastruridae,2041955,species,,,,the sources contain no explicit statement about this species' diet,6,E03187B3FF8ED459FF31F40FFB10F9C7(plazi)|721B6E0C8C1FFFA0FF3821CDA941278D(plazi)|DE3DBD36FFCBDC64E453FBE6FA68F9CB(plazi),"Based on the provided documents, there is no specific information regarding the diet or feeding habits of *Willemia anophthalma*. The sources primarily discuss its taxonomy, distribution, and ecological habitat, such as soil and littoral environments, but do not mention its food source . Further research would be needed to determine its dietary preferences.",,,,6,E03187B3FF8ED459FF31F40FFB10F9C7(plazi)|E03187B3FF8ED459FF31F50BFDF2FABF(plazi)|721B6E0C8C1FFFA0FF3821CDA941278D(plazi)|DE3DBD36FFCBDC64E453FBE6FA68F9CB(plazi)|266B5D55F754FFC6FF7EFC3E43BAFA74(plazi)|03CF878BFF9BC25921FE5E2CFDB5A9F9(plazi),"Based on the provided documents, there is no specific mention of the body length of *Willemia anophthalma*. The sources discuss its distribution, ecology, and taxonomy but do not provide measurements related to body size .",soil|forest_wood|marine_coastal,,direct,,6,721B6E0C8C1FFFA0FF3821CDA941278D(plazi)|4F034B6EFFBE3573D916FAED3C8FFA65(plazi)|E03187B3FF8ED459FF31F40FFB10F9C7(plazi)|DE3DBD36FFCBDC64E453FBE6FA68F9CB(plazi),"Based on the provided documents, *Willemia anophthalma* is primarily associated with soil habitats in Iran , and it is commonly found in taiga and southern tundra regions, as well as in developed forests within nature reserves . It has also been reported from littoral habitats in Algeria . The species exhibits a Holarctic distribution .",1,Adult,"Hazel/aspen litter, sand",NA,Norway,Vestfold,"59.084,10.466",NA,2015,NA,NA
Willemia denisi,Willemia,Hypogastruridae,187710,species,,,,the sources contain no explicit statement about this species' diet,4,721B6E0C8C1FFFA0FF3823C5A9412231(plazi),"Based on the provided documents, there is no specific information about the diet or feeding habits of *Willemia denisi*. The sources primarily discuss its taxonomy, distribution, and ecological preferences such as habitat in soil and leaf litter under pine trees . Further research would be needed to determine its dietary specifics.",,,,4,E03187B3FF8DD45AFF31F1A3FD2AFE46(plazi)|721B6E0C8C1FFFA0FF3823C5A9412231(plazi)|03CF878BFF9BC25922DF5E63FBE2A80E(plazi)|266B5D55F754FFC7FF7EF95E4409FDE9(plazi),"Based on the provided documents, there is no specific mention of the body length of *Willemia denisi*. The sources discuss its taxonomy, distribution, and ecology but do not provide morphological measurements such as body length .",leaf_litter|soil,,direct,,4,721B6E0C8C1FFFA0FF3823C5A9412231(plazi)|03CF878BFF9BC25922DF5E63FBE2A80E(plazi)|E03187B3FF8DD45AFF31F1A3FD2AFE46(plazi),"Based on the provided documents, *Willemia denisi* inhabits soil and leaf litter under pine trees in Iran . It is also distributed across various regions in Europe and North America, with specific mentions of habitats in mountainous areas such as the Massif des Arizes and the Pyrenees . The species is noted as a Holarctic distribution, indicating it can be found in both temperate and boreal zones . However, detailed ecological preferences beyond these general observations are not extensively documented in the sources.",1,,NA,NA,Sweden,,"62.73421,17.062431",NA,1995,NA,Scandinavian_and_Russian_taiga
Willemia scandinavica,Willemia,Hypogastruridae,1790227,species,,,,the sources contain no explicit statement about this species' diet,2,721B6E0C8C1FFFA0FF38252DA99C232D(plazi),"Based on the provided documents, there is no specific information about the diet of *Willemia scandinavica*. The sources mention its ecological habitat in Iran as being associated with soil and leaf litter under oak trees, but they do not specify what it feeds on . Further research would be needed to determine its dietary preferences.",,,,2,721B6E0C8C1FFFA0FF38252DA99C232D(plazi)|266B5D55F755FFC7FF7EFA54450CF950(plazi),"Based on the provided documents, there is no specific mention of the body length of *Willemia scandinavica*. The sources discuss its ecology, habitat, and general distribution but do not provide morphological details such as body length , .",leaf_litter|soil,,direct,,2,266B5D55F755FFC7FF7EFA54450CF950(plazi)|721B6E0C8C1FFFA0FF38252DA99C232D(plazi),"Based on the provided documents, *Willemia scandinavica* inhabits soil and leaf litter under oak trees in Iran . Its general distribution is described as Holarctic .",8,Adult,NA|Arctic tundra,NA,Moldova|Norway,Svalbard,"46.66667,29.6|46.6667,29.6",NA,2011-2013,NA,East_European_forest_steppe|NA
Willemia similis,Willemia,Hypogastruridae,187709,genus,,,,the sources contain no explicit statement about this species' diet,3,266B5D55F75BFFC9FF7EFE384409FD4D(plazi)|721B6E0C8C1FFFA0FF382429A99C2029(plazi)|266B5D55F755FFC4FF7EF94E46C3FF11(plazi),"Based on the provided documents, there is no specific information about the diet or feeding habits of *Willemia similis*. The sources primarily discuss its taxonomy, distribution, and ecological habitats but do not mention what it feeds on . Further research would be needed to determine its dietary preferences.",,,,3,266B5D55F755FFC4FF7EF94E46C3FF11(plazi)|266B5D55F75BFFC9FF7EFE384409FD4D(plazi)|721B6E0C8C1FFFA0FF382429A99C2029(plazi),"Based on the provided documents, there is no specific mention of the body length of *Willemia similis*. The sources discuss taxonomy, distribution, ecology, and habitat but do not provide measurements related to body size . Further research would be needed to determine this characteristic.",leaf_litter|soil|forest_wood|grassland,,direct,,3,721B6E0C8C1FFFA0FF382429A99C2029(plazi),"Based on the provided documents, *Willemia similis* inhabits forest soils and leaf litter, as well as pasturelands and alfalfa fields in Iran . Its general distribution is described as Holarctic .",3,Adult,Arctic tundra,NA,Norway,Svalbard,"79.322,16.05|79.456,13.288",NA,2013,NA,Russian_Arctic_desert
Willowsia buski,Willowsia,Entomobryidae,1458441,species,,,,the sources contain no explicit statement about this species' diet,8,40174198(medline)|03F787DF1D01D970FE6A685784A6FB9B(plazi)|266B5D55F71BFF89FF7EFCAA4694FB79(plazi)|03CF878BFFF6C23422B15D0AFBB5A819(plazi)|03C13C313466FFCB107BF9CBBB105849(plazi)|03E58E29FFF6FF9C9EF6FA3C4321FE30(plazi)|4F034B6EFFB3357CD92FFE8E3FE0FDD9(plazi)|10.1111/zoj.12220(pmc),"Based on the provided documents, there is no specific information regarding the diet or feeding habits of *Willowsia jacobsoni*. The sources focus on systematic studies, morphology, developmental biology, and genetic analysis rather than ecological interactions or dietary preferences . Further research would be needed to determine the feeding ecology of this species.",,,,8,40174198(medline)|03CF878BFFF6C23422B15D0AFBB5A819(plazi)|03F787DF1D01D970FE6A685784A6FB9B(plazi)|266B5D55F71BFF89FF7EFCAA4694FB79(plazi)|03E58E29FFF6FF9C9EF6FA3C4321FE30(plazi)|03C13C313466FFCB107BF9CBBB105849(plazi)|4F034B6EFFB3357CD92FFE8E3FE0FDD9(plazi)|10.1111/zoj.12220(pmc),"Based on the provided documents, there is no specific mention of the body length of *Willowsia buski*. The source text discusses *Willowsia jacobsoni* but does not provide measurements for *Willowsia buski* . Additional research would be required to determine the body length of *Willowsia buski*.",,,,the sources give no explicit habitat description for this species,8,40174198(medline)|03E58E29FFF6FF9C9EF6FA3C4321FE30(plazi)|03CF878BFFF6C23422B15D0AFBB5A819(plazi)|4F034B6EFFB3357CD92FFE8E3FE0FDD9(plazi)|10.1111/zoj.12220(pmc),"Based on the provided documents, there is no specific information about the habitat of *Willowsia buski*. The available source discusses *Willowsia jacobsoni* and mentions its pantropical distribution but does not provide details about the habitat of *Willowsia buski* . Further research would be needed to determine the habitat preferences of this species.",24,adult|NA|Adult,"Coniferous forest|Lake shore|NA|Urban|Garden compost|J2.42, Isolated agricultural buildings",Pitfall trap|Litter from decaying pine stump|NA|Malaise Trap,Finland|Estonia|Belarus|Bulgaria|Norway|Sweden|Germany,Minsk|Sofia-Capital|Sor-Trondelag|Vasternorrland|Saxony,"61.684,26.487|68.758,27.461",94|152,2014-2020,Boreal_Forest_Taiga_simplify-0.1_buffered-0.018|NA|Temperate_Broadleaf_&_Mixed_Forest_simplify-0.001_buffered-0.018,"Scandinavian_and_Russian_taiga|Sarmatic_mixed_forests|Sarmatic_mixed_forests, Central_European_mixed_forests|Rodope_montane_mixed_forests|Western_European_broadleaf_forests"
Willowsia nigromaculata,Willowsia,Entomobryidae,1302335,species,,,,the sources contain no explicit statement about this species' diet,9,40174198(medline)|03F787DF1D01D970FE6A685784A6FB9B(plazi)|E03187B3FFCBD41CFF31F40FFD7FF80A(plazi)|721B6E0C8C35FF8AFF382184A9412744(plazi)|266B5D55F71BFF89FF7EFB6746BFF9AC(plazi)|03CF878BFFF6C234228F5B7AFA52A9F8(plazi)|03F787DF1D08D96CFD946BBA87B6FA8C(plazi)|03E58E29FFF3FF9A9EF6FBA04321FE30(plazi)|10.1111/zoj.12220(pmc),"Based on the provided documents, there is no specific information regarding the diet or feeding habits of *Willowsia nigromaculata*. The available source discusses the systematics, morphology, and molecular phylogeny of *Willowsia jacobsoni* but does not mention *Willowsia nigromaculata* or its dietary preferences . Further research would be needed to determine the feeding ecology of this species.",,,,9,40174198(medline)|03F787DF1D08D96CFD946BBA87B6FA8C(plazi)|03F787DF1D01D970FE6A685784A6FB9B(plazi)|03CF878BFFF6C234228F5B7AFA52A9F8(plazi)|721B6E0C8C35FF8AFF382184A9412744(plazi)|E03187B3FFCBD41CFF31F40FFD7FF80A(plazi)|266B5D55F71BFF89FF7EFB6746BFF9AC(plazi)|03E58E29FFF3FF9A9EF6FBA04321FE30(plazi)|10.1111/zoj.12220(pmc),"Based on the provided documents, there is no specific mention of the body length of *Willowsia nigromaculata*. The source text discusses *Willowsia jacobsoni* but does not provide measurements for *W. nigromaculata* . Additional studies would be required to determine the body length of this species.",,,,the sources give no explicit habitat description for this species,9,40174198(medline)|721B6E0C8C35FF8AFF382184A9412744(plazi)|03E58E29FFF3FF9A9EF6FBA04321FE30(plazi)|E03187B3FFCBD41CFF31F40FFD7FF80A(plazi)|266B5D55F71BFF89FF7EFB6746BFF9AC(plazi)|03AA531A0F40352FFFA85F7EFEDFA236(plazi)|10.1111/zoj.12220(pmc),"Based on the provided documents, there is no specific information about the habitat of *Willowsia nigromaculata*. The available source discusses *Willowsia jacobsoni* but does not mention *W. nigromaculata* or its habitat . Further research would be needed to determine the ecological preferences of *W. nigromaculata*.",24,adult|NA|Adult,"NA|Coniferous forest|Sea shore|Urban|14. Artificial - Terrestrial | 14.5 Urban Areas|Under loose bark, rotten aspen|J2.42, Isolated agricultural buildings",NA|Litter from red wood ant nest|Soil/litter sample|Malaise Trap,France|Finland|Bulgaria|Germany|Norway,Ile-de-France|Sofia-Capital|Bavaria|Vestfold|Saxony,"48.7511,2.25432",NA,2005-2020,NA|Boreal_Forest_Taiga_simplify-0.1_buffered-0.018|Temperate_Broadleaf_&_Mixed_Forest_simplify-0.001_buffered-0.018,European_Atlantic_mixed_forests|Scandinavian_and_Russian_taiga|NA|Rodope_montane_mixed_forests|Western_European_broadleaf_forests
Xenylla acauda,Xenylla,Hypogastruridae,1117094,species,,,,,0,,,,,,0,,,,,,,0,,,3,Adult,Seashore meadow,NA,Norway,Vestfold,"59.141,10.468",NA,2014,NA,NA
Xenylla boerneri,Xenylla,Hypogastruridae,1725404,species,,,,the sources contain no explicit statement about this species' diet,2,03CF878BFF9BC25922CD5900FB11AB1A(plazi)|0392E246FFA0353BFF48081B72828050(plazi),"Based on the provided documents, there is no specific information regarding the diet or feeding habits of *Xenylla boerneri*. The sources mention its distribution and collection locations but do not provide details about its food source , . Further research would be needed to determine its dietary preferences.",,,,2,0392E246FFA0353BFF48081B72828050(plazi)|03CF878BFF9BC25922CD5900FB11AB1A(plazi),"Based on the provided documents, there is no specific mention of the body length of *Xenylla boerneri*. The sources provide distribution and collection data but not morphological measurements , .",soil,forest_wood,direct,"habitat statement concerns Fagului and, not the target species",2,03CF878BFF9BC25922CD5900FB11AB1A(plazi)|0392E246FFA0353BFF48081B72828050(plazi),"Based on the provided documents, *Xenylla boerneri* inhabits acidic soils at elevations between 950-2150 meters in the Savoie region . Additionally, it has been recorded in areas such as Plaiul Fagului and Stejareni, which suggests a preference for forested or mountainous environments with specific soil conditions .",7,NA,NA|14. Artificial - Terrestrial | 14.2 Pastureland,NA|Malaise Trap,United Kingdom|Portugal,Braganca,"51.2154,-0.3145|41.492,-6.515",NA|500,2018,NA|Mediterranean_Forest_Woodlands_&_Scrub_simplify-0.001_buffered-0.018,English_Lowlands_beech_forests|Iberian_sclerophyllous_and_semi-deciduous_forests
Xenylla brevisimilis,Xenylla,Hypogastruridae,2449114,species,,,,the sources contain no explicit statement about this species' diet,7,26240904(medline)|03CF878BFF84C246201B5D2CFEA3A890(plazi)|721B6E0C8C1EFFA1FF3823E9A97A25E9(plazi),"Based on the provided documents, there is no specific information regarding the diet or feeding habits of *Xenylla brevisimilis*. The source text describes the taxonomic discovery and morphology of the species but does not mention its ecological niche or food preferences . Further research would be needed to determine its dietary characteristics.",,,,7,26240904(medline)|03CF878BFF84C246201B5D2CFEA3A890(plazi)|721B6E0C8C1EFFA1FF3823E9A97A25E9(plazi)|1E482D44FFE8F479FF36F8A4903FFF16(plazi)|DE3DBD36FFCBDC6BE30CF903FD88FA6A(plazi)|03DD7F24142CFF93FE44FA6AFC6CF855(plazi)|0392E246FFA0353BFF48081B72828050(plazi),"Based on the provided documents, the specific body length of *Xenylla brevisimilis* is not mentioned . Therefore, no precise measurement can be given from the available information.",,,,the sources give no explicit habitat description for this species,7,26240904(medline)|721B6E0C8C1EFFA1FF3823E9A97A25E9(plazi)|1E482D44FFE8F479FF36F8A4903FFF16(plazi)|03AA531A0F54353BFFA8585BFB9CA331(plazi)|03B387DE0E3FFFB7BF8DF8BF732DE969(plazi),"Based on the provided documents, no specific habitat details for *Xenylla brevisimilis* are mentioned. The document only notes that this species was recorded as new for Algeria in the Taya Region . Further research would be needed to determine its exact habitat preferences.",2,NA,_|NA,soil sampling|NA,Spain|France,Canary Islands,"28.1,-14.361|NA",739|NA,2011-2019,Mediterranean_Forest_Woodlands_&_Scrub_simplify-0.001_buffered-0.018|NA,Mediterranean_Acacia-Argania_dry_woodlands_and_succulent_thickets|NA
Xenylla humicola,Xenylla,Hypogastruridae,367844,species,,,,the sources contain no explicit statement about this species' diet,6,266B5D55F756FFC5FF7EF938450CFEA2(plazi)|721B6E0C8C1EFFA1FF3821CDA99C278D(plazi)|03AA531A0F54353BFFA8591CFEF3A052(plazi)|03CF878BFF84C24622A35FE2FA9AADD3(plazi)|E03187B3FF8DD45BFF31F727FC28FC33(plazi),"Based on the provided documents, there is no specific information about the diet or feeding habits of *Xenylla humicola*. The sources describe its habitat preferences and geographic distribution but do not mention what it feeds on .",,,,6,03EE284EFFF71D01FF02FC09FC732729(plazi),"Based on the provided documents, there is no specific mention of the body length of *Xenylla humicola*. The document  describes *Paraxenylla norvegica*, not *Xenylla humicola*, and provides details about its morphology. Therefore, the body length of *Xenylla humicola* cannot be determined from the given sources.",leaf_litter|soil|synanthropic|forest_wood|grassland|marine_coastal|agricultural,,direct,,6,721B6E0C8C1EFFA1FF3821CDA99C278D(plazi)|266B5D55F756FFC5FF7EF938450CFEA2(plazi)|E03187B3FF8DD45BFF31F727FC28FC33(plazi)|03AA531A0F54353BFFA8591CFEF3A052(plazi),"Based on the provided documents, *Xenylla humicola* inhabits soil and leaf litter in Iran . It also occurs in seashore habitats , and in various environments such as forests, shrublands, grasslands, cultivated lands, gardens, and urban soils in Vietnam . Additionally, it can be found in salt land pastures and wet depressions in Vojvodina, associated with specific plant communities .",16,Adult|adult|NA,EUNIS B2; Beach|Seashore|NA|Arctic tundra|strand line,NA|ad hoc litter collection,Denmark|Finland|Estonia|United Kingdom|Norway,Svalbard|England,"55.614,12.397",NA,2012-2019,Temperate_Broadleaf_&_Mixed_Forest_simplify-0.001_buffered-0.018|NA,Baltic_mixed_forests|NA|Sarmatic_mixed_forests|Russian_Arctic_desert
Xenylla maritima,Xenylla,Hypogastruridae,1725405,species,,,,the sources contain no explicit statement about this species' diet,7,E03187B3FF8DD45AFF31F4B7FD13FA56(plazi)|B66187EFF51CCA3EFF5030F4EF56EC02(plazi)|038587A31831FFF2FF7CFE3EFD23A53F(plazi)|92A4A48801525A3391185EB31B0B175D(plazi)|E03187B3FF8CD45BFF31F29BFD7FFB5B(plazi)|721B6E0C8C1EFFA1FF3820C9A95E24ED(plazi)|10.5852/ejt.2025.976.2777(pmc),"Based on the provided documents, there is no specific information regarding the diet of *Xenylla maritima*. The sources describe its habitat and distribution but do not mention feeding habits . Further research would be needed to determine its dietary preferences.",,,,7,E03187B3FF8DD45AFF31F4B7FD13FA56(plazi)|038587A31831FFF2FF7CFE3EFD23A53F(plazi)|B66187EFF51CCA3EFF5030F4EF56EC02(plazi)|721B6E0C8C1EFFA1FF3820C9A95E24ED(plazi)|E03187B3FF8CD45BFF31F29BFD7FFB5B(plazi)|92A4A48801525A3391185EB31B0B175D(plazi)|10.5852/ejt.2025.976.2777(pmc),"Based on the provided documents, there is no specific mention of the body length of *Xenylla maritima*. The sources describe its ecology, distribution, and habitat but do not provide morphological details such as body length . Further research would be required to determine this characteristic.",leaf_litter|moss_lichen|forest_wood|synanthropic,cave,direct,"habitat statement concerns Cueva del, not the target species",7,721B6E0C8C1EFFA1FF3820C9A95E24ED(plazi)|92A4A48801525A3391185EB31B0B175D(plazi)|E03187B3FF8CD45BFF31F29BFD7FFB5B(plazi)|10.5852/ejt.2025.976.2777(pmc),"Based on the provided documents, *Xenylla maritima* inhabits various environments including moss in forests , dry habitats such as surface leaf litter or lichens on rocks , and areas like the Red River Delta in Vietnam where it occurs in forest, shrubland, and garden settings . It has been recorded from cave systems, specifically the twilight zone of Cueva del Gato . The species is cosmopolitan in distribution .",14,NA|Adult,_|NA|Rotten birch trees,soil sampling|NA,Spain|Greece|United Kingdom|Norway|Poland,Canary Islands|Oppland|West Pomeranian Voivodeship,"28.102,-14.355|35.194828,24.606712",809|NA,2010-2021,Mediterranean_Forest_Woodlands_&_Scrub_simplify-0.001_buffered-0.018|NA,Mediterranean_Acacia-Argania_dry_woodlands_and_succulent_thickets|NA|English_Lowlands_beech_forests|Scandinavian_Montane_Birch_forest_and_grasslands
Xenylla mediterranea,Xenylla,Hypogastruridae,2567731,species,,herbivore,,the sources contain no explicit statement about this species' diet; no explicit diet statement in the sources; value inferred,3,721B6E0C8C1EFFA1FF3823E9A97A25E9(plazi)|03DD7F24142CFF93FE44FA6AFC6CF855(plazi),"Based on the provided documents, there is no specific information regarding the diet or feeding habits of *Xenylla mediterranea*. The sources describe its ecological presence in moss on forest trees in Iran and its occurrence in sea wrack accumulations in Crete, but do not mention what it feeds on . Further research would be needed to determine its dietary preferences.",,,,3,721B6E0C8C1EFFA1FF3823E9A97A25E9(plazi)|03DD7F24142CFF93FE44FA6AFC6CF855(plazi),"Based on the provided documents, there is no specific mention of the body length of *Xenylla mediterranea*. The sources describe its ecology, distribution, and molecular data but do not provide morphological measurements , . Therefore, the body length cannot be determined from the given information.",moss_lichen|forest_wood,marine_coastal,direct,no explicit habitat description in the sources; value inferred,3,03DD7F24142CFF93FE44FA6AFC6CF855(plazi)|721B6E0C8C1EFFA1FF3823E9A97A25E9(plazi),"Based on the provided documents, Xenylla mediterranea has been found in sea wrack accumulations in Crete . Additionally, it is noted to occur in moss on forest trees in Iran . These findings suggest that its habitat includes both marine environments with wrack and terrestrial habitats associated with moss-covered forest areas.",7,Adult,Grass meadow on shell sand|NA,NA,Norway|Italy,Vestfold|Trentino-Alto Adige/Sudtirol,"59.085,10.466",NA,2010-2015,NA,NA|Alps_conifer_and_mixed_forests
Xenylla nitida,Xenylla,Hypogastruridae,187711,genus,,,,,0,,,,,,0,,,,,,,0,,,5,,NA,NA,Poland,Lower Silesian Voivodeship,"51.1078,17.0385",115,2010,NA,Central_European_mixed_forests
Xenylla pomorskii,Xenylla,Hypogastruridae,1921088,species,,,,,0,,,,,,0,,,,,,,0,,,7,Adult,EUNIS F3.16; Juniperus communis scrub. Formica polyctena nest. Dry and sunny|NA,NA,Denmark|Poland,,"56.075,9.639|52.06848,19.435732",NA,2012-2019,Temperate_Broadleaf_&_Mixed_Forest_simplify-0.001_buffered-0.018|NA,Baltic_mixed_forests|Central_European_mixed_forests
Xenylla szeptyckii,Xenylla,Hypogastruridae,1921089,species,,,,the sources contain no explicit statement about this species' diet,1,721B6E0C8C1EFFA1FF3825E1A9EF23E2(plazi),"Based on the provided documents, there is no specific information about the diet of *Xenylla szeptyckii*. The sources mention its ecology and habitat but do not detail feeding habits . Further research would be needed to determine its food source.",,,,1,721B6E0C8C1EFFA1FF3825E1A9EF23E2(plazi),"Based on the provided documents, there is no specific information given about the body length of *Xenylla szeptyckii* . The sources mention its ecology, habitat, and general distribution but do not provide morphological details such as body length.",,leaf_litter|soil|forest_wood,,the sources give no explicit habitat description for this species,1,721B6E0C8C1EFFA1FF3825E1A9EF23E2(plazi),"Based on the provided documents, *Xenylla szeptyckii* inhabits soil and leaf litter in forest environments in Iran . Additionally, it has been recorded from Poland . The specific ecological preferences within these habitats are not detailed in the given sources.",8,NA,NA,NA,Poland,Lower Silesian Voivodeship|Greater Poland Voivodeship,"52.06848,19.435732|51.1294,17.2768",NA|128,2010-2011,NA,Central_European_mixed_forests
Xenylla tullbergi,Xenylla,Hypogastruridae,187713,species,,,,the sources contain no explicit statement about this species' diet,4,721B6E0C8C1EFFA1FF3824FDA97A209D(plazi)|03DD371FFFA4FFD13405FC87FD58FBBA(plazi)|03AA531A0F573538FF595CBEFC1CA7F6(plazi)|03CF878BFF85C24720125B28FA87AD75(plazi),"Based on the provided documents, there is no specific information regarding the diet or feeding habits of *Xenylla tullbergi*. The sources describe its ecological habitats and geographic distribution but do not mention what it feeds on .",,,,4,03AA531A0F573538FF595CBEFC1CA7F6(plazi)|721B6E0C8C1EFFA1FF3824FDA97A209D(plazi)|03CF878BFF85C24720125B28FA87AD75(plazi)|03DD371FFFA4FFD13405FC87FD58FBBA(plazi),"Based on the provided documents, there is no specific mention of the body length of *Xenylla tullbergi*. The sources describe its ecological preferences, geographic distribution, and habitats but do not provide morphometric data such as body length .",leaf_litter|soil|grassland|forest_wood,,direct,,4,03AA531A0F573538FF595CBEFC1CA7F6(plazi)|03DD371FFFA4FFD13405FC87FD58FBBA(plazi),"Based on the provided documents, *Xenylla tullbergi* inhabits wet meadows, soil, and leaf litter under oak and cypress trees. It has been recorded in such habitats in Germany, Vojvodina, and Iran . The species is also associated with areas near oak forests at elevations around 1335 meters .",29,adult|NA,Coniferous forest|Spruce forest|NA,Soil/litter sample|Moss sample|Litter from decaying pine stump|Litter from decaying tree|Soil/moss sample|NA,Finland|France|Estonia,,"65.314,25.402|66.759,28.774",NA|295,1997-2020,Boreal_Forest_Taiga_simplify-0.1_buffered-0.018|NA|Temperate_Broadleaf_&_Mixed_Forest_simplify-0.001_buffered-0.018,Scandinavian_and_Russian_taiga|Sarmatic_mixed_forests|Western_European_broadleaf_forests
Xenylla xavieri,Xenylla,Hypogastruridae,187711,genus,,,,the sources contain no explicit statement about this species' diet,1,03CF878BFF85C24722D95CB4FBE7A9A2(plazi),"Based on the provided documents, there is no specific information regarding the diet or feeding habits of *Xenylla xavieri*. The sources mention its distribution and taxonomic details but do not specify what it feeds on .",,,,1,03CF878BFF85C24722D95CB4FBE7A9A2(plazi),"Based on the provided documents, there is no specific mention of the body length of *Xenylla xavieri*. The text provides distribution and taxonomic information but does not include morphological measurements .",,,,the sources give no explicit habitat description for this species,1,03CF878BFF85C24722D95CB4FBE7A9A2(plazi),"Based on the provided documents, *Xenylla xavieri* is found in the Essonne region, specifically in the area of For tde S nart (Ponge 1980, 1993). Additionally, it has been recorded in the Savoie region at elevations between 950-2150 meters (Loranger et al. 2001). The exact habitat details are not explicitly described, but these locations suggest that it inhabits mountainous or elevated areas .",3,Adult,Lichens on sea cliffs,NA,Norway,Vestfold,"59.146,10.445",NA,2015,NA,NA
Xenyllodes armatus,Xenyllodes,Odontellidae,187716,species,,,,the sources contain no explicit statement about this species' diet,8,34608182(medline)|266B5D55F770FFE2FF7EFB57450CF9B4(plazi)|DE3DBD36FFC3DC6CE174FD47FD66FB69(plazi)|985F87902F58FFC797BEFDD6DB8F3772(plazi)|03CF878BFFB0C27322A65801FD79AEEE(plazi)|502187F3DD46FF80FF34FE7F0AF4FD08(plazi)|PMC8490368(pmc),"Based on the provided documents, there is no specific information regarding the diet or feeding habits of *Xenyllodes armatus*. The source mentions that *Xenyllodes armatus* forms part of the microarthropod population in oil-contaminated soils but does not specify its food sources . Further research would be needed to determine its dietary preferences.",,,,8,34608182(medline)|985F87902F58FFC797BEFDD6DB8F3772(plazi)|DE3DBD36FFC3DC6CE174FD47FD66FB69(plazi)|266B5D55F770FFE2FF7EFB57450CF9B4(plazi)|03CF878BFFB0C27322A65801FD79AEEE(plazi)|502187F3DD46FF80FF34FE7F0AF4FD08(plazi)|PMC8490368(pmc),"Based on the provided documents, the body length of *Xenyllodes armatus* is not specified . The text mentions its presence in microarthropod populations but does not provide measurements . Further research would be required to determine its exact body length.",soil,,direct,,8,34608182(medline)|DE3DBD36FFC3DC6CE174FD47FD66FB69(plazi)|03CF878BFFB0C27322A65801FD79AEEE(plazi)|266B5D55F770FFE2FF7EFB57450CF9B4(plazi)|502187F3DD46FF80FF34FE7F0AF4FD08(plazi)|PMC8490368(pmc),"Based on the provided documents, Xenyllodes armatus is found in oil-contaminated soils in the European Subarctic, where it forms part of the microarthropod population . This species appears to be adapted to such environments, contributing to the ecological dynamics of these habitats. No further specific habitat details are provided in the cited sources.",4,adult,"Litter from decaying spruce stump|Peatland|NA|G4, Mixed deciduous and coniferous woodland",NA|Moss sample,Finland|Spain|Germany,Lower Saxony,"60.601,24.906|60.449,22.768|40.36501,-3.6516252",NA,1996-2020,Boreal_Forest_Taiga_simplify-0.1_buffered-0.018|Temperate_Broadleaf_&_Mixed_Forest_simplify-0.001_buffered-0.018|NA,Scandinavian_and_Russian_taiga|Sarmatic_mixed_forests|Iberian_sclerophyllous_and_semi-deciduous_forests|Western_European_broadleaf_forests
Xenyllodes psammo,Xenyllodes,Odontellidae,187714,genus,,,,,0,,,,,,0,,,,,,,0,,,4,Adult,"Sand dunes, seashore",NA,Norway,Rogaland,"58.536,5.723",NA,2015,NA,NA
