species,genus,family,ncbi_taxid,taxid_matched_rank,trophic_guilds,trophic_guild_primary,trophic_qa_answer,trophic_sources,body_size_range_mm,body_size_measurements_mm,body_size_qa_answer,body_size_sources,habitat_categories,habitat_qa_answer,habitat_sources
Agrenia bidenticulata,Agrenia,Isotomidae,1933610,species,unknown,unknown,"there is no specific information regarding the diet of *Agrenia bidenticulata*. The sources mention its presence in certain habitats and morphological characteristics but do not describe feeding habits , . Further research would be needed to determine its dietary preferences.",32260571(medline)|27394328(medline),,,"there is no specific mention of the body length of *Agrenia bidenticulata*. The descriptions focus on morphological features such as setae arrangement, pigmentation, and habitat preferences, but do not provide measurements for body length . Therefore, the body length cannot be determined from the given sources.",03E61F409350FFBB62C4FDE2DFEAFBB0(plazi)|256B931EFFCBFFA7FF3A4F9EFB22F86A(plazi),,,
Allacma fusca,Allacma,Sminthuridae,39272,species,unknown,unknown,"there is no specific information about what Allacma fusca feeds on. The sources discuss topics such as mitochondrial characteristics, sperm morphology, genomic elements, and paternal genome elimination, but none mention the diet of Allacma fusca .",11732170(medline)|19027878(medline)|37650155(medline)|35946560(medline),,,"there is no specific mention of the body length of Allacma fusca. The sources discuss genetic data, taxonomy, and phylogenetic relationships but do not provide morphological measurements such as body length . Therefore, the body length of Allacma fusca cannot be determined from the given information.",PMC7782307(pmc)|PMC8004137(pmc)|PMC7824276(pmc)|PMC11942825(pmc),soil|forest_wood,"Allacma fusca inhabits forest soils in Iran . Additionally, it is noted that in Thailand, three morphospecies of Allacma, including possibly Allacma fusca, are found in forested areas at elevations between 1150 m and 2400 m . However, specific details about the exact habitat preferences of Allacma fusca are limited in the given sources.",721B6E0C8C2AFF96FF382701A87F2691(plazi)|03EA87B2FF8EFFDBFF26FB5AFD1C9FD0(plazi)
Anurida granaria,Anurida,Neanuridae,187597,species,algivore|fungivore,algivore,"Anurida granaria feeds on algae-covered bark and slime mould. This dietary preference has been observed in laboratory-reared neanurid Collembola, where they were successfully reared on such a diet . There is no direct mention of their natural diet in the given texts, but the association with algae-covered bark suggests a possible ecological link .",PMC10230187(pmc)|PMC4495557(pmc),,,"the body length of *Anurida granaria* is not explicitly mentioned. However, it is noted that *Anurida maritima*, a closely related species, has a head that is described in detail along with its anatomical structures . For precise body length measurements of *Anurida granaria*, additional specific references or studies would be required.",PMC6858819(pmc),soil,"there is no direct mention of the habitat of *Anurida granaria*. However, related species such as *Anurida sensillata* and *Anurida ellipsoides* are noted to inhabit soil environments in various regions , . Therefore, it can be inferred that *Anurida granaria* may also prefer soil habitats, although this remains speculative without explicit documentation.",721B6E0C8C0BFFB5FF382725A81C2691(plazi)|721B6E0C8C0BFFB4FF382379A97A2519(plazi)
Anurida granulata,Anurida,Neanuridae,2905848,species,unknown,unknown,"Anurida granulata is not explicitly mentioned. However, there is mention of ""G. granulata sp. nov."" associated with bark beetles feeding on plants from various families including Asteraceae, Fabaceae, Moraceae, Oleaceae, Ulmaceae, Cupressaceae, and Ulmaceae . While this refers to Geosmithia granulata, not Anurida granulata, it suggests that organisms named granulata might have associations with…",PMC8964297(pmc),,,"there is no specific mention of ""Anurida granulata."" However, a species named *Tetralicia granulata* is mentioned in source , but its body length is not specified. Additionally, a species referred to as *Lasiobelba granulata* is noted in source , but again, no body length is given. Therefore, the body length of *Anurida granulata* cannot be determined from the available information.",10.11646/zootaxa.5527.1.1(pmc)|PMC4106099(pmc),,"""Anurida granulata"" is mentioned in relation to other species such as ""O. granulata,"" which refers to Oryza granulata, a wild rice species. However, there is no direct mention of the specific habitat of ""Anurida granulata."" The term ""granulata"" appears in multiple contexts, including species names like ""Cryptopygus bipunctatus (Axelson, 1903)"" and ""Oryza granulata,"" suggesting it may refer to…",10.3897/subtbiol.33.48805(pmc)|PMC9488966(pmc)
Anurida maritima,Anurida,Neanuridae,64695,species,detritivore,detritivore,"Anurida maritima feeds on organic matter present on the mud surface during the periods when they are active. However, specific details regarding their diet are not explicitly mentioned in the given texts .",28311099(medline),1,1.0,Anurida maritima has a body length of approximately 1 mm . This measurement is inferred from comparisons with other small arthropods and descriptions of its anatomical features . No direct measurements of body length are explicitly stated in the text.,PMC6858819(pmc),marine_coastal,"*Anurida maritima* inhabits salt marshes, specifically associated with mosquito larval habitats such as potholes . It is also found in tidal zones where it endures periodic flooding from tides and feeds on algae and suspended sediments .",PMC3463129(pmc)|PMC4494283(pmc)
Anurida polaris,Anurida,Neanuridae,64692,genus,omnivore|algivore|fungivore|bacterivore,omnivore,"Anurida polaris is mentioned in the context of microarthropod communities in the High Arctic, but there is no direct information about its diet. However, it is noted that related species like Anurida armata are detritivores feeding on fungi, bacteria, algae, and actinomycetes . It is reasonable to infer that Anurida polaris may also have a similar dietary habit, although this is not explicitly…",PMC10051947(pmc)|03848788467B663A4BD99CA2FB95D4B3(plazi),,,the body length of *Anurida polaris* is approximately 17 mm excluding antennae and cerci .,10.11646/zootaxa.4679.3.5(pmc)|03CD747BFFFEFFECFF6A9FF9FCF0175C(plazi),alpine_glacier|freshwater|marine_coastal,"*Anurida polaris* inhabits glacial environments in the High Arctic, specifically areas affected by receding glaciers . It is also found in subpolar fjords along the West Antarctic Peninsula, where it contributes to epibenthic communities . These findings suggest that *Anurida polaris* thrives in cold, aquatic or moist terrestrial habitats associated with glacial and coastal regions.",PMC7240498(pmc)|PMC5214585(pmc)|28311099(medline)
Anurida thalassophila,Anurida,Neanuridae,64692,genus,detritivore,detritivore,"there is no explicit mention of the feeding habits of *Anurida thalassophila*. However, it is noted that this species is found in soil and leaf litter habitats , suggesting it may be a detritivore or microphytophage, common among Collembola. Further research would be needed to confirm its exact diet.",PMC3800792(pmc),,,"the body length of *Anurida thalassophila* is not directly mentioned. However, it is noted that *Thalassaphorura brevisetosa* and *T. thalassophila* (considered synonymous) share certain morphological features, but specific measurements for *A. thalassophila* are lacking in the given texts . Therefore, the exact body length cannot be determined from the available information.",C2178781FFC0D87C61F11BFAFDE45E26(plazi),marine_coastal|soil,"*Anurida thalassophila* is associated with soil habitats in Iran . There is no explicit mention of its intertidal habitat, unlike some other species within the genus *Anurida* .",PMC6011825(pmc)|10.11646/zootaxa.5275.1.1(pmc)
Anurida tullbergi,Anurida,Neanuridae,1725394,species,unknown,unknown,"there is no specific information regarding the feeding habits of *Anurida tullbergi*. The sources mention its ecological distribution and survival strategies under flooding conditions but do not detail its dietary preferences , . Further research would be needed to determine its exact food sources.",PMC4494283(pmc)|PMC5769716(pmc),,,"there is no specific mention of the body length of *Anurida tullbergi*. The term ""Tullbergi"" appears in the context of *Praomys tullbergi* , which is a rodent species, and *Metasepia tullbergi* , a cuttlefish species. However, neither document provides body length data for any species named *Anurida tullbergi*. Therefore, the body length of *Anurida tullbergi* cannot be determined from the given…",33829084(medline)|27154051(medline),marine_coastal|grassland|freshwater,"Anurida tullbergi is not explicitly mentioned. However, related species like Anurida maritima inhabit marine saltmarshes , and other Anurida species are found in riparian areas and meadows . Therefore, it can be inferred that Anurida tullbergi likely inhabits similar moist environments such as salt marshes, riverbanks, or adjacent meadows.",28311099(medline)|29362535(medline)
Anurophorus atlanticus,Anurophorus,Isotomidae,208793,species,algivore|detritivore,algivore,"there is no direct information about the diet of *Anurophorus atlanticus*. However, related studies mention that some Collembola species feed on algae while submerged or inhabit wet environments . Since *Anurophorus* is a genus within Collembola, it might share similar dietary habits, potentially feeding on algae or other detritus in moist habitats. Further research would be needed to confirm…",PMC3911920(pmc),5-6.5,5.0|6.5,"there is no direct mention of the body length of *Anurophorus atlanticus*. However, related species such as *Sphecodes atlanticus* have a total body length ranging from 5.0 to 6.5 mm . For precise measurements of *Anurophorus atlanticus*, additional specific references would be required.",PMC6711934(pmc),soil|moss_lichen|forest_wood,"there is no specific information about the habitat of *Anurophorus atlanticus*. However, related species such as *Anurophorus coiffaiti* inhabit soil around elm and pomegranate trees in Iran , while *Anurophorus silvaticus* is found in moss on trees, decaying wood, and soil in Iran . The genus *Anurophorus* is noted to occur in various habitats including soil in dry evergreen lowland forests in…",721B6E0C8C3BFF84FF38252CA92D2310(plazi)|721B6E0C8C3BFF84FF38244CA80720B8(plazi)|03EA87B2FFA7FFF2FF26FD60FC3C9933(plazi)
Anurophorus laricis,Anurophorus,Isotomidae,2107182,species,unknown,unknown,"there is no explicit mention of the feeding habits of *Anurophorus laricis*. However, it is noted that *Anurophorus laricis* is distributed in western Palaearctic regions, including northern Vietnam, and is likely associated with moist environments . For detailed dietary information, further research or specific studies on *Anurophorus laricis* would be required.",10.11646/zootaxa.5147.1.1(pmc),1.2-2,1.5|2.0|1.2,"the body length of *Anurophorus laricis* is not explicitly stated. However, it is mentioned that *A. laricis* has been confused with other species like *A. alpinus*, which has a body size range of 1.5–2.0 mm . Additionally, *Aprionus gustavssoni* has a body size of 1.2 mm , but this refers to a different genus. Therefore, the exact body length of *Anurophorus laricis* remains unspecified in the…",3E7787AAD7749F27FF0619E3FBDCF837(plazi)|9660FC12FFCF2D71FF4FDA7220030BF5(plazi),moss_lichen|soil,"*Anurophorus laricis* is associated with moss-lichen cover on rocks and moraines in the Tsey Gorge nature reserve . Additionally, related species such as *Anurophorus coiffaiti* and *Anurophorus silvaticus* inhabit soils around elm and pomegranate trees or moss on trees, decaying wood, and soil in various regions . However, specific details about the exact habitat of *A. laricis* remain limited.",4F034B6EFFBC357ED934F8A83B70FB95(plazi)|721B6E0C8C3BFF84FF38252CA92D2310(plazi)|721B6E0C8C3BFF84FF38244CA80720B8(plazi)
Anurophorus septentrionalis,Anurophorus,Isotomidae,1387124,species,algivore|detritivore,algivore,"there is no direct information about the diet of *Anurophorus septentrionalis*. However, it is noted that *Anurophorus septentrionalis* is a species included in studies regarding genetic structure and is part of the family Isotomidae, which typically consists of springtails that feed on decaying organic matter and algae . Further details about its specific dietary preferences are not provided in…",PMC4947257(pmc),,,"there is no direct mention of the body length of *Anurophorus septentrionalis*. However, related species such as *Hermanniella septentrionalis* and *Rhagomys septentrionalis* are discussed, but their measurements do not directly apply to *Anurophorus septentrionalis* , . Therefore, the body length of *Anurophorus septentrionalis* cannot be determined from the given sources.",10.11646/zootaxa.5187.1.9(pmc)|10.1093/jmammal/gyaa104(pmc),,"Anurophorus septentrionalis is a species of Collembola (springtails) that inhabits specific environments. It is part of the family Isotomidae and has been studied in relation to its ecological adaptations and genetic structure within Europe . However, the exact habitat details for A. septentrionalis are not explicitly stated in the given texts.",PMC4947257(pmc)
Archisotoma interstitialis,Archisotoma,Isotomidae,89820,genus,unknown,unknown,"there is no direct mention of what Archisotoma interstitialis feeds on. However, related species within the Waldheimia genus are known to feed on specific plants, such as Cissus spp. and Hamelia patens. Since Archisotoma interstitialis is not explicitly discussed in terms of diet in the given sources, further research would be needed to determine its food source .",D13B879DFFE1FF92FF45EC63FA85F9EE(plazi),2.5-2.7,2.5|2.7,"there is no direct mention of the body length of *Archisotoma interstitialis*. However, related species such as *Longior similis* have been described with body lengths ranging from 2.500 to 2.700 mm . Since *Archisotoma interstitialis* is not explicitly discussed in the given texts, the specific body length cannot be determined from these sources.",03C1879DFFA6FFCCA8ACFCA62850F832(plazi),marine_coastal|freshwater,"*Archisotoma interstitialis* is found in littoral habitats , and it has been specifically noted in coastal mudflat wetlands where it contributes to the Collembola community . Additionally, it is associated with disturbed environments such as those experiencing frequent inundation, like salt marsh areas . These findings suggest that *A. interstitialis* thrives in moist, often saline or brackish…",PMC7365838(pmc)|PMC9963046(pmc)|PMC5730192(pmc)
Archisotoma megalops,Archisotoma,Isotomidae,7931,species,unknown,unknown,"there is no specific information regarding the diet of *Archisotoma megalops*. The available sources discuss the taxonomy, habitat, and ecological roles of various organisms but do not mention the feeding habits of *Archisotoma megalops* . Therefore, the dietary preferences of this species remain unspecified in the given context.",30647312(medline),0.4-0.6,0.4|0.6|0.49|0.55,"there is no specific mention of ""Archisotoma megalops."" However, two related species, *Archisotoma jariani* and *Archisotoma catiae*, are described with body lengths ranging from 0.4 to 0.6 mm and 0.49 to 0.55 mm respectively , . Since *Archisotoma megalops* is not mentioned in the given sources, its body length cannot be determined from this information.",03FF87C36C6BFF804EFFC87640694A45(plazi)|D13B879DFFE1FF92FF45EC63FA85F9EE(plazi),marine_coastal|soil,"Archisotoma megalops is mentioned in the context of salt marsh soil mesofauna, indicating that it inhabits salt marsh environments . Additionally, it is listed among Collembola species associated with terrestrial and coastal habitats, suggesting a possible connection to moist soils near land-sea interfaces . However, specific details about its exact habitat preferences are limited in the given…",PMC8301111(pmc)|PMC5730192(pmc)
Archisotoma pulchella,Archisotoma,Isotomidae,1725395,species,unknown,unknown,"Archisotoma pulchella feeds on the flowers of Buddleja sp. (Scrophulariaceae), Coffea sp. (Rubiaceae), and Hibiscus sp. (Malvaceae) in India . Additionally, it may also feed on other plants such as Cratoxylum formosum (Hypericaceae), Lagerstroemia cf. floribunda (Lythraceae), and Xylia xylocarpa (Fabaceae) depending on the region .",03C33B14FFD3E7571F91FCB657322829(plazi)|4C3A6F58BF21FF8D14B9061F41DFF3CE(plazi),,,"there is no direct mention of the body length of *Archisotoma pulchella*. However, document refers to *Archisotoma pulchella* in the context of its feeding preferences, but does not specify its body length. Document discusses the description of *Glenea vellayaniensis* and mentions *G. pulchella*, but again, no body length is given. Therefore, the specific body length of *Archisotoma pulchella* is…",PMC5730192(pmc)|10.1080/00222933.2021.1900442(pmc),marine_coastal,"Archisotoma pulchella is associated with salt marsh environments where it primarily feeds on diatoms . It is found in the pioneer zone of salt marshes, relying on marine-based food sources, while higher zones depend more on terrestrial resources . No further details about its exact habitat preferences beyond this context are given in the sources.",PMC5730192(pmc)
Arrhopalites caecus,Arrhopalites,Arrhopalitidae,226808,species,unknown,unknown,"there is no specific information regarding the diet or feeding habits of *Arrhopalites caecus*. The available sources focus on taxonomy, morphology, and geographic distribution rather than ecological interactions such as food sources . Further research would be needed to determine the feeding ecology of this species.",PMC12547479(pmc)|10.11646/zootaxa.5632.1.8(pmc)|10.11646/zootaxa.5673.4.3(pmc),0.71-0.81,0.71|0.81,"the body length of *Arrhopalites caecus* is not explicitly stated. However, related species such as *Arrhopalites brevicornis* have a body length ranging from 0.71 to 0.81 mm for females . For *A. caecus*, it can be inferred that its body length might be within a similar range, but this requires direct measurement from specimens .",10.11646/zootaxa.5632.1.8(pmc)|10.11646/zootaxa.5673.4.3(pmc)|PMC9848831(pmc)|10.11646/zootaxa.430.1.1(pmc),leaf_litter|soil|grassland,"Arrhopalites caecus inhabits soil and leaf litter in Iran . There is no specific mention of its habitat in other regions, but related species like Arrhopalites beijingensis are found in grassland areas in China .",PMC9848831(pmc)|10.11646/zootaxa.5275.1.1(pmc)
Ballistura borealis,Ballistura,Isotomidae,2736156,genus,unknown,unknown,"there is no specific information about the diet of Ballistura borealis. The document mentions Ballistura alpa and other species within the Proisotoma genus complex, but it does not specify what Ballistura borealis feeds on . Therefore, the feeding habits of Ballistura borealis cannot be determined from the given sources.",22371662(medline),0.5,0.5|0.5,"there is no specific mention of ""Ballistura borealis"" in the given text. However, there is a reference to ""Ballistura rossi,"" which has a length to 0.5 mm . It appears there may be confusion or a typo in the name. If referring to ""Ballistura rossi,"" the body length is up to 0.5 mm. For ""Ballistura borealis,"" no data is available in the provided sources.",1292AF53565E04B9D321D327E4F8AF9B(plazi),soil,"there is no specific mention of the habitat of *Ballistura borealis*. However, the term ""borealis"" appears in several contexts, often indicating a northern or polar distribution. For example, *Ceratophysella cf. borealis* inhabits soils under various vegetation types in Iran , while *Typhula ishikariensis* and *Spirorbis borealis* are found in Arctic regions . Without direct reference to…",10.11646/zootaxa.5275.1.1(pmc)|PMC6059071(pmc)
Bilobella aurantiaca,Bilobella,Neanuridae,106915,species,unknown,unknown,"there is no direct information about the diet of *Bilobella aurantiaca*. The sources discuss its taxonomic classification, phylogenetic relationships, and ecological roles but do not specify feeding habits . Further studies would be required to determine its dietary preferences.",PMC7971285(pmc)|PMC7706535(pmc)|PMC11432141(pmc)|PMC7677293(pmc)|10.5281/zenodo.4620094(pmc),2.75-4,2.75|4.0,"the body length of *Bilobella aurantiaca* is not explicitly stated. However, a related species, *Bilobella matsakisi*, has a body length (without antennae) ranging from 2.75 to 4 mm . Since *B. aurantiaca* is mentioned in the same context and may share similar morphological traits, it is possible that its body length could fall within a comparable range; however, this remains an inference due to…",03E8878C3C05735ED89DF923FDDDFD75(plazi),soil,Bilobella aurantiaca is found in soil habitats . This species is part of the family Neanuridae and has been recorded in various regions including Iran . There is no additional specific detail about its microhabitat preferences beyond being associated with soil environments.,10.11646/zootaxa.5275.1.1(pmc)
Bilobella braunerae,Bilobella,Neanuridae,106916,species,unknown,unknown,"there is no specific information regarding the diet or feeding habits of *Bilobella braunerae*. The available sources discuss structural variations, polymorphism, and taxonomic details of *Bilobella* species, but none mention feeding behavior or food sources for *Bilobella braunerae* . Further research would be needed to determine its dietary preferences.",821653(medline)|808313(medline)|5676107(medline),,,there is no specific information regarding the body length of *Bilobella braunerae*. The source mentions *Bilobella aurantiaca* in relation to genetic clustering but does not provide any morphological measurements for *Bilobella braunerae* . Further studies or references would be needed to determine its body length.,33796684(medline),soil|forest_wood,"Bilobella braunerae is listed under the Poduromorpha Neanuridae, but specific habitat details are not explicitly stated. However, related species like Bilobella aurantiaca are noted to inhabit soil environments . Additionally, some entries suggest a possible association with forested areas, given mentions of ""France Jardin Entomologie, MNHN"" and ""New Caledonia"" . These hints imply that Bilobella…",PMC10230187(pmc)|10.11646/zootaxa.5275.1.1(pmc)
Bilobella massoudi,Bilobella,Neanuridae,106917,species,unknown,unknown,"there is no specific information regarding the diet or feeding habits of *Bilobella massoudi*. The available sources discuss structural variations in polytene chromosomes and biogeographic aspects of related species like *Bilobella aurantiaca* , , . For detailed dietary information on *Bilobella massoudi*, additional studies would be required.",5676107(medline)|821653(medline)|808313(medline),,,there is no specific mention of the body length of *Bilobella massoudi*. The sources discuss various species within related genera and tribes but do not provide details on *Bilobella massoudi* .,03D46157FFAEFFBAFF58F9C6FDF1FE07(plazi)|03E087E3FFB1FFF8409CFFF4FAC2FF19(plazi)|03D46157FFAEFFB9FF58FCF7FBB1F9F6(plazi)|03BE2A4AFFA2FFEC51A97C0EFB33FD59(plazi)|2D1E87C1FFF12D338F01F93F9067FE14(plazi),soil,"Bilobella massoudi is noted to inhabit soil environments . This information is derived from an annotated checklist of the Collembola from Iran, where the ecological preferences of Bilobella aurantiaca are described as being associated with soil habitats. Although direct mention of Bilobella massoudi's habitat is not explicitly stated, it can be inferred that its habitat may be similar to other…",10.11646/zootaxa.5275.1.1(pmc)
Bourletiella arvalis,Bourletiella,Bourletiellidae,2049373,species,unknown,unknown,there is no specific information about the feeding habits of *Bourletiella arvalis*. The available sources describe its geographical distribution and morphological characteristics but do not mention its diet .,03B287EEFFD5CF3CFF2FFCE84387FC74(plazi)|266B5D55F725FFB7FF7EFC974637FBD7(plazi),1.8,1.8,"there is no specific mention of ""Bourletiella arvalis."" However, a related species, Bourletiella meghalayensis, has a body length of 1.8 mm . Therefore, it cannot be concluded what the body length of Bourletiella arvalis is from the given sources.",03B287EEFFD5CF32FCD1FA214235FB0F(plazi),freshwater|marine_coastal,"Bourletiella arvalis is not directly mentioned. However, the term ""arvalis"" is associated with Rana arvalis, which spends summers near breeding sites, often on grassy shores of wetlands in northern regions . Additionally, Microtus arvalis, the common vole, is noted as a host for certain species like Zercon brachysetosus and Ameroseiella stepposa , but these are unrelated to Bourletiella arvalis.…",03BE87CBFF834A6DB8887DB34028FD4C(plazi)|F3024465FFE0FFE9FF07FF6572361039(plazi)|03ED87DBFFC23875FD84D5DD6382015C(plazi)
Bourletiella viridescens,Bourletiella,Bourletiellidae,574227,genus,unknown,unknown,"there is no direct information about the diet of *Bourletiella viridescens*. However, related species within the same genus or family may provide some context. For example, *Meligethes viridescens* feeds on plants in the Brassicaceae family, including species like *Brassica*, *Sinapis*, and *Raphanus* . While this information pertains to a different species (*Meligethes viridescens*), it suggests…",03FF87FC165948153BBD4B36FC2F937A(plazi),,,"the body length of Bourletiella viridescens is not explicitly stated. It is mentioned that certain characters, including possibly body length, are observed in Bourletiella viridescens, but specific measurements are not given . Additional studies may be required to determine precise body length metrics.",PMC8151398(pmc),agricultural|leaf_litter,"Bourletiella viridescens is associated with habitats that include cold and damp litter . Additionally, it is mentioned in the context of habitat suitability modeling for agricultural areas in North America, suggesting it may inhabit environments related to crops such as canola . However, specific details about its exact habitat requirements are not elaborated upon in the given texts.",27395532(medline)|40237724(medline)
Brachystomella parvula,Brachystomella,Brachystomellidae,187611,species,detritivore,detritivore,"Brachystomella parvula is mentioned in association with specific habitats such as grasslands, forests, and leaf litter, but no direct information about its diet is given . Therefore, the feeding habits of Brachystomella parvula cannot be determined from the available sources.",PMC10603697(pmc)|PMC5696395(pmc)|PMC8004600(pmc),,,"the body length of *Brachystomella parvula* is not explicitly mentioned. However, it can be inferred that the body length might be relatively small given the description of *Kingdonella qinghaiensis*, which mentions ""body small size"" and compares features like the width of the mesosternal interspace and hind tibia color . For precise measurements, further specific data would be required.",A4B0B9F554815D49BEA1D50B41B7C03F(plazi),leaf_litter|soil|forest_wood|grassland,*Brachystomella parvula* inhabits soil of alfalfa fields and leaf litter in forest soil in Iran . Its general distribution is described as cosmopolitan .,721B6E0C8C04FFBBFF382034A95E27CF(plazi)
Ceratophysella bengtssoni,Ceratophysella,Hypogastruridae,1720639,species,unknown,unknown,there is no explicit information regarding the diet of *Ceratophysella bengtssoni*. The sources mention its presence in various habitats and some morphological characteristics but do not specify feeding habits . Further research would be needed to determine its dietary preferences.,PMC3131029(pmc)|PMC8359373(pmc)|10.5962/bhl.part.117808(pmc)|PMC6163862(pmc)|10.11646/zootaxa.5222.4.2(pmc),1-1.2,1.0|1.2,"the body length of *Ceratophysella bengtssoni* is not explicitly stated. However, it can be inferred that its body length is comparable to other species within the same genus, such as *Ceratophysella lobata*, which has a body length of 1-1.2 mm . For precise measurements specific to *C. bengtssoni*, additional data would be required.",03E20D10A851FFDCFF71FC12FCE9FC09(plazi),,,
Ceratophysella cavicola,Ceratophysella,Hypogastruridae,1288903,species,unknown,unknown,no specific information about the diet of *Ceratophysella cavicola* is given. The available data primarily focus on taxonomic classifications and descriptions of morphological features rather than feeding habits . Further research would be needed to determine its dietary preferences.,03E20D10A853FFD9FF71FE4DFCFFFC69(plazi),0.8-1.5,0.8|1.5,"the body length of *Ceratophysella cavicola* is not explicitly mentioned. However, related species within the genus *Ceratophysella* have body lengths ranging from 0.8 to 1.5 mm . Without specific information on *Ceratophysella cavicola*, it cannot be determined precisely.",PMC7940320(pmc)|10.11646/zootaxa.5432.4.5(pmc)|10.5962/bhl.part.150201(pmc),,"there is no specific information about the habitat of *Ceratophysella cavicola*. The text mentions *Rhabdoblatta cavicola* and describes its morphology and habitat photographs, but does not provide details about *Ceratophysella cavicola* . Therefore, the habitat of *Ceratophysella cavicola* cannot be determined from the given sources.",39646197(medline)
Ceratophysella denticulata,Ceratophysella,Hypogastruridae,928250,species,unknown,unknown,"there is no specific information regarding the diet or feeding habits of *Ceratophysella denticulata*. The sources primarily focus on taxonomic descriptions, distribution, and morphological characteristics rather than ecological interactions or dietary preferences .",266B5D55F74FFFDDFF7EFAC8457DF892(plazi)|410342EDEDA74FFD71A533CEBE469C59(plazi),1.5,1.5,"the body length of *Ceratophysella denticulata* is not directly stated. However, related species such as *Ceratophysella jondavi* have a maximum body length of up to 1.5 mm , and *Ceratophysella adexilis* is mentioned in the context of being part of the *C. denticulata* group . These references suggest that *C. denticulata* likely shares a similar size range, though precise measurements are not…",40426A098B05A51BECEAFD5BFBB3FBC7(plazi)|03B287DDFFFBFD6AF582FB4D8CBC582E(plazi),soil|forest_wood,"Ceratophysella denticulata is associated with forest habitats . Additionally, it is noted to feed on bacteria and fungi, and possibly other soil organisms like nematodes . Its ecological niche suggests a preference for moist environments within forest soils .",PMC4947257(pmc)|PMC8359373(pmc)
Ceratophysella engadinensis,Ceratophysella,Hypogastruridae,2803653,species,unknown,unknown,"there is no specific information about the diet of *Ceratophysella engadinensis*. The mentioned studies focus on *Ceratophysella denticulata*, discussing topics such as its chemical defenses, thermal tolerance, and interactions with microplastics, but none address the feeding habits of *Ceratophysella engadinensis* .",26334858(medline)|17222862(medline)|15537161(medline)|26740559(medline)|39700973(medline),,,"there is no specific mention of the body length of *Ceratophysella engadinensis*. The sources discuss other species such as *Ceratophysella denticulata* and describe general features of springtails, but not the exact body length of *Ceratophysella engadinensis* .",17222862(medline)|26740559(medline)|26856893(medline)|39246360(medline)|26287091(medline),leaf_litter|soil|forest_wood|grassland,"*Ceratophysella engadinensis* inhabits litter at 2500 m in the Doi Inthanon forest in Thailand . Additionally, it is noted to be present in various habitats such as soil of rice fields, leaf litter, and soil under herbal cover in Iran . The species has a general cosmopolitan distribution .",03EA87B2FFB8FFEDFF26FCF1FC639E58(plazi)|721B6E0C8C1BFFA4FF3822E4A95E22C9(plazi)
Ceratophysella gibbosa,Ceratophysella,Hypogastruridae,187618,species,predator,predator,"Ceratophysella gibbosa is mentioned in relation to its ecological role as a sit-and-wait predator with jump escaping prey groups . However, none of the sources explicitly state what Ceratophysella gibbosa feeds on. The document focuses on thermal performance curves and predation behavior rather than dietary preferences. Therefore, specific information about its diet is not available in the given…",40020342(medline),1.09,1.09,"there is no specific mention of the body length of *Ceratophysella gibbosa*. However, *Ceratophysellaskarzynskii*, another species within the same genus, has a maximum body length of 1.09 mm . Since *Ceratophysella gibbosa* is not explicitly described in the given texts, its body length cannot be determined from the available information.",30774502(medline),freshwater,"there is no specific mention of the habitat of *Ceratophysella gibbosa*. However, one document mentions *Chilina gibbosa*, a freshwater snail, indicating that this species inhabits freshwater environments . It is important to note that *Ceratophysella gibbosa* may be a different species altogether, and its habitat is not described in the given sources.",30195390(medline)
Ceratophysella granulata,Ceratophysella,Hypogastruridae,1218962,species,unknown,unknown,"Ceratophysella granulata is mentioned in the context of being part of a group of species with specific morphological traits, but none of the sources explicitly state what Ceratophysella granulata feeds on. Therefore, the dietary habits of Ceratophysella granulata are not directly addressed in the given sources .",33716539(medline),0.8-1.5,0.8|1.5,"the body length of *Ceratophysella granulata* is not explicitly stated. However, it can be inferred that *Ceratophysella granulata* likely has a similar body length to other species within the same genus, which range from approximately 0.8 to 1.5 mm , . For precise measurements specific to *Ceratophysella granulata*, additional references would be required.",10.11646/zootaxa.5432.4.5(pmc)|10.5962/bhl.part.150201(pmc),cave,"*Ceratophysella granulata* is found in scree habitats, specifically in the middle and deeper scree layers at sites A, S, and ZA . It is also noted as part of the terrestrial invertebrate fauna in Polish caves . Additionally, it has been recorded in the Iberian Peninsula, indicating a broader distribution across various habitats . However, specific details about its preferred microhabitats beyond…",10.3897/subtbiol.40.69808(pmc)|10.3897/subtbiol.33.48805(pmc)|10.5281/zenodo.13314112(pmc)
Ceratophysella longispina,Ceratophysella,Hypogastruridae,2722004,species,fungivore|herbivore,fungivore,"Ceratophysella longispina is noted to feed on fungi, as it is part of the Poduromorpha order which predominantly feeds on fungi . Additionally, some Poduromorpha species may also consume plant roots, suggesting a potential omnivorous diet .",PMC8093729(pmc),0.8-2,1.2|0.8|2.0,"the body length of *Ceratophysella longispina* is reported as maximal 1.20 mm . This measurement aligns with other descriptions within the genus *Ceratophysella*, which typically have body lengths ranging from approximately 0.8 to 2.00 mm .",PMC6374354(pmc)|10.11646/zootaxa.5432.4.5(pmc)|10.5962/bhl.part.150201(pmc),freshwater,"Ceratophysella longispina (likely referring to Daphnia longispina) inhabits oligotrophic lakes . It thrives on oligotrophic food sources and outperforms Daphnia galeata in such environments . Additionally, it has been studied in rock pools where its abundance and occupancy relate to dispersal and habitat quality like salinity and depth .",22513861(medline)|20740290(medline)
Ceratophysella scotica,Ceratophysella,Hypogastruridae,2905844,species,unknown,unknown,"there is no explicit mention of the diet of *Ceratophysella scotica*. The sources primarily focus on morphology, taxonomy, and ecological distribution rather than feeding habits . Further research would be needed to determine its specific food sources.",PMC9679617(pmc)|PMC7564799(pmc)|10.5281/zenodo.3463441(pmc)|PMC7940320(pmc)|PMC6374354(pmc),1.09,1.09,"the body length of *Ceratophysella scotica* is not explicitly stated. However, it can be inferred that its body length is approximately 1.09 mm, as this value is listed alongside other *Ceratophysella* species in source . This inference should be treated cautiously since direct measurement or explicit mention of *Ceratophysella scotica*'s body length is lacking in the given texts .",PMC6374354(pmc),alpine_glacier,"Ceratophysella scotica is found in glacier forelands in the Alps, specifically mentioned in the context of young glacier forelands in Italy . Additionally, it is noted as a cold relic species with a historical distribution linked to glacial periods . However, specific current habitat details beyond these regions are not elaborated in the given sources.",PMC7564799(pmc)|PMC8741218(pmc)
Ceratophysella sigillata,Ceratophysella,Hypogastruridae,1218965,species,predator,predator,"there is no direct information about the diet of Ceratophysella sigillata. However, it is noted that Hypogastrura pseudarmata, which might be synonymous with Ceratophysella sigillata , was collected from rain pools . Additionally, while specific feeding habits for Ceratophysella sigillata are not mentioned, related taxa like Hilarempis sigillata are noted to have diets that include chironomids .…",03E20D10A853FFD9FF71FE4DFCFFFC69(plazi)|266B5D55F751FFC3FF7EFA4144A4F83C(plazi)|6138C567DE25FFD7DA72FF23D5808556(plazi),1.09,1.09,"there is no direct mention of the body length of *Ceratophysella sigillata*. However, it is noted that *Ceratophysella karzynskii* has a maximum body length of 1.09 mm . Since *Ceratophysella sigillata* is not explicitly discussed in the sources, its body length cannot be determined from the given information.",30774502(medline),soil|leaf_litter|forest_wood,"there is no specific information about the habitat of *Ceratophysella sigillata*. The available data describe habitats for other species within the genus *Ceratophysella* found in Thailand, such as litter and soil in forests, but these do not apply to *C. sigillata* -.",03EA87B2FFB8FFEDFF26F9A1FF479CA8(plazi)|03EA87B2FFB8FFEDFF26FCF1FC639E58(plazi)
Ceratophysella stachi,Ceratophysella,Hypogastruridae,187617,genus,unknown,unknown,"there is no specific information regarding the diet of *Ceratophysella stachi*. The sources describe its taxonomy, geographic distribution, and morphological characteristics but do not mention feeding habits . Further research would be needed to determine its dietary preferences.",PMC7940320(pmc),,,"the body length of *Ceratophysella stachi* is not explicitly mentioned. However, it is noted that *Ceratophysella sigillata*, which is a different species, has a body length ranging from 2.7 to 6.3 micrometers . Therefore, the body length of *Ceratophysella stachi* is not directly available from the given sources.",10.3897/subtbiol.40.69808(pmc)|3048909794415CAFAF7712BC8C024C10(plazi),,"Ceratophysella stachi (Uzel, 1891) is mentioned in the context of scree habitats . However, specific details about its exact habitat preferences are not elaborated upon in the given texts. The document focuses more on collection methods and species diversity rather than detailed ecological requirements. Therefore, additional research would be needed for comprehensive habitat information.",10.3897/subtbiol.40.69808(pmc)|3048909794415CAFAF7712BC8C024C10(plazi)
Ceratophysella succinea,Ceratophysella,Hypogastruridae,2041936,species,fungivore,fungivore,"there is no specific information about the feeding habits of *Ceratophysella succinea*. However, document describes *Ceratophysella comosa* as being collected from ascomata of *Ciborinia canielliae*, suggesting it may have a fungal association. No direct mention of *Ceratophysella succinea*'s diet is found in the given sources.",26287091(medline),0.9-1.1,0.9|1.1,"the body length of *Ceratophysella succinea* is not explicitly stated. However, it can be inferred that the body length of *Ceratophysella succinea* is similar to other species in the genus, such as *Ceratophysella dobrolyubovae*, which has a body length without antennae of 0.9–1.1 mm . No specific measurements for *Ceratophysella succinea* are given in the available sources.",038187EBFFD6603AFF03FE9AD588FC72(plazi),soil|leaf_litter|forest_wood,"the specific habitat of *Ceratophysella succinea* is not directly mentioned. However, it is noted that *Ceratophysella* species in general are found in various habitats within Doi Inthanon forest, including litter and soil at different elevations . For more precise details about *Ceratophysella succinea*, additional studies would be required.",03EA87B2FFBBFFEDFF26F8E4FDC69B2C(plazi)
Choreutinula inermis,Choreutinula,Hypogastruridae,2449119,species,unknown,unknown,"Choreutinula inermis is not directly mentioned. However, related species such as Hippolyte inermis feed on Cocconeis spp. , and Alloceraea inermis occasionally feeds on humans . No specific feeding habits for Choreutinula inermis are described in the given sources.",38921039(medline)|42238799(medline),1.3-1.5,1.3|1.5,"there is no specific mention of ""Choreutinula inermis."" However, if you meant ""Neandrothrips inermis,"" the body length is approximately 1.3–1.5 mm . If referring to another species, additional clarification would be needed.",0A01879CD00402395EC8D62E8B4AFBFB(plazi),soil|cave|freshwater,"there is no direct mention of the habitat of *Choreutinula inermis*. However, it appears there might be confusion with *Hydropotes inermis*, whose habitat includes reed marshes, farmland, and ponds in different seasons . If referring to *Orconectes inermis* (a cave crayfish), its habitat would be underground caves, as indicated by studies on its physiological adaptations to starvation and habitat…",36803729(medline)|6120779(medline)
Choreutinula kulla,Choreutinula,Hypogastruridae,2449118,genus,unknown,unknown,there is no specific information regarding the diet of *Choreutinula kulla*. The sources mention *Choreutinula* in the context of morphological comparisons and taxonomic classifications but do not provide details about feeding habits . Further research would be needed to determine the dietary preferences of this species.,PMC6422900(pmc),,,"there is no specific mention of the body length of *Choreutinula kulla*. However, document describes *Notopyrgodesmus kulla* sp. n., which might be confused with *Choreutinula kulla*, but it does not provide body length measurements. Therefore, the body length of *Choreutinula kulla* cannot be determined from the given sources.",PMC3433703(pmc),leaf_litter|forest_wood,"Choreutinula kulla is mentioned in the context of being found in ""forest leaf litter"" in South Africa . However, there is no specific information about its habitat in other regions or additional details regarding its ecological preferences beyond this single reference. Thus, the available evidence suggests it inhabits forest leaf litter, but more detailed studies would be needed for a…",PMC4440272(pmc)
Cribrochiurus subcribrosus,Cribrochiurus,Onychiuridae,,,unknown,unknown,there is no specific information regarding the diet of *Cribrochiurus subcribrosus* (previously referred to as *Crypturgus subcribrosus*). The sources describe morphological characteristics and taxonomic relationships but do not mention feeding habits . Further research would be needed to determine its dietary preferences.,0399710EAA77FFD6FF48FC6F6713F97E(plazi)|0399710EAA77FFD9FF48F8806703FAEB(plazi)|9E3D1C0AFB2CFFAEFF62FE531B5FF8C5(plazi)|0399710EAA78FFD9FF48FA2A6395F8ED(plazi)|9E3D1C0AFB2DFFAFFF62FF731BE2FA15(plazi),,,"there is no specific mention of the body length of *Cribrochiurus subcribrosus*. The sources discuss its taxonomy, habitat preferences, and phylogenetic relationships but do not provide measurements related to body size . Therefore, the body length of *Cribrochiurus subcribrosus* is not available from the given information.",10.11646/zootaxa.4619.2.4(pmc)|10.5281/zenodo.15883364(pmc)|PMC12585875(pmc)|PMC3405078(pmc)|PMC3312420(pmc),,,
Cryptopygus clavatus,Cryptopygus,Isotomidae,3042125,species,unknown,unknown,"there is no specific information about what *Cryptopygus clavatus* feeds on. The sources mention *Pyrops clavatus*, which is a type of beetle, but not *Cryptopygus clavatus*. Therefore, it cannot be determined from the given text what *Cryptopygus clavatus* feeds on .",03AE87D7FF9AFFAEFDE5F8C3FDA3FBB0(plazi)|C42D795BC2125A0E7DB907872714D998(plazi),,,"there is no specific mention of the body length of *Cryptopygus clavatus*. The sources discuss various aspects such as taxonomy, wetting characteristics, and cuticle structure but do not provide measurements related to body size .",PMC5396566(pmc)|PMC4430596(pmc)|PMC3911920(pmc)|PMC5564267(pmc)|PMC11321324(pmc),marine_coastal|freshwater,"*Cryptopygus clavatus* inhabits both aquatic and terrestrial environments. It spends the summer submerged, grazing on algae under water, and the winter on dry land . This species is also found in intertidal zones and other moist habitats .",PMC3911920(pmc)|PMC4430596(pmc)
Cyphoderus albinus,Cyphoderus,Lepidocyrtidae,1499079,species,omnivore|bacterivore|predator|detritivore,omnivore,Cyphoderus albinus feeds on decaying plant matter and microorganisms . This diet makes them a crucial food source for myrmecophilous predators such as staphylinids and spiders .,PMC9864695(pmc),1.2-1.3,1.2|1.3,"the body length of *Cyphoderus albinus* is not explicitly stated. However, it can be inferred that its body length is similar to closely related species such as *C. songkhlaensis* and *C. khaochakanus*, which have body lengths of approximately 1.2 mm and 1.3 mm respectively, excluding antennae and furca , . Further specific measurements for *C. albinus* would require direct reference to detailed…",159CFDABE5646F475BD021373A0399B9(plazi)|6CB1AEDA09E85EB254C928B8B074EDF1(plazi),leaf_litter|soil|grassland|synanthropic,"*Cyphoderus albinus* inhabits soil and leaf litter in citrus gardens and rice fields in Iran . Additionally, it has been found under plane trees (*Platanus sp.*) in various regions across Iran . Its general distribution includes the Palaearctic region .",721B6E0C8C3BFF84FF382184A97A27F0(plazi)|03E5878DFFC7FFA0FF5DFB87835DFAE2(plazi)
Desoria blekeni,Desoria,Isotomidae,281417,genus,unknown,unknown,"no specific information about the diet of *Desoria blekeni* is given. The texts discuss taxonomic classifications, morphological features, and distribution of various springtail species, including *Desoria*, but do not mention feeding habits . Further research would be needed to determine the dietary preferences of this species.",625CA83FFF99FFEDFF6EBFD9FB8BAF7B(plazi),,,"the body length of *Desoria blekeni* is not explicitly stated. However, it is mentioned that *Desoria* species, including *D. blekeni*, are cold-adapted organisms . The body length of *D. blekeni* can be inferred to be similar to other *Desoria* species, but specific measurements are not given in the cited sources.",10.5852/ejt.2021.787.1599(pmc),,,
Desoria blufusata,Desoria,Isotomidae,281417,genus,fungivore|detritivore,fungivore,"there is no specific information about the diet of *Desoria blufusata*. However, the study discusses *Desoria ruseki* and its dietary preferences, noting that it can feed on corn litter or yeast . If you meant to ask about *Desoria ruseki*, it feeds on corn litter and yeast. For *Desoria blufusata*, additional research would be needed to determine its food sources.",36504791(medline),,,there is no specific information given about the body length of *Desoria blufusata*. The sources describe three newly identified species of the genus *Desoria* but do not mention *D. blufusata* or its body dimensions .,42407768(medline),,there is no specific information about the habitat of *Desoria blufusata*. The available data describe habitats for other *Desoria* species but do not mention *D. blufusata* specifically .,721B6E0C8C3EFF81FF38261DA97A21FC(plazi)|721B6E0C8C3FFF80FF382490A88520B8(plazi)|721B6E0C8C3EFF81FF382080A97A24A4(plazi)|721B6E0C8C3EFF81FF3822BCA87622C8(plazi)|721B6E0C8C3EFF81FF382184A9802744(plazi)
Desoria calderonis,Desoria,Isotomidae,2865909,species,unknown,unknown,no specific dietary preferences for *Desoria calderonis* are mentioned. The descriptions focus on morphological characteristics and taxonomy rather than feeding habits . Further research would be needed to determine its diet.,AE318780FF90700A8204FCEDFD2FF667(plazi),0.1-1.5,1.5|0.1,"the body length of *Desoria calderonis* is reported as a mean of 1.5 mm with a standard deviation of 0.1 mm, measured on 12 specimens .",AE318780FF90700A8204FCEDFD2FF667(plazi),forest_wood,there is no specific information about the habitat of *Desoria calderonis*. The available data describe habitats for other *Desoria* species but do not mention *D. calderonis* specifically .,721B6E0C8C3EFF81FF38261DA97A21FC(plazi)|721B6E0C8C3FFF80FF382490A88520B8(plazi)|721B6E0C8C3EFF81FF382080A97A24A4(plazi)|721B6E0C8C3EFF81FF3822BCA87622C8(plazi)|721B6E0C8C3EFF81FF382184A9802744(plazi)
Desoria fennica,Desoria,Isotomidae,281417,genus,detritivore|algivore|fungivore|bacterivore|omnivore,detritivore,"there is no direct mention of the diet of *Desoria fennica*. However, it is noted that *Desoria ruseki*, a closely related species, feeds on various food resources including plant material, fungi, and detritus, with its microbiota influenced by food origin . Since *Desoria* spp. are generally considered to be omnivorous or polyphagous, feeding on a variety of organic matter such as decaying…",10.5852/ejt.2021.787.1599(pmc)|PMC9730247(pmc),1.5,1.5,"there is no specific mention of the body length of *Desoria fennica*. The document describes a new species, *Desoria calderonis*, with a mean body length of 1.5 mm, but it does not provide information about *Desoria fennica* . Therefore, the body length of *Desoria fennica* cannot be determined from the given sources.",10.5852/ejt.2021.787.1599(pmc),freshwater,"*Desoria fennica* (formerly known as *D. fennica*) is described as a hygrophilous species, indicating its preference for moist environments. It has a wide Palaearctic distribution and was found in the vicinity of Fazikau, close to Dargavs in North Ossetia, suggesting it inhabits areas with high humidity, possibly near water bodies or in wetlands .",4F034B6EFFBC357ED934F8A83B70FB95(plazi)
Desoria grisea,Desoria,Isotomidae,2107370,species,unknown,unknown,there is no specific information about the diet of *Desoria grisea*. The texts mention ecological preferences and habitats but do not detail feeding habits . Further research would be needed to determine its dietary requirements.,88502B73FFEFB800FF6B42607B350C6A(plazi),1.5,1.5,"the body length of *Desoria grisea* is not explicitly stated. However, it is noted that *Isotoma grisea*, a related species, has been studied for its anatomical features . For *Desoria calderonis*, a closely related species, the mean body length is reported as 1.5 mm . While this provides some context, it does not directly indicate the body length of *Desoria grisea*. Therefore, the specific body…",PMC6858819(pmc)|10.5852/ejt.2021.787.1599(pmc),leaf_litter|soil|forest_wood|grassland|marine_coastal,"*Desoria grisea* is found in various habitats including forest floors, meadows, and shorelines. It is part of the Collembola order, specifically within the Entomobryidae family, indicating it is a springtail commonly associated with moist soils and leaf litter . Additionally, it has been recorded in Antarctic regions, suggesting its adaptability to cold environments .",PMC4553450(pmc)|PMC8359373(pmc)
Desoria hiemalis,Desoria,Isotomidae,3051841,species,fungivore|detritivore,fungivore,"there is no direct mention of what *Desoria hiemalis* feeds on. However, document discusses *Desoria ruseki*, a closely related species, and mentions that its microbiota were influenced by different food sources such as corn litter and yeast. It is possible that *Desoria hiemalis* has similar dietary preferences, but this cannot be confirmed from the given sources.",36504791(medline),,,"the body length of *Desoria hiemalis* is not explicitly stated. However, it is mentioned that *Desoria* species have been studied for their annual dynamics, including *D. hiemalis*, but specific measurements are not given in the text . For detailed morphological descriptions, refer to specialized taxonomic works on *Desoria* spp. .",625CA83FFF99FFEDFF6EBFD9FB8BAF7B(plazi)|AE318780FF90700A8204FCEDFD2FF667(plazi),,"there is no specific information about the habitat of *Desoria hiemalis*. The available data describe habitats for other *Desoria* species but do not mention *D. hiemalis* specifically , , , . Therefore, the habitat of *Desoria hiemalis* cannot be determined from the given sources.",721B6E0C8C3EFF81FF38261DA97A21FC(plazi)|721B6E0C8C3FFF80FF382490A88520B8(plazi)|721B6E0C8C3EFF81FF382080A97A24A4(plazi)|721B6E0C8C3EFF81FF3822BCA87622C8(plazi)
Desoria infuscata,Desoria,Isotomidae,281417,genus,unknown,unknown,"there is no specific mention of the diet of *Desoria infuscata*. The sources discuss taxonomic details and morphological characteristics of various species, including *Desoria calderonis* and *Desoria infuscata*, but do not provide information about their feeding habits . Further research would be needed to determine the dietary preferences of *Desoria infuscata*.",C5180FFA3A935FCD0BB6397533318BC5(plazi)|AE318780FF90700A8204FCEDFD2FF667(plazi),2.3,2.3,"there is no direct mention of the body length of *Desoria infuscata*. However, *Dorachosa infuscata* is noted as a valid species within the genus *Dorachosa*, with body lengths typically less than 2.3 mm . It is important to note that *Desoria infuscata* might be a different taxon altogether, and the body length details provided refer to *Dorachosa infuscata* instead. Therefore, specific body…",03DC87BB5B6A6C2FBEAFF9DB9ECCB4D3(plazi),alpine_glacier,"*Desoria infuscata* is noted as one of the most pioneer species in proglacial successions along Midtdalsbreen glacier in Norway . It is also mentioned alongside *D. olivacea* as having a shorter antrum compared to other species, suggesting it may inhabit cold environments . Therefore, *Desoria infuscata* likely thrives in alpine or glacial habitats, specifically associated with melting glaciers…",10.5852/ejt.2021.787.1599(pmc)|10.3897/nl.42.33412(pmc)
Desoria intermedia,Desoria,Isotomidae,3158790,species,unknown,unknown,"there is no direct information about what *Desoria intermedia* feeds on. The document titled ""Food origin influences microbiota..."" discusses *Desoria ruseki*, a type of Collembola, and its dietary effects on microbiota, but it does not mention *Desoria intermedia*. Therefore, the feeding habits of *Desoria intermedia* cannot be determined from the given sources.",3613978(medline),,,"there is no specific mention of the body length of *Desoria intermedia*. The sources discuss various species within the genus *Desoria*, but none provide detailed morphological data for *Desoria intermedia* . Therefore, the body length of *Desoria intermedia* cannot be determined from the given information.",42407768(medline),,"there is no specific mention of ""Desoria intermedia"" or its habitat. The term ""intermedia"" appears in reference to a subspecies of the blue whale (*Balaenoptera musculus*), not *Desoria*. Therefore, the query may be based on a misunderstanding or misnaming. No relevant information about *Desoria intermedia* is available in the given sources.",721B6E0C8C3EFF81FF38261DA97A21FC(plazi)
Desoria neglecta,Desoria,Isotomidae,1924105,species,unknown,unknown,"*Desoria ruseki* (not *Desoria neglecta*) is mentioned as a winter-active Collembola species whose microbiota and stable isotope profiles are influenced by food origin . There is no specific information about the diet of *Desoria neglecta* in the given sources. Therefore, it cannot be determined what *Desoria neglecta* feeds on based on the available data.",36504791(medline),,,"the body length of *Desoria neglecta* is not explicitly stated. However, it is mentioned that *D. calderonis* sp. nov. is compared to *D. neglecta* (Schäffer, 1900) sensu Fjellberg 1978, suggesting that *D. neglecta* is a separate species from *D. calderonis*. The specific body length for *D. neglecta* is not directly cited in the given texts .",AE318780FF90700A8204FCEDFD2FF667(plazi),leaf_litter|soil|forest_wood,"*Desoria neglecta* inhabits soil and leaf litter under walnut trees, barberry shrubs (*Berberis vulgaris*), and pine forests in Iran . It is also widely distributed in the northern areas of the Holarctic, including Europe .",10.11646/zootaxa.5275.1.1(pmc)|10.52547/jibs.9.1.1(pmc)
Desoria nivea,Desoria,Isotomidae,1184800,species,fungivore|herbivore,fungivore,"there is no direct mention of what *Desoria nivea* feeds on. However, related species within the same genus or group may have similar dietary habits. For example, some *Desoria* species are known to feed on fungi or lichens . Further research would be needed to confirm the specific diet of *Desoria nivea*.",4F034B6EFFBC357ED934F8A83B70FB95(plazi),,,"there is no specific mention of the body length of *Desoria nivea*. The sources describe new species of *Desoria* but do not provide detailed morphometric data such as body length . Therefore, the body length of *Desoria nivea* cannot be determined from the given information.",42407768(medline),forest_wood|alpine_glacier,"*Desoria nivea* is part of the violacea-group within the family Isotomidae, and it is mentioned alongside other species such as *D. calderonis sp. nov.*, indicating that these species likely inhabit alpine or cryophilic environments. However, no specific habitat details for *D. nivea* alone are explicitly stated in the given texts .",10.5852/ejt.2021.787.1599(pmc)
Desoria olivacea,Desoria,Isotomidae,370026,species,detritivore,detritivore,"there is no direct information regarding the diet of *Desoria olivacea*. However, it is mentioned that *Desoria tigrina*, which may be confused with *D. olivacea* , is a species that might have similar ecological preferences. Additionally, other related species such as *Isotoma olivacea* are soil-dwelling springtails, suggesting that *D. olivacea* could potentially feed on organic matter in soil…",266B5D55F704FF96FF7EFE2845FDFCA9(plazi),1.5-10.6,1.5|10.6,"the body length of *Desoria olivacea* is not explicitly stated. However, related species within the genus *Desoria*, such as *Desoria calderonis*, have a mean body length of 1.5 mm . For *Afroptera olivacea*, which is a different genus, the female body length is given as 10.6 mm . Therefore, the body length of *Desoria olivacea* cannot be directly inferred from the available information.",AE318780FF90700A8204FCEDFD2FF667(plazi)|03DBDF51A760FF8AFF0DF8DB371C598E(plazi),alpine_glacier|soil|freshwater|marine_coastal,"*Desoria olivacea* is found in soil in Iran . It is also noted as a Holarctic genus that lives in damp and cold habitats such as the shores of lakes in tundra and mountain zones, on or near snow, and polar deserts . Additionally, it has been recorded in glacial environments, acting as a pioneer species in proglacial successions . Therefore, its habitat includes moist soils, cold environments, and…",10.5852/ejt.2021.787.1599(pmc)|10.11646/zootaxa.5275.1.1(pmc)
Desoria orobica,Desoria,Isotomidae,3127815,species,unknown,unknown,"there is no specific information regarding the diet of *Desoria orobica*. The sources discuss taxonomic classifications, morphological characteristics, and geographic distributions of various *Desoria* species, but do not mention feeding habits . Further research would be needed to determine the dietary preferences of this species.",504F2D6CFFCAFF9D97BEF736FA5C19D4(plazi)|504F2D6CFFD6FF8697BEF1FCFA4B19E1(plazi)|504F2D6CFFD8FF8D97BEF774FD1C1CBC(plazi)|266B5D55F705FF97FF7EFD264504FB8E(plazi)|AE318780FF90700A8204FCEDFD2FF667(plazi),,,"there is no information regarding the body length of *Desoria orobica*. The mentioned document discusses three new species of the genus *Desoria*, but does not provide any details about the body length of *D. orobica* or any other species within this genus. Therefore, it is not possible to determine the body length of *Desoria orobica* from the given sources.",42407768(medline),alpine_glacier|forest_wood,"there is no specific mention of ""Desoria orobica."" However, the genus *Desoria* is associated with alpine cryophilic environments, such as glaciers and cold springs, as seen with *Desoria calderonis*, which inhabits the Calderone glacier in the Apennines . Therefore, it can be inferred that *Desoria orobica* likely occupies similar cold, high-altitude habitats if it follows the pattern observed…",10.5852/ejt.2021.787.1599(pmc)
Desoria propinqua,Desoria,Isotomidae,281417,genus,unknown,unknown,"there is no direct mention of what Desoria propinqua feeds on. However, it is noted that Desoria ruseki, a closely related species, exhibits dietary preferences influenced by food origin, suggesting potential similarities in feeding habits . Additionally, while discussing Tenthredo propinqua, it is mentioned that they do not feed on inflorescences but instead consume plant material associated…",PMC9730247(pmc)|10.3897/dez.67.49741(pmc),1.5,1.5,"there is no specific mention of the body length of *Desoria propinqua*. The document describes a new species, *Desoria calderonis*, with a mean body length of 1.5 mm, but it does not provide similar data for *Desoria propinqua* . Therefore, the body length of *Desoria propinqua* cannot be determined from the given sources.",10.5852/ejt.2021.787.1599(pmc),alpine_glacier,"Desoria propinqua is not explicitly mentioned. However, species within the genus *Desoria* are typically associated with cold environments such as glaciers and high-altitude regions . These habitats suggest that *Desoria propinqua*, if it exists, likely inhabits similar cryophilic environments. Further specific information on *D. propinqua* is lacking in the given sources.",10.5852/ejt.2021.787.1599(pmc)
Desoria saltans,Desoria,Isotomidae,3127811,species,detritivore,detritivore,"Desoria saltans is mentioned as a springtail from the European Alps that has similar habitat preferences to other cryophilic species, but there is no explicit information about its diet. However, it is noted that some cold-adapted Collembola, including Desoria ruseki, exhibit variations in microbiota and stable isotope profiles depending on their food sources . Therefore, while the exact feeding…",PMC9730247(pmc),1.5,1.5,"the body length of *Desoria saltans* is not explicitly stated. However, it is mentioned that *Desoria saltans* is a springtail species found in alpine environments, sharing similarities with other glacial springtails like *Desoria nivalis* . The body length of another related species, *Desoria calderonis*, is noted as 1.5 mm on average , but this does not directly apply to *Desoria saltans*.…",10.5852/ejt.2021.787.1599(pmc)|PMC12407093(pmc),,"Dasiops saltans is associated with pitahaya cultivation and its occurrence is influenced by specific environmental conditions in the Amazonas region of northern Peru . There is no direct mention of ""Desoria saltans"" in the given texts; however, it is likely a misspelling or confusion with ""Dasiops saltans,"" which is an insect pest found in pitahaya cultivation areas under particular climatic…",41752558(medline)
Desoria tigrina,Desoria,Isotomidae,370036,species,unknown,unknown,"there is no direct mention of what Desoria tigrina feeds on. However, document discusses the effects of different food sources on the microbiota of Desoria ruseki, not Desoria tigrina. Therefore, the specific diet of Desoria tigrina cannot be determined from the given sources.",36504791(medline),1-2,1.0|2.0,"the body length of *Desoria tigrina* is not explicitly stated. However, it is mentioned as one of the species included in studies involving genomic analyses , and it is noted that *Desoria tigrina* has been studied alongside other Collembola species such as *Folsomia candida* and *Sminthurides aquaticus*, which have known body lengths ranging from 1 to 2 mm , . For precise measurements specific…",PMC8138834(pmc)|10.5852/ejt.2021.787.1599(pmc)|10.3897/asp.81.e104522(pmc),soil,*Desoria tigrina* inhabits soil . This species is found in the Palaearctic region .,721B6E0C8C3EFF81FF382080A97A24A4(plazi)
Desoria tolya,Desoria,Isotomidae,281417,genus,detritivore|omnivore,detritivore,"there is no direct information specifying the diet of *Desoria tolya*. However, it is noted that *Desoria ruseki* feeds on various food resources, which may include plant detritus and other organic matter . Since *Desoria tolya* is mentioned alongside *Desoria ruseki* in ecological contexts, it might have similar dietary habits, though this remains speculative without explicit evidence.",PMC9730247(pmc),1.5,1.5,"there is no specific mention of the body length of *Desoria tolya*. However, for related species such as *Desoria calderonis*, the mean body length is noted as 1.5 mm . Without direct data on *Desoria tolya*, this value cannot be confirmed for that particular species.",AE318780FF90700A8204FCEDFD2FF667(plazi),,"the habitat of *Desoria cf. tolya* is noted as being in a ""northern European"" context, but its specific ecological preferences or habitat details within Iran are not explicitly described. However, given that the document mentions the presence of this species in a ""southern region,"" it may suggest an adaptation to diverse environments, though further research is needed for precise habitat…",4F034B6EFFBC357ED934F8A83B70FB95(plazi)
Desoria trispinata,Desoria,Isotomidae,1184801,species,fungivore|detritivore,fungivore,"there is no direct information about what Desoria trispinata feeds on. However, document mentions ""Desoria ruseki,"" which is a different species, and discusses its diet involving corn litter and yeast. Therefore, it cannot be concluded what Desoria trispinata specifically feeds on from these sources.",36504791(medline),,,"the body length of *Desoria trispinata* is not explicitly stated. However, it is mentioned that *Desoria trispinata* is a cosmopolitan species found near shores and in debris of certain plants, but no specific measurements are given for its body length . Additional research would be needed to determine this characteristic accurately.",FB3F87CFF074D931465EF291DFBD0B5F(plazi),soil,"*Desoria trispinata* inhabits soil under oak trees in Iran . Additionally, it has been noted as a temperate alien species, suggesting it may also be found in various environments beyond its native range, though specific habitats outside of Iran are not detailed in the given sources.",10.11646/zootaxa.5275.1.1(pmc)
Desoria tshernovi,Desoria,Isotomidae,281418,species,unknown,unknown,"no specific information about the diet of *Desoria tshernovi* is given. The sources discuss taxonomic classifications, morphological characteristics, and geographical distributions of various *Desoria* species, but do not mention feeding habits . Further research would be needed to determine the dietary preferences of this species.",504F2D6CFFCAFF9D97BEF736FA5C19D4(plazi)|504F2D6CFFD6FF8697BEF1FCFA4B19E1(plazi)|504F2D6CFFD8FF8D97BEF774FD1C1CBC(plazi)|266B5D55F705FF97FF7EFD264504FB8E(plazi)|AE318780FF90700A8204FCEDFD2FF667(plazi),,,there is no specific mention of the body length of *Desoria tshernovi*. The text describes three newly discovered species of the genus *Desoria* but does not provide detailed morphological measurements for any of them . Further research or additional sources would be required to determine the body length of *D. tshernovi*.,42407768(medline),soil|alpine_glacier,"Desoria tshernovi has been noted in phylogenetic studies but its specific habitat is not explicitly mentioned. However, it is part of the genus Desoria, which includes species associated with alpine and cryophilic environments . Additionally, some Desoria species have been recorded in soil samples from degraded lands and anthropogenic soils, suggesting they may inhabit a range of terrestrial…",10.5852/ejt.2021.787.1599(pmc)|PMC10048822(pmc)|PMC6848234(pmc)
Desoria violacea,Desoria,Isotomidae,2041937,species,unknown,unknown,"there is no information indicating what *Desmodium violaceum* feeds on. The sources discuss the effects of lectins from *Dioclea violacea*, but do not mention the dietary habits of this plant species .",23685936(medline)|37468117(medline)|1398779(medline)|10332487(medline)|18472821(medline),1.5,1.5,"the body length of *Desoria violacea* is not explicitly stated. However, related species like *Desoria calderonis* have a mean body length of 1.5 mm . For *Desoria violacea*, specific measurements are not directly mentioned in the given texts.",10.5852/ejt.2021.787.1599(pmc),soil|grassland,"the habitat of *Desoria violacea* is mentioned as ""soil in pastureland"" . However, there is some confusion regarding its classification and identification, with references suggesting it may belong to the genus *Isotoma* rather than *Desoria* . Further clarification is needed for definitive habitat details.",4F034B6EFFBC357ED934F8A83B70FB95(plazi)|721B6E0C8C3EFF81FF38261DA97A21FC(plazi)
Detriturus jubilarius,Detriturus,Onychiuridae,,,unknown,unknown,no specific information about the diet of *Detriturus jubilarius* is given. The sources discuss taxonomic classifications and community responses to environmental factors but do not mention feeding habits . Further research would be needed to determine its dietary preferences.,PMC3175132(pmc)|PMC6117009(pmc),,,there is no specific mention of the body length of *Detriturus jubilarius*. The text discusses morphological characteristics and taxonomic placement but does not provide measurements . Additional sources would be required to determine the body length of this species.,10737675FFD98F5EBDB023E4668DA99D(plazi),grassland,"*Detriturus jubilarius* is associated with grassland habitats that experience summer flooding, as it was part of the Collembola and Acari communities studied in such an environment . However, specific details about its preferred microhabitat or broader ecological niche are not explicitly mentioned in the given text.",PMC6117009(pmc)
Deuteraphorura kratochvili,Deuteraphorura,Onychiuridae,2703755,species,predator,predator,"Deuteraphorura kratochvili is mentioned in association with sediment and rotten wood environments, but no specific dietary preferences are explicitly stated. It is noted as part of a list of organisms in a subterranean ecosystem where trophic interactions involve predation, suggesting it may be a predator . However, without direct evidence of its diet, this remains inferred.",PMC7925651(pmc),,,"the specific body length of *Deuteraphorura kratochvili* is not mentioned . However, it is noted that *D. kratochvili* is one of the species studied in the context of subterranean adaptations in the Western Carpathians . For precise measurements, additional references would be required.",27701339(medline)|31940408(medline),,,
Deuteraphorura scotaria,Deuteraphorura,Onychiuridae,2041959,genus,unknown,unknown,"there is no specific information indicating what *Deuteraphorura scotaria* feeds on. The sources mention various species of Collembola, including *Deuteraphorura*, but do not provide dietary details for *Deuteraphorura scotaria* . Further research would be needed to determine its diet.",28307712(medline)|34811047(medline)|27701339(medline)|23438196(medline)|33055866(medline),1.3-3.1,2.6|3.1|1.3|1.6,"the body length of *Deuteraphorura scotaria* is not explicitly stated. However, it is mentioned that the ventral pso formulae of *D. scotaria* is 3/022/3212 . For other species like *D. caprelleana*, body lengths range from 2.6 to 3.1 mm, while *D. frasassii* has a smaller size ranging from 1.3 to 1.6 mm . Without specific measurements for *D. scotaria*, its exact body length cannot be determined…",PMC5904445(pmc),,,
Deutonura albella,Deutonura,Neanuridae,106921,genus,unknown,unknown,"there is no specific information regarding the diet of *Deutonura albella*. The sources mention the ecological preferences and distribution of various *Deutonura* species, including *D. albella*, but do not provide details about their feeding habits . Further research would be needed to determine the dietary preferences of this species.",29362535(medline),1-1.4,1.3|1.4|1.0|1.4,"there is no specific mention of the body length of *Deutonura albella*. However, related species within the genus *Deutonura* have body lengths ranging from 1.3 to 1.4 mm , and another species, *Deutonura adriani*, has a body length of 1 to 1.4 mm . These values may provide an approximate range for *Deutonura albella*, though direct measurements for this particular species are not given in the…",039187891700FF8BFF149B12FB6E62B3(plazi)|039AEC5BFFD27305FF75D5A8FE1FFAE7(plazi),freshwater|marine_coastal,"Deutonura albella prefers hygrophilous habitats, specifically the river section in Braniște with quiet backwaters, as well as the artificial shoreline of the large lake . This indicates that it thrives in moist environments near water bodies.",29362535(medline)
Deutonura caerulescens,Deutonura,Neanuridae,768147,species,unknown,unknown,there is no direct information about the diet of *Deutonura caerulescens*. The sources describe morphological characteristics and distribution but do not mention feeding habits . Further research would be needed to determine its food source.,039187891700FF8BFF149B12FB6E62B3(plazi)|148B3247C0DD503BB4E192EF3AB43783(plazi),,,"there is no specific mention of the body length of *Deutonura caerulescens*. The sources describe other species within the genus *Deutonura*, such as *D. zana* , *D. sengleti* , *D. adriani* , and general characteristics of the genus , but none provide data on *D. caerulescens*. Therefore, the body length of *Deutonura caerulescens* cannot be determined from the given information.",039187891700FF8BFF149B12FB6E62B3(plazi)|148B3247C0DD503BB4E192EF3AB43783(plazi)|039AEC5BFFD27300FF75D1E5FCD2F9E4(plazi)|039AEC5BFFD27305FF75D5A8FE1FFAE7(plazi),,"there is no specific information about the habitat of *Deutonura caerulescens*. The available data describe habitats for other species within the genus *Deutonura* and related genera, but not for *Deutonura caerulescens* specifically , , , , .",03DE7D64917EFED6FEBA3DA91227FBD7(plazi)|721B6E0C8C08FFB7FF382405AEF123C4(plazi)|721B6E0C8C08FFB7FF38220DAEF125CC(plazi)|721B6E0C8C08FFB0FF382621A8352691(plazi)|721B6E0C8C08FFB7FF3820A4A83D24D0(plazi)
Deutonura decolorata,Deutonura,Neanuridae,768148,species,fungivore,fungivore,"there is no specific information regarding the diet or feeding habits of *Deutonura decolorata*. The mentioned document discusses *Calocybe decolorata*, a fungal species, not *Deutonura* spp. Therefore, the query appears to be based on incorrect assumptions or misidentification.",28402797(medline),,,"there is no specific mention of the body length of *Deutonura decolorata*. The sources describe various species within the genus *Deutonura*, including *D. adriani* , *D. sengleti* , *D. zana* , but none provide measurements for *D. decolorata*. Therefore, the body length of *Deutonura decolorata* cannot be determined from the given information.",26623737(medline)|33223907(medline)|25781250(medline),freshwater|marine_coastal,"there is no specific mention of the habitat of *Deutonura decolorata*. The text refers to *Deutonura albella* as a hygrophilous species preferring habitats such as the river section in Braniște with quiet backwaters and the artificial shoreline of a large lake . However, this does not provide information about *Deutonura decolorata*.",29362535(medline)
Deutonura deficiens,Deutonura,Neanuridae,172926,species,unknown,unknown,"there is no specific information regarding the diet of *Deutonura deficiens*. The sources describe taxonomic details and geographical distribution but do not mention feeding habits . Therefore, the dietary preferences of *Deutonura deficiens* cannot be determined from the given data.",039AEC5BFFD27305FF75D5A8FE1FFAE7(plazi)|039187891700FF8BFF149B12FB6E62B3(plazi)|038187C0945E1173FF31FAEEFDCB497E(plazi)|C16E0551217CFFA6C1A0FB497D294201(plazi),1-1.4,1.0|1.4,"there is no direct mention of the body length of *Deutonura deficiens*. However, related species such as *Deutonura adriani* have a body length of 1–1.4 mm . For precise details on *Deutonura deficiens*, additional specific references would be required.",039AEC5BFFD27305FF75D5A8FE1FFAE7(plazi),,there is no specific information about the habitat of *Deutonura deficiens*. The available data describe habitats for other *Deutonura* species but not for *D. deficiens* -.,721B6E0C8C08FFB7FF382405AEF123C4(plazi)|721B6E0C8C08FFB7FF382701AE532124(plazi)
Deutonura gibbosa,Deutonura,Neanuridae,1095201,species,predator,predator,"15N isotopic analysis suggests that *A. gibbosa* (likely referring to *Anoplolepis gibbosa*) has an intermediate 15N value, indicating it is an omnivorous species that relies on both insect prey and plant-derived food . However, no direct information is given about the specific diet of *Deutonura gibbosa*. Therefore, the dietary habits of *Deutonura gibbosa* cannot be determined from the…",PMC3894886(pmc),1.05-1.4,1.3|1.4|1.05,"the body length of *Deutonura gibbosa* is not explicitly mentioned. However, it can be inferred that its body length is comparable to other closely related species within the genus *Deutonura*, such as *D. zana* (1.3–1.4 mm) and *D. iranica* (1.05 mm) . Therefore, *D. gibbosa* likely has a body length within this range.",039187891700FF8BFF149B12FB6E62B3(plazi)|0B499BA71D6A5DABB3F3228F3DEF02B8(plazi),,there is no specific information about the habitat of *Deutonura gibbosa*. The available data describe habitats for other *Deutonura* species but not for *D. gibbosa* -.,721B6E0C8C08FFB7FF382405AEF123C4(plazi)|721B6E0C8C08FFB7FF382701AE532124(plazi)
Deutonura monticola,Deutonura,Neanuridae,1218232,species,unknown,unknown,"Deutonura monticola is mentioned as part of a species complex used in studies about cuticular compounds, but no specific dietary information for Deutonura monticola itself is given . Therefore, the feeding habits of Deutonura monticola cannot be determined from the available sources.",21209797(medline),,,"there is no specific mention of the body length of *Deutonura monticola*. The documents discuss other species such as *Deutonura deficiens* complex, *Deutonura schulzi*, and *Deutonura iranica*, but none provide details on *Deutonura monticola* . Therefore, the body length of *Deutonura monticola* cannot be determined from the given sources.",PMC3014355(pmc)|10.11646/zootaxa.5278.2.6(pmc)|PMC7677293(pmc),forest_wood|freshwater|synanthropic,"*Deutonura monticola* (likely referring to *Philantomba monticola*) inhabits forested areas, particularly in regions affected by human activities such as agriculture and urbanization, where it coexists with other forest antelope species . It is also associated with specific habitats in Central Africa, where its distribution is influenced by historical refugia, river systems, and environmental…",28310876(medline)|30552995(medline)|28877669(medline)
Deutonura provincialis,Deutonura,Neanuridae,1218233,species,unknown,unknown,"there is no direct information about what *Deutonura provincialis* feeds on. The document mentions *Phaleria provincialis*, which is adapted to the beach environment and differs in ecological preferences from *P. bimaculata*. However, specific dietary information for *Deutonura provincialis* is not provided in the given texts.",PMC5410143(pmc),,,"there is no specific mention of the body length of *Deutonura provincialis*. The sources describe various morphological features and comparisons between species within the genus *Deutonura*, but they do not provide measurements related to body length for *D. provincialis* . Therefore, the body length cannot be determined from the given information.",28874272(medline)|26623737(medline)|33223907(medline)|25781250(medline),,"there is no specific information about the habitat of *Deutonura provincialis*. The mention of ""provincialis"" refers to *Orchis provincialis*, an orchid species, not the collembolan species *Deutonura* . The document discussing *Deutonura* does not specify its habitat . Therefore, the habitat of *Deutonura provincialis* cannot be determined from the given sources.",23424837(medline)|29362535(medline)
Deutonura stachi,Deutonura,Neanuridae,106921,genus,unknown,unknown,"there is no specific information regarding the diet or feeding habits of *Deutonura stachi*. The sources describe the morphology, taxonomy, and genetic characterization of various springtail species but do not mention their dietary preferences . Further research would be needed to determine the feeding ecology of this species.",33716539(medline),1-1.4,1.0|1.4|1.3|1.4,"there is no specific mention of the body length of *Deutonura stachi*. The closest related species mentioned include *Deutonura adriani* with a body length of 1–1.4 mm , and *Deutonura zana* with a length of 1.3–1.4 mm . However, these measurements do not apply to *Deutonura stachi*, as it is not explicitly described in the given sources.",039187891700FF8BFF149B12FB6E62B3(plazi)|039AEC5BFFD27305FF75D5A8FE1FFAE7(plazi),soil|synanthropic,"""Deutonura stachi"" is not explicitly mentioned. However, ""Orthonychiurus stachianus,"" which may be a synonym for ""Deutonura stachi,"" has an ecology and habitat in Iran described as soil under pine, acacia, cypress (Cupressus sp.), and greengages trees (Prunus domestica) .",721B6E0C8C03FFBCFF38220DA80322C9(plazi)
Dicyrtoma aurata,Dicyrtoma,Dicyrtomidae,8174,species,detritivore,detritivore,"there is no direct information about the diet of *Dicyrtoma aurata*. However, it is mentioned that specimens of *Desmoxytes* species, which may be related to *Dicyrtoma*, were observed feeding on natural litter and making moulting chambers using fecal material and silk . This suggests that millipedes in this genus might have a diet involving organic matter found in their environment. Further…",PMC5988806(pmc),,,"there is no specific mention of the body length of *Dicyrtoma aurata*. The term ""body length"" is discussed in relation to other fish species such as gilthead sea bream (*Sparus aurata*) and yellowfin seabream (*Acanthopagrus latus*), but not for *Dicyrtoma aurata* , . Therefore, the available information does not provide the body length of *Dicyrtoma aurata*.",20946317(medline)|38136962(medline),alpine_glacier,"there is no specific mention of ""Dicyrtoma aurata"" in the given text. However, if you meant ""Desmoxytes aurata,"" then its habitat includes limestone mountains on the mainland and on two islands, specifically in Surat Thani and Nakhon Si Thammarat Provinces in Thailand .",327FE739E01D32DAC993FD247F0C3E2A(plazi)
Dicyrtoma fusca,Dicyrtoma,Dicyrtomidae,1385863,species,unknown,unknown,"there is no specific information about the diet of *Dicyrtoma fusca*. The sources mention the presence of remnants of the tracheal system in *Dicyrtoma fusca* , but do not provide details regarding its feeding habits . Further research would be needed to determine its dietary preferences.",EC6387A4FFEA3733FF62A674FAC3FE6A(plazi)|EC6387A4FFEB3733FCDFA39EFEB7F7E2(plazi),,,"there is no specific mention of the body length of *Dicyrtoma fusca*. The sources discuss various topics related to different organisms, but none provide direct measurements or descriptions of *Dicyrtoma fusca* body length , , , , . Further research would be required to determine this characteristic.",10208037(medline)|18088944(medline)|17570392(medline)|31728821(medline)|35720111(medline),leaf_litter|forest_wood|grassland,"*Dicyrtoma fusca* is primarily found in leaf litter . It is also recorded in meadow and/or forest litter in other studies . Additionally, it has been detected in scree habitats, indicating a broader ecological tolerance .",PMC6305484(pmc)|10.11646/zootaxa.5275.1.1(pmc)|10.3897/subtbiol.40.69808(pmc)
Dicyrtomina minuta,Dicyrtomina,Dicyrtomidae,1387116,species,unknown,unknown,"there is no direct information about what Dicyrtomina minuta feeds on. The sources discuss aspects of its morphology, jumping behavior, and taxonomy, but none mention its diet or feeding habits . Therefore, the dietary preferences of Dicyrtomina minuta cannot be determined from the given sources.",38340520(medline)|39211894(medline)|33801126(medline),1-2,1.0|2.0,the body length of *Dicyrtomina minuta* ranges from 1-2 mm .,39211894(medline),soil|synanthropic|sandy_dune,"**Dicyrtomina minuta** is not explicitly mentioned. However, the term ""minuta"" appears in the context of other organisms such as *Se. minuta* (sandflies) and *Symphylella minuta* (symphylans), which inhabit different environments like urban areas and soil ecosystems. Without specific information about *Dicyrtomina minuta*, its exact habitat cannot be determined from the given sources.",41527561(medline)
Dicyrtomina ornata,Dicyrtomina,Dicyrtomidae,1113191,species,unknown,unknown,there is no specific information given about the diet of *Dicyrtomina ornata*. The ecological notes mention its habitat preferences but do not specify food sources .,03AA531A0F483527FFA8598DFF1CA0E8(plazi),,,"there is no explicit mention of the body length of *Dicyrtomina ornata*. The document refers to *Dicyrtomina ornata* but does not provide measurements. Other documents do not discuss this species' body length either. Therefore, the body length of *Dicyrtomina ornata* cannot be determined from the available information.",30647373(medline),leaf_litter|forest_wood,Dicyrtomina ornata is found in forested areas and has been recorded in leaf litter habitats . It has also been introduced into new regions such as the Azores archipelago .,10.11646/zootaxa.5275.1.1(pmc)|PMC7969584(pmc)
Dicyrtomina saundersi,Dicyrtomina,Dicyrtomidae,438492,species,unknown,unknown,"there is no direct information about the diet of *Dicyrtomina saundersi*. The sources mention its classification, genetic studies, and mitochondrial genome but do not specify feeding habits . Further research would be needed to determine its dietary preferences.",PMC5696395(pmc)|10.5281/zenodo.4620094(pmc)|PMC7782307(pmc)|PMC11942825(pmc),7-8.87,7.0|8.87,"there is no specific mention of ""Dicyrtomina saundersi."" However, several entries refer to species named ""saundersi,"" including ""Hoplitis (Anthocopa) peniculifera M ller, 2012, spec. nov. saundersi"" with a female body length of 7mm , and ""Clivina saundersi"" with a body length of 8.87 mm . These measurements pertain to different species within the ""saundersi"" group, not specifically ""Dicyrtomina…",03C0BF77FFB3FFAB1DB1FBDC1F2AFAA1(plazi)|961387D9C81FFFF1FDAEFBB3FE76F3D4(plazi),forest_wood,"Dicyrtomina saundersi is found in forested areas . Additionally, it belongs to the family Dicyrtomidae and is part of the order Symphypleona . No further specific habitat details are given in the sources.",PMC10230187(pmc)|PMC5696395(pmc)
Endonura gracilirostris,Endonura,Neanuridae,,,predator,predator,"there is no direct information regarding the diet of *Endonura gracilirostris*. However, document discusses *Besanosaurus leptorhynchus*, which is noted to have an extremely long snout suggesting it primarily fed on small and elusive prey, feeding lower in the food web than an apex predator. This inference might not directly apply to *Endonura gracilirostris* as they are springtails, not…",33996277(medline),,,"there is no specific mention of the body length of *Endonura gracilirostris*. The term ""gracilirostris"" appears in the context of *Besanosaurus leptorhynchus* in source , referring to its elongated snout, not *Endonura*. Therefore, the body length of *Endonura gracilirostris* cannot be determined from the given sources.",33996277(medline),marine_coastal|freshwater,"*Endonura gracilirostris* (likely referring to *Steneosaurus cf. gracilirostris*) was a semiaquatic marine crocodylomorph from the Early Jurassic period . This indicates that it inhabited both terrestrial and aquatic environments, being adapted for life in coastal or shallow marine settings.",27532628(medline)
Entomobrya albocincta,Entomobrya,Entomobryidae,2107183,species,unknown,unknown,"no specific feeding habits of *Entomobrya albocincta* are mentioned. The sources primarily describe taxonomic details, geographic distribution, and morphological characteristics rather than dietary preferences . Further research would be needed to determine its diet.",039A87B5FFF90E03FF07F957FCD4FB16(plazi)|03EF9C1E3915A84EFEFCFC03269DF8F3(plazi)|011B87E9FFBB6555FF60C618FDEFBFD5(plazi)|011B87E9FF8E6558FF60C7ADFDAFBF37(plazi)|20098787FF8D9E42E3E1F9892260F829(plazi),,,"there is no specific mention of the body length of *Entomobrya albocincta*. The sources discuss various species of *Entomobrya*, including their morphological characteristics such as chaetotaxy and color patterns, but do not provide measurements for *E. albocincta* specifically . Further research would be needed to determine its body length.",39967731(medline)|39646231(medline)|26624176(medline)|26624165(medline)|38094198(medline),grassland|sandy_dune,"there is no specific mention of the habitat of *Entomobrya albocincta*. However, related species such as *Entomobrya nicoleti* are associated with natural grasslands, and some *Entomobrya* species are found in open sand steppes or fragmented habitats ,. Without direct reference to *E. albocincta*, its exact habitat cannot be specified from the given sources.",38094198(medline)|40497342(medline)
Entomobrya assuta,Entomobrya,Entomobryidae,1602980,species,unknown,unknown,"there is no direct information about the diet of *Entomobrya assuta*. However, it is mentioned that *Entomobrya assuta* (Ent_ass) was part of a study examining the effects of climate conditions and land use practices on various soil organisms, suggesting its role in soil ecosystems . Additionally, *Entomobrya assuta* is noted in studies related to taxonomic reviews and phylogenetic analyses of…",PMC11942941(pmc)|PMC4607850(pmc),,,"there is no specific mention of the body length of *Entomobrya assuta*. However, it is noted that body length and foreleg length may serve as potential indicators for characterizing the proportions of certain gut bacterial communities in *Entomobrya proxima* . For *Entomobrya assuta*, further taxonomic studies would be required to determine its exact body dimensions.",39967731(medline),soil|leaf_litter|forest_wood|grassland,"Entomobrya assuta (Ent_ass) is mentioned in the context of studies conducted in the Black Soil Region of Northeast China, but specific habitat details for this species are not explicitly stated . However, other species within the genus Entomobrya, such as E. nigriventris, are noted to inhabit various environments including xerophilic open grasslands, park litter, and forest litter . Therefore, it…",PMC11942941(pmc)|PMC10716847(pmc)
Entomobrya atrocincta,Entomobrya,Entomobryidae,1602981,species,unknown,unknown,"there is no specific information regarding the diet or feeding habits of *Entomobrya atrocincta*. The sources focus on taxonomic reviews, phylogenetic analyses, and species distributions rather than ecological interactions or dietary preferences. Therefore, the feeding ecology of *E. atrocincta* remains unspecified in the given texts.",PMC4607850(pmc),,,"there is no specific mention of the body length of *Entomobrya atrocincta*. The sources discuss various species of *Entomobrya* including descriptions of new species and morphological features such as chaetotaxy, but none provide measurements for *E. atrocincta* . Therefore, the body length of *Entomobrya atrocincta* cannot be determined from the given information.",39967731(medline)|39646231(medline)|26624176(medline)|26624165(medline)|38094198(medline),leaf_litter|soil|forest_wood|grassland,"*Entomobrya atrocincta* inhabits soil and leaf litter in oak forests in Iran . It is also mentioned as being present in dry grasslands in Austria, where it contributes to collembolan communities . Additionally, it has been noted in the Azores archipelago, though its status there is considered introduced . However, specific details about its habitat preferences beyond these regions are not fully…",PMC6163862(pmc)|10.11646/zootaxa.5275.1.1(pmc)|PMC7969584(pmc)
Entomobrya corticalis,Entomobrya,Entomobryidae,1503966,species,unknown,unknown,there is no direct information about the feeding habits of *Entomobrya corticalis*. The sources describe its habitat and collection sites but do not specify its diet . Further research would be needed to determine its food source.,03E5878DFFC8FFAFFFAEFC3A85B8FAB8(plazi),,,"the body length of *Entomobrya corticalis* is not explicitly stated. However, it is mentioned that *Entomobrya corticalis* is one of the species recorded in studies related to Collembola diversity . For precise measurements, additional specific references would be required.",10.3897/subtbiol.40.69808(pmc),grassland|sandy_dune,"Entomobrya corticalis is not explicitly mentioned. However, related species such as Entomobrya nicoleti are associated with natural grasslands . Additionally, Entomobrya arenaria was found in open sand steppe habitats in Hungary . While specific details about Entomobrya corticalis are lacking in the provided texts, these examples suggest that species within the genus Entomobrya may inhabit…",38094198(medline)|40497342(medline)
Entomobrya handschini,Entomobrya,Entomobryidae,187625,genus,bacterivore,bacterivore,"no specific information about the dietary preferences of *Entomobrya handschini* is given. The available data describe feeding habits of *Entomobrya proxima*, indicating a preference for carcasses (dead insect bodies) over microorganisms . However, this does not necessarily apply to *Entomobrya handschini*. Therefore, the feeding habits of *Entomobrya handschini* remain unspecified in the…",30866446(medline),,,"there is no specific mention of the body length of *Entomobrya handschini*. The sources discuss various species of *Entomobrya* including descriptions of new species, chaetotaxy, and some morphological features, but none provide measurements for *E. handschini* . Therefore, the body length of *Entomobrya handschini* cannot be determined from the given information.",39967731(medline)|39646231(medline)|26624176(medline)|26624165(medline)|38094198(medline),leaf_litter|soil|grassland,"*Entomobrya handschini* is found in soil and leaf litter under apricot (*Prunus sp.*) and cedar (*Cupressus sempervirens*) trees in Iran . This species is also part of a group of *Entomobrya* species that inhabit various environments, including xerophilic open grasslands and decaying organic matter in different habitats .",721B6E0C8C33FF8CFF382595A9E02359(plazi)|FCFBA1C04E115B478C86BE5FCFDACFFA(plazi)
Entomobrya intermedia,Entomobrya,Entomobryidae,1602984,species,fungivore,fungivore,"Entomobrya intermedia is not mentioned. However, the term ""intermedia"" appears in the context of Ephedra species and Erysiphe species, which are plants and fungi, respectively. There is no information regarding the diet or feeding habits of Entomobrya intermedia in the given sources.",16755018(medline),,,"there is no specific mention of the body length of *Entomobrya intermedia*. The descriptions focus on morphological features such as macrosetae arrangement, abdominal structures, and other characteristics rather than providing measurements . Therefore, the body length cannot be determined from the given sources.",4F21DB05201BB4AA81AAA95BC7CAC17D(plazi),alpine_glacier,"Ephedra intermedia exhibits a wide geographic distribution across various ecological zones. It thrives in arid and semi-arid environments, particularly in mountainous regions of Central Asia, including Afghanistan, Pakistan, and Tajikistan . Additionally, it grows in specific habitats within China, such as eastern and central Inner Mongolia, middle and eastern Gansu, and northeastern Xinjiang .…",24620679(medline)|40092909(medline)|36840134(medline)
Entomobrya lanuginosa,Entomobrya,Entomobryidae,187626,species,bacterivore,bacterivore,"no specific information about the feeding habits of *Entomobrya lanuginosa* is given. The available data describe dietary preferences of *Entomobrya proxima*, indicating a preference for carcasses (dead insect bodies) over microorganisms . However, this cannot be generalized to *E. lanuginosa* without additional studies.",30866446(medline),,,"the body length of *Entomobrya lanuginosa* is not explicitly stated. However, related species such as *E. flavovirens* and *E. restituta* have measurements that can provide context for comparative analysis, though they do not directly specify the body length of *E. lanuginosa*. Therefore, the exact body length of *Entomobrya lanuginosa* cannot be determined from the given sources .",A31FC858FF92FFD2A8E6B625FB6E8FFF(plazi)|011B87E9FFD16538FF60C4A8FF0FBAD4(plazi),leaf_litter|soil,*Entomobrya lanuginosa* inhabits soil and leaf litter in Iran . Its general distribution includes Central and Northern Europe . There is no specific mention of its habitat beyond this in the given sources.,721B6E0C8C33FF8CFF3827B1AE522152(plazi)
Entomobrya marginata,Entomobrya,Entomobryidae,1387110,species,unknown,unknown,"there is no information indicating what Entomobrya marginata feeds on. The sources discuss Eucalyptus marginata, a plant species, rather than Entomobrya marginata, which appears to be a different organism. Therefore, the feeding habits of Entomobrya marginata cannot be determined from the given sources.",30856882(medline),,,"there is no specific mention of the body length of *Entomobrya marginata*. The sources discuss various aspects of entomobryans, such as their response to organic fertilizers and taxonomic revisions, but do not provide measurements for *E. marginata* specifically , , , , . Therefore, the body length of *Entomobrya marginata* cannot be determined from the given information.",12375135(medline)|17636337(medline)|39967731(medline)|39646231(medline)|26624176(medline),grassland|freshwater,"*Entomobrya marginata* is associated with grassland habitats. It has been recorded in dry grasslands in Austria , riparian areas in northern Moldova , and calcareous canyons in the Republic of Moldova . These findings suggest that *Entomobrya marginata* prefers environments such as grasslands and possibly moist or semi-moist habitats.",PMC6163862(pmc)|PMC5769716(pmc)|PMC4467183(pmc)
Entomobrya multifasciata,Entomobrya,Entomobryidae,247613,species,unknown,unknown,"there is no specific information regarding the diet or feeding habits of *Entomobrya multifasciata*. The sources discuss taxonomic classifications, distribution, and morphological characteristics but do not mention dietary preferences . Further research would be needed to determine its food source.",C4B184E1E6989CADE9A715E5F0369918(plazi)|9A39404FF88A0799FFC10F6AA37FF53D(plazi)|011B87E9FFA2654CFF60C27BFF0FBC4B(plazi)|4F21DB05201BB4AA81AAA95BC7CAC17D(plazi)|FB17ACB651FC2651B8B7C51630C8DE11(plazi),,,"the body length of *Entomobrya multifasciata* is not explicitly mentioned. However, it is noted that *Isorchis* species infecting *S. multifasciata* have eggs that are 11-15% of the body length . This implies that *Entomobrya multifasciata* has a body length where such egg size would be plausible, but without direct measurement data, we cannot provide an exact value.",27447225(medline),leaf_litter|soil|forest_wood|grassland,"*Entomobrya multifasciata* inhabits the soil of pastureland and leaf litter in forest environments in Iran . This species is part of the Holarctic distribution, indicating its presence across various regions within this biogeographical realm .",721B6E0C8C32FF8DFF3823E8A9412230(plazi)
Entomobrya muscorum,Entomobrya,Entomobryidae,2041940,species,predator|detritivore,predator,"Entomobrya muscorum is not explicitly mentioned. However, document refers to ""P. muscorum"" consuming ""C. elegans,"" suggesting that if there is a confusion between ""P. muscorum"" and ""Entomobrya muscorum,"" it might indicate that Entomobrya muscorum could potentially feed on nematodes like C. elegans. Document discusses ""Entomobrya proxima"" feeding primarily on carcasses (dead insect bodies),…",30952927(medline)|32229827(medline)|29135078(medline)|30866446(medline)|23620849(medline),2.1-2.2,2.1|2.2,"the body length of *Entomobrya muscorum* is not directly mentioned. However, it is noted that *Prionchulus muscorum* has a body length of approximately 2.1 - 2.2 mm . Since *Entomobrya muscorum* is a different genus, this information cannot be used to infer the body length of *Entomobrya muscorum*. Therefore, the specific body length of *Entomobrya muscorum* is not available in the given sources.",33664621(medline),forest_wood|grassland|freshwater,"$Entomobrya$ $muscorum$ is mentioned in various contexts related to different habitats. It has been recorded in grassland environments , and it is also noted as part of the fauna in areas with forest cover . Additionally, it appears in studies involving riparian zones and dry grasslands, suggesting its presence across multiple ecological settings including but not limited to forests, grasslands,…",10.11646/zootaxa.5352.3.5(pmc)|PMC5696395(pmc)|PMC5769716(pmc)|PMC6163862(pmc)
Entomobrya nicoleti,Entomobrya,Entomobryidae,2041941,species,bacterivore|fungivore,bacterivore,"there is no direct information about the dietary preferences of *Entomobrya nicoleti*. However, a study on *Entomobrya proxima* indicates that it primarily feeds on carcasses (dead insect bodies), with over 50% of its diet consisting of insect body parts and the rest comprising microorganisms like fungi and bacteria . While this suggests a potential similarity in feeding habits within the genus,…",30866446(medline),2.06,2.06,"the body length of *Entomobrya nicoleti* is not explicitly stated. However, it is mentioned that *Entomobrya multifasciata*, which is considered a variety of *E. nicoleti*, has a body length up to 2.06 mm without antennae . Therefore, *E. nicoleti* likely shares a similar size range.",03EF9C1E3915A84EFEFCFC03269DF8F3(plazi),leaf_litter|grassland|soil|forest_wood|agricultural,"*Entomobrya nicoleti* inhabits natural grasslands and forest soils, as well as leaf litter . Additionally, it can be found in arable fields and is associated with dry leaves and damp soil in some regions . The species is also present in the Galápagos Islands, specifically in lava tube environments .",10.3897/subtbiol.17.7660(pmc)|10.11646/zootaxa.5275.1.1(pmc)|PMC5696395(pmc)
Entomobrya nivalis,Entomobrya,Entomobryidae,1387109,species,unknown,unknown,"Entomobrya nivalis is mentioned in association with certain habitats but its diet is not explicitly stated. It is noted that some species like Pachynematus clibrichellus feed on Carex sp., but this is not directly linked to Entomobrya nivalis . Additionally, no direct information about the feeding habits of Entomobrya nivalis is given in the sources , , , . Therefore, the dietary preferences of…",PMC10857931(pmc)|PMC5696395(pmc)|PMC8359373(pmc)|PMC4494283(pmc)|PMC7564799(pmc),,,"the body length of *Entomobrya nivalis* is not explicitly stated. However, the description mentions ""average body length (head + trunk)"" for *Entomobrya juneae*, but no specific measurement is given for *E. nivalis*. Therefore, the exact body length of *E. nivalis* cannot be determined from the available information .",4F21DB05201BB4AA81AAA95BC7CAC17D(plazi),soil|grassland|alpine_glacier,"Entomobrya nivalis inhabits soil in wheat, ironwood, and rice fields near rivers in Iran . This species is part of the Northern Holarctic distribution .",721B6E0C8C32FF8DFF382724AE712125(plazi)
Entomobrya quinquelineata,Entomobrya,Entomobryidae,187625,genus,unknown,unknown,no specific dietary preferences or feeding habits of *Entomobrya quinquelineata* are mentioned. The descriptions focus on morphology and coloration rather than ecological niche or diet . Further research would be needed to determine its food source.,20098787FF8D9E42E3E1F9892260F829(plazi)|E1174CA12B51513D842DEE4DB290DF77(plazi),,,"there is no specific mention of the body length of *Entomobrya quinquelineata*. The sources discuss various species of *Entomobrya* but do not provide measurements for *E. quinquelineata* , , , , . Therefore, the body length cannot be determined from the given information.",39967731(medline)|39646231(medline)|26624176(medline)|26624165(medline)|38094198(medline),leaf_litter|soil|grassland|freshwater,"*Entomobrya quinquelineata* is found in dry grasslands and has a preference for xerophilic environments . It is also recorded in riparian areas and grasslands in Northern Moldova . The species is distributed across Europe and Iran, where it inhabits soil and leaf litter .",PMC10716847(pmc)|PMC5769716(pmc)|10.11646/zootaxa.5275.1.1(pmc)
Entomobrya unostrigata,Entomobrya,Entomobryidae,1690820,species,fungivore,fungivore,"Entomobrya unostrigata is noted as one of the numerically dominant species in irrigated cotton fields in New South Wales, Australia, and it is mentioned that nineteen out of twenty-four species identified from cotton were predominantly fungal feeders . Therefore, it is likely that Entomobrya unostrigata feeds primarily on fungi. However, specific dietary preferences for this particular species…",26313958(medline),,,"there is no explicit mention of the body length of *Entomobrya unostrigata*. The sources describe morphological features and variations but do not provide measurements related to body length . Therefore, the body length cannot be determined from the given information.",BF8EAF45DE025E92A6EBEE16636CD03A(plazi)|011B87E9FFDD6534FF60C1D8FE35BCA3(plazi)|D46487FEAB165B48FF06FDBCFBE5FE84(plazi)|03AE6E15FFD72D34FC90072787E21B74(plazi)|03BF2701B92AFFE8A5DAF8AFA3ACD482(plazi),soil|synanthropic,"*Entomobrya unostrigata* inhabits grass habitats, specifically being found in an urban park in considerable abundance . Additionally, it is noted to occur in soil environments, particularly in Iran .",721B6E0C8C31FF8EFF382298A83722E4(plazi)|BF8EAF45DE025E92A6EBEE16636CD03A(plazi)
Folsomia agrelli,Folsomia,Isotomidae,158440,genus,unknown,unknown,"there is no specific information about the feeding habits of *Folsomia agrelli*. The sources primarily discuss taxonomic classifications, geographical distributions, and morphological characteristics of *Folsomia agrelli* and related species . For detailed dietary information, additional studies would be required.",266B5D55F775FFE7FF7EFF724404FE27(plazi)|266B5D55F709FF98FF7EF90A43D5FEF3(plazi)|5E2D9E05FF89FFD2FF50FA62FCA87CB0(plazi),,,"there is no specific information regarding the body length of *Folsomia agrelli*. The mentioned studies focus on *Folsomia candida*, not *Folsomia agrelli* . Therefore, the body length of *Folsomia agrelli* cannot be determined from the given sources.",29732868(medline)|42043134(medline)|24901322(medline)|32374765(medline)|36930309(medline),,there is no specific information about the habitat of *Folsomia agrelli*. The available data describe habitats for other *Folsomia* species but not for *Folsomia agrelli* -.,03EA87B2FFA7FFF2FF26F9D1FAD59C84(plazi)|721B6E0C8C39FF86FF3824EEA95C210C(plazi)
Folsomia binoculata,Folsomia,Isotomidae,158440,genus,fungivore|detritivore,fungivore,"there is no direct mention of what *Folsomia binoculata* feeds on. However, related species like *Folsomia candida* are noted to feed on yeast, plant litter, and potentially pigmented fungi or black stains . It is possible that *Folsomia binoculata*, being closely related, has similar dietary preferences, though this requires further specific study.",15230327(medline)|36424842(medline),,,"there is no specific mention of the body length of *Folsomia binoculata*. However, the documents discuss measurements related to *Folsomia candida*, indicating that body length is a parameter measured in studies involving this species. For precise details about *Folsomia binoculata*, additional resources would be required .",29732868(medline)|42043134(medline)|24901322(medline)|32374765(medline)|36930309(medline),soil,"there is no direct mention of the specific habitat of *Folsomia binoculata*. However, related species like *Folsomia candida* are associated with soil environments, particularly in fragmented habitats and anthropogenic soils . For precise details about *Folsomia binoculata*, additional specialized literature would be required.",36893275(medline)|31736616(medline)
Folsomia bisetosa,Folsomia,Isotomidae,281419,species,unknown,unknown,"there is no explicit mention of the diet of *Folsomia bisetosa*. The sources primarily discuss the ecological impact of Bt maize on collembolan populations and biogeographical analyses of Collembola species, without detailing specific feeding habits of *Folsomia bisetosa* . Therefore, the dietary preferences of this species cannot be determined from the given information.",PMC7909786(pmc)|PMC9352747(pmc)|PMC4553544(pmc)|PMC5913165(pmc)|PMC3689120(pmc),4-15,4.0|15.0,"the body length of *Folsomia bisetosa* is not explicitly stated. However, it is mentioned that *Folsomia bisetosa* is compared to *Fridericia connatiformis*, which has a body length ranging from 4 mm to 15 mm . This comparison suggests that *Folsomia bisetosa* may have a similar range in body length, although this is an inference rather than a direct measurement .",104E87F8E64BAE13FE9AFAEE460296E4(plazi),soil|leaf_litter|forest_wood|grassland,"there is no direct mention of the habitat of *Folsomia bisetosa*. However, related species such as *Fridericia bulbosa* are found in meadows and oak hornbeam woods . For *Folsomia* species generally, habitats include litter and soil in forested areas . Therefore, it is plausible that *Folsomia bisetosa* inhabits similar environments, but this cannot be confirmed from the given sources.",03E98785373CCA67E090D52D58DEFECA(plazi)|03EA87B2FFA7FFF2FF26F9D1FAD59C84(plazi)
Folsomia candida,Folsomia,Isotomidae,158441,species,fungivore,fungivore,"Folsomia candida feeds on fungal biomass, including specific fungal species such as *Trichoderma* spp. and *Fusarium oxysporum*, as well as pigmented fungi like those producing bis-naphthopyrones. Additionally, it consumes dry yeast amended with certain compounds and dried baker's yeast .",PMC12480435(pmc)|PMC6687722(pmc)|PMC11345502(pmc),,,"there is no specific numerical value given for the body length of *Folsomia candida*. However, studies mention measurements related to body length in the context of experimental conditions and comparisons, such as changes in body length due to pollutant exposures . For precise measurements, specialized software like CollScope has been developed to automate and accurately measure body lengths .",42043134(medline)|32374765(medline)|24901322(medline)|PMC4046991(pmc)|F80287CDFFEF425C21B6B4D5FA74F931(plazi)|2578E112FFB4FE28FF5B9303FC00FCE1(plazi)|015C614EF409FF9D5C94F895061FFCBA(plazi),soil,*Folsomia candida* inhabits euedaphic environments . This species is commonly found in soil ecosystems where it plays a role in nutrient cycling and serves as an indicator species for soil health and contamination .,PMC9565337(pmc)|PMC5737075(pmc)
Folsomia ciliata,Folsomia,Isotomidae,210569,species,fungivore,fungivore,"Folsomia ciliata feeds on yeast as a food source when exposed to Cu-contaminated sandy soil . This study investigates the competition effects for copper between soil, soil solution, and yeast in a bioassay involving Folsomia candida, suggesting that yeast serves as a dietary component for these organisms. No specific details about the feeding habits of Folsomia ciliata beyond this context are…",15230327(medline),,,"there is no specific mention of the body length of *Folsomia ciliata*. However, the documents discuss measurements related to *Folsomia candida*, not *Folsomia ciliata* . Therefore, the body length of *Folsomia ciliata* cannot be determined from the given sources.",29732868(medline)|42043134(medline)|24901322(medline)|32374765(medline)|36930309(medline),soil,"Folsomia ciliata is mentioned in the context of anthropogenic soils in East European tundra, suggesting that it inhabits such environments . These soils have high organic content and are considered suitable habitats for this species along with others like Eiseniella tetraedra and Proisotoma minuta . There is no specific detailed description of its exact habitat beyond this general indication.",PMC6848234(pmc)
Folsomia coeruleogrisea,Folsomia,Isotomidae,158440,genus,omnivore|algivore|detritivore|fungivore,omnivore,"no specific information about the diet of *Folsomia coeruleogrisea* is directly stated. However, it is noted that specimens previously identified as *Folsomia sensibilis* might actually belong to *F. coeruleogrisea* . As a springtail, *Folsomia* species generally feed on decaying organic matter, algae, and fungi, but this feeding habit is inferred rather than explicitly documented for *F.…",266B5D55F778FFEAFF7EFB9344B5FA10(plazi),,,"there is no specific mention of the body length of *Folsomia coeruleogrisea*. The available information pertains to other species within the genus *Folsomia*, such as *Folsomia inoculata* , *Folsomia minorae* , *Folsomia australica* , and *Folsomia arunachalensis* . Therefore, the body length of *Folsomia coeruleogrisea* cannot be determined from these sources.",E625075B561C0CAB1466E7E2E0AC00F7(plazi)|249152930DFCAD4DBC8C5096C3E82EBB(plazi)|821712A9F20315E4AAD381B34CEFE38B(plazi)|03B287EEFFD7CF3DFF2FFABC4411FC3C(plazi),marine_coastal|soil|grassland,"Folsomia coeruleogrisea is commonly found in moist areas within tundra habitats, specifically in open, moist lowland areas such as meadows or seashores . This species is also recorded from ornithogenic soils in the Svalbard region .",PMC7240498(pmc)
Folsomia fimetaria,Folsomia,Isotomidae,1387114,species,unknown,unknown,"there is no specific information about the diet of *Folsomia fimetaria*. The sources discuss its taxonomy, geographic distribution, and physiological responses to environmental factors such as temperature, but do not mention feeding habits ,,. Further research would be needed to determine its dietary preferences.",266B5D55F776FFE4FF7EFCBE450CFACF(plazi)|03B287EEFFD7CF3DFF2FFABC4411FC3C(plazi)|F86587B9FF9D1D05EE762AF7FB32769B(plazi),,,"the specific body length of *Folsomia fimetaria* is not directly mentioned. However, it is noted that *Folsomia fimetaria* is one of the commonly used species in ecotoxicological studies alongside *Folsomia candida*, both of which are easily reared in laboratories and have been extensively studied . The absence of explicit body length data suggests that such information might be detailed in…",PMC11564797(pmc),soil,"Folsomia fimetaria inhabits euedaphic environments . It is also found in anthropogenic soils of East European tundra, where it thrives in areas with high organic content .",PMC6848234(pmc)|PMC9565337(pmc)|721B6E0C8C3AFF85FF3825E0A94123E0(plazi)|03EA87B2FFA7FFF1FF26F96AFEC09A9C(plazi)
Folsomia fimetarioides,Folsomia,Isotomidae,158440,genus,fungivore|detritivore,fungivore,"there is no direct information about the diet of *Folsomia fimetarioides*. However, it is noted that *Gabrius instrigatus* may belong to the *G. fimetarioides* group, and species within this group are typically detritivores, feeding on organic matter such as decaying plant material and fungal hyphae . Therefore, it is likely that *Folsomia fimetarioides* has a similar dietary habit.",5B5987BFFFE22D2D56C4FD694753F6F6(plazi),,,"there is no specific mention of the body length of *Folsomia fimetarioides*. The available information pertains to other species such as *Folsomia inoculata*, *Folsomia minorae*, and *Folsomia australica* . Therefore, the body length of *Folsomia fimetarioides* cannot be determined from the given sources.",E625075B561C0CAB1466E7E2E0AC00F7(plazi)|249152930DFCAD4DBC8C5096C3E82EBB(plazi)|821712A9F20315E4AAD381B34CEFE38B(plazi),soil,"Folsomia fimetarioides is mentioned in the context of being found in anthropogenic soils of East European tundra, which suggests it inhabits such environments . However, specific details about its exact habitat preferences or ecological niche are not explicitly described in the given texts.",PMC6848234(pmc)
Folsomia inoculata,Folsomia,Isotomidae,2041942,species,detritivore,detritivore,"there is no direct mention of what *Folsomia inoculata* specifically feeds on. However, related species such as *Folsomia candida* have been studied in contexts involving soil, plant litter, and microbial interactions . For *Folsomia inoculata*, dietary preferences are not explicitly detailed in the given sources.",27510404(medline),,,"there is no specific information regarding the body length of *Folsomia inoculata*. The mentioned studies focus on *Folsomia candida*, not *Folsomia inoculata* . Therefore, the body length of *Folsomia inoculata* cannot be determined from the given sources.",29732868(medline)|42043134(medline)|24901322(medline)|32374765(medline)|36930309(medline),leaf_litter|soil,Folsomia inoculata inhabits soil and leaf litter in Iran . This species is part of the Holarctic distribution .,10.11646/zootaxa.5275.1.1(pmc)
Folsomia manolachei,Folsomia,Isotomidae,1884766,species,unknown,unknown,"there is no direct information about the diet of *Folsomia manolachei*. However, it is mentioned that *Folsomia manolachei* exhibits vertical attraction in response to phenanthrene . Additionally, *Folsomia manolachei* is noted as a dominant species in certain contaminated environments . These observations do not specify feeding habits but indicate its ecological role and behavioral responses to…",16168536(medline)|30743842(medline),,,"the body length of *Folsomia manolachei* is not explicitly mentioned. However, it is noted that *Folsomia manolachei* shares characteristics with *Folsomia quadrioculata*, which has irregular rugose granulation all over the body and is found in various habitats including alpine zones . For precise body length measurements, additional specific references would be required.",039387CDFF94FFB1FF28649BFAD9308E(plazi),forest_wood,"Folsomia manolachei is found in contaminated woodlands where it forms part of the Collembola community alongside other species like Sphaeridia pumilis, Folsomia quadrioculata, and Parisotoma notabilis . It is also noted as a subdominant species in such environments, indicating its adaptation to these specific conditions.",30743842(medline)
Folsomia palaearctica,Folsomia,Isotomidae,1410392,species,fungivore|detritivore,fungivore,"Folsomia palaearctica is mentioned as part of the family Onychiuridae, but specific dietary preferences are not detailed in the given texts. However, it is noted that Folsomia candida feeds on fungal biomass, suggesting that similar species like Folsomia palaearctica may also consume fungi or organic matter in soil . No direct evidence about Folsomia palaearctica's diet is provided in the sources.",PMC12480435(pmc),1-2.5,1.0|2.5,"the body length of *Folsomia palaearctica* is not explicitly mentioned. However, it can be inferred that its body length is within the typical range for species in the genus *Folsomia*, which generally ranges from approximately 1.0 to 2.5 mm . For precise measurements, additional specific references would be required.",A05387E7F331450CFF46B0B7FB41F644(plazi),leaf_litter|soil|forest_wood|alpine_glacier,"there is no specific mention of the habitat of *Folsomia palaearctica*. The habitats described in the sources refer to other *Folsomia* species such as *Folsomia diplophthalma*, *Folsomia octoculata*, *Folsomia penicula*, *Folsomia inoculata*, and *Folsomia trisetata*, which include soil and leaf litter in various environments like forests and mountainous areas , , , , . Therefore, the habitat of…",03EA87B2FFA7FFF2FF26F9D1FAD59C84(plazi)|03EA87B2FFA4FFF1FF26FE92FD729BE5(plazi)|721B6E0C8C39FF86FF3820A4AE882577(plazi)|721B6E0C8C3AFF85FF3824FCA941209C(plazi)|721B6E0C8C39FF86FF3824EEA95C210C(plazi)
Folsomia penicula,Folsomia,Isotomidae,266765,species,unknown,unknown,"Folsomia penicula is mentioned as one of the most abundant species in certain environments, but there is no specific information about its diet or what it feeds on within the given texts. Therefore, the dietary preferences of Folsomia penicula cannot be determined from the provided sources.",23064850(medline),,,"the specific body length of *Folsomia penicula* is not directly mentioned. However, it is noted that *Folsomia penicula* is one of the small species predominantly collected by certain techniques in scree habitats . Additionally, *Folsomia penicula* is listed among the Holarctic groups of *Folsomia*, which includes species with varying body sizes . For precise measurements, further detailed…",10.3897/subtbiol.40.69808(pmc)|PMC5396566(pmc),soil,"Folsomia penicula inhabits soil under oak trees (Quercus sp.) in various regions of Iran, including East Azerbaijan, Golestan, Guilan, Mazandaran, Kermanshah, and Tehran . Additionally, it is noted to occur in the soil under oak trees in Iran's ecological context .",721B6E0C8C39FF86FF3820A4AE882577(plazi)|03E5878DFFC2FFA5FFAEFBD0845DFA6E(plazi)
Folsomia quadrioculata,Folsomia,Isotomidae,281420,species,bacterivore|algivore,bacterivore,"Folsomia quadrioculata is mentioned in the context of feeding habits related to imidacloprid exposure, where they were fed on bark with a natural layer of Cyanobacteria . However, specific details about their diet are not explicitly stated in the given sources. Therefore, the exact feeding preferences of Folsomia quadrioculata cannot be determined from the provided information.",37989986(medline),,,"there is no specific mention of the exact body length of *Folsomia quadrioculata*. However, it is noted that *Folsomia quadrioculata* is a common and abundant Collembola species used in various studies, including those examining sub-lethal effects of pesticides and genetic modifications . For precise measurements, specialized tools like the newly developed software ""CollScope"" can be utilized for…",37989986(medline)|24901322(medline),marine_coastal|soil|moss_lichen|grassland,"*Folsomia quadrioculata* is found in various tundra habitats, particularly in moist areas such as meadows or seashores . It is also widespread throughout the Holarctic and prefers moist environments, often inhabiting mosses in Arctic regions . Additionally, it is commonly associated with ornithogenic soils in Svalbard . This species exhibits a broad distribution and adapts to diverse habitats…",PMC7240498(pmc)|PMC5632673(pmc)
Folsomia sensibilis,Folsomia,Isotomidae,2736120,species,unknown,unknown,there is no specific information regarding the diet of *Folsomia sensibilis*. The sources mention its distribution and ecological roles but do not detail its feeding habits . Further research would be needed to determine its dietary preferences.,PMC7564799(pmc)|PMC5396566(pmc)|PMC4680968(pmc)|PMC9232565(pmc),,,"there is no specific mention of the body length of *Folsomia sensibilis*. However, related species such as *Folsomia candida* have been studied for their body lengths using automated methods . For *Folsomia sensibilis*, further research would be needed to determine its exact body length.",PMC4046991(pmc),soil,"there is no direct mention of the specific habitat of *Folsomia sensibilis*. However, related species like *Folsomia candida* are associated with soil environments, particularly in fragmented habitats and anthropogenic soils . These findings suggest that *Folsomia sensibilis*, if it shares similar ecological traits, may also inhabit soil environments, though further studies would be needed to…",36893275(medline)|31736616(medline)
Folsomia sexoculata,Folsomia,Isotomidae,281422,species,fungivore,fungivore,"Folsomia sexoculata's diet is not explicitly mentioned. However, related species such as Folsomia candida are noted to feed on various substrates including contaminated soils, yeast, and possibly pigmented fungi . For Folsomia sexoculata specifically, dietary preferences are not detailed in the given sources.",15230327(medline)|36424842(medline),,,"there is no specific information regarding the body length of *Folsomia sexoculata*. The mentioned studies focus on *Folsomia candida*, not *Folsomia sexoculata* . Therefore, the body length of *Folsomia sexoculata* cannot be determined from the given sources.",29732868(medline)|42043134(medline)|24901322(medline)|32374765(medline)|36930309(medline),leaf_litter|soil|forest_wood,"$Folsomia\ sexoculata$ inhabits soil and leaf litter in forest environments in Iran . Additionally, it has been recorded in Spain . This species is also found in areas with specific soil conditions, such as those influenced by eucalyptus leaves, where its population may be affected by the presence of essential oils and other chemical factors .",10.11646/zootaxa.5275.1.1(pmc)|PMC3618273(pmc)
Folsomia spinosa,Folsomia,Isotomidae,2041943,species,detritivore,detritivore,"Folsomia spinosa is associated with the debris of Pinus, suggesting it may feed on organic matter found in such environments . However, no direct information about its diet is explicitly stated in the sources.",FB3F87CFF074D931465EF291DFBD0B5F(plazi),,,"there is no specific information regarding the body length of *Folsomia spinosa*. The mentioned studies focus on *Folsomia candida*, not *Folsomia spinosa* . Therefore, the body length of *Folsomia spinosa* cannot be determined from the given sources.",29732868(medline)|42043134(medline)|24901322(medline)|32374765(medline)|36930309(medline),leaf_litter|soil|forest_wood|alpine_glacier,"there is no specific mention of the habitat of *Folsomia spinosa*. The available information pertains to other *Folsomia* species such as *F. alpina*, *F. diplophthalma*, *F. octoculata*, *F. penicula*, and *F. inoculata*, which inhabit various environments including alpine belts, forest soils, and leaf litter . Therefore, the habitat of *Folsomia spinosa* cannot be determined from the given…",4F034B6EFFBC357ED934F8A83B70FB95(plazi)|03EA87B2FFA7FFF2FF26F9D1FAD59C84(plazi)|03EA87B2FFA4FFF1FF26FE92FD729BE5(plazi)|721B6E0C8C39FF86FF3820A4AE882577(plazi)|721B6E0C8C3AFF85FF3824FCA941209C(plazi)
Folsomia thalassophila,Folsomia,Isotomidae,158440,genus,unknown,unknown,there is no specific information regarding the diet of *Folsomia thalassophila*. The texts discuss taxonomic classifications and morphological characteristics of various springtail species but do not mention feeding habits . Further research would be needed to determine its dietary preferences.,CE7A87E87779627EA3BAFAF483FCF8BD(plazi)|249152930DFCAD4DBC8C5096C3E82EBB(plazi)|C2178781FFC0D87C61F11BFAFDE45E26(plazi)|821712A9F20315E4AAD381B34CEFE38B(plazi)|266B5D55F777FFE5FF7EFA2F44B5F99F(plazi),,,"there is no specific information regarding the body length of *Folsomia thalassophila*. The mentioned studies focus on *Folsomia candida*, not *Folsomia thalassophila* . Therefore, the body length of *Folsomia thalassophila* cannot be determined from the given sources.",29732868(medline)|42043134(medline)|24901322(medline)|32374765(medline)|36930309(medline),marine_coastal,"there is no direct mention of the specific habitat of *Folsomia thalassophila*. However, it is noted that *Thalassaphorura thalassophila* and *Thalassaphorura debilis* are common arthropods in intertidal ecosystems . Since *Folsomia thalassophila* is not explicitly discussed in the sources, its habitat cannot be definitively stated from the given information.",29938135(medline)
Folsomides angularis,Folsomides,Isotomidae,3054966,species,unknown,unknown,"there is no direct information about the diet of *Folsomides angularis*. The sources discuss its ecological adaptations, geographic distribution, and genetic diversity but do not specify its feeding habits , , , . Further research would be needed to determine its dietary preferences.",PMC4494283(pmc)|10.5281/zenodo.13314112(pmc)|PMC6476783(pmc)|PMC4467183(pmc),1.89-7.3,7.3|1.89|2.12,"the body length of *Folsomides angularis* is not directly mentioned. However, related species such as *Tharybis kueishanensis* and *Torquella angularis* provide comparative data. For instance, *Torquella angularis* has a body length of 7.3 mm . Additionally, *Tharybis kueishanensis*, which is closely related, has a female body length ranging from 1.89 to 2.12 mm, which is significantly smaller…",114E87BDFFCEFFF6FF70A5D153587DE2(plazi)|C32987B8AC2AFFDAFF43FAD40CF4A266(plazi),soil,Folsomides angularis inhabits soil .,721B6E0C8C22FF9DFF3827F9AE0521FD(plazi)
Folsomides parvulus,Folsomides,Isotomidae,1184808,species,fungivore|detritivore,fungivore,"Folsomides parvulus feeds on fungi or decaying plant material . This dietary preference aligns with general ecological roles of many Collembola species, which are often detritivores .",PMC5383468(pmc),7,7.0,"the body length of *Folsomides parvulus* is not explicitly stated. However, related species such as *Folsomides whitteni* are noted to be 7 mm in length . For *Folsomides parvulus*, specific measurements are not directly mentioned in the text . Therefore, the exact body length of *Folsomides parvulus* cannot be determined from the available information.",8F68E959EE6FA71FE20D7DCEFF55F954(plazi)|8F68E959EE69A711E0C97ECFFB78F8EE(plazi),freshwater|synanthropic,"there is no specific mention of the habitat of *Folsomides parvulus*. However, related species such as *Camarhynchus parvulus* (Small Tree Finch) inhabit areas affected by invasive weeds and experience habitat disturbances . For other species like *Limnebius parvulus*, they are associated with aquatic environments, specifically water beetles in the Crimean Peninsula . Without direct reference to…",27811649(medline)|33362293(medline)
Friesea atypica,Friesea,Neanuridae,3447686,species,unknown,unknown,"there is no specific information regarding the diet or feeding habits of *Friesea atypica*. The sources describe its distribution, morphology, and taxonomic status but do not mention its food source . Further research would be needed to determine its ecological niche and dietary preferences.",975D1509FFB8735035FC2C9F8601EDF0(plazi)|4F034B6EFFBF3570DBACFD103CB8FA1F(plazi),,,"there is no specific mention of the body length of *Friesea atypica*. The available information pertains to other species within the *Friesea* genus, such as *F. rochedoensis*, *F. noronhaensis*, *F. cubensis*, *F. gretae*, and *F. cretensis*, but not *F. atypica* . Therefore, the body length of *Friesea atypica* cannot be determined from the given sources.",PMC8004600(pmc)|PMC7143604(pmc)|10.11646/zootaxa.5278.2.6(pmc),leaf_litter|soil|cave|forest_wood|marine_coastal,"the habitat of *Friesea atypica* includes litter, humus, and roots at elevations between 1700 and 2500 meters in the Doi Inthanon forest . Additionally, it is found in soil at a cave entrance at 350 meters in Kanchanaburi and soil at 700–1150 meters in Doi Inthanon forest within Thailand . However, specific details about its habitat beyond Thailand are not mentioned in the given sources.",03EA87B2FFB7FFE1FF26F90CFCE99B55(plazi)
Friesea claviseta,Friesea,Neanuridae,1725396,species,unknown,unknown,"there is no specific information regarding the diet or feeding habits of *Friesea claviseta*. The sources describe its geographical distribution, habitat, and morphological characteristics but do not mention what it feeds on . Further research would be needed to determine its dietary preferences.",266B5D55F764FFF6FF7EFAE0457DFA07(plazi)|975D1509FFA7734E37662C9F8397EB14(plazi),,,there is no specific mention of the body length of *Friesea claviseta*. The sources describe various morphological features of different *Friesea* species but do not provide body length measurements for *F. claviseta* . Further research would be needed to determine this characteristic.,26266301(medline)|37518281(medline),leaf_litter|soil|forest_wood|marine_coastal,*Friesea claviseta* inhabits soil and leaf litter under pine and cypress trees in Iran . It also occurs in litter at 1300 m elevation in forests in Thailand . The species has a cosmopolitan distribution .,721B6E0C8C04FFBBFF382507A95E22C3(plazi)|03EA87B2FFB7FFE2FF26FBAAFCED9E88(plazi)
Friesea mirabilis,Friesea,Neanuridae,187627,species,unknown,unknown,"there is no specific information about the diet of *Friesea mirabilis*. The mentioned studies focus on the taxonomy, morphology, and distribution of various *Friesea* species, but none describe feeding habits related to *Friesea mirabilis* , . Therefore, the dietary preferences of this species remain unspecified in the given sources.",33810103(medline)|31966188(medline),0.51,0.51,"the body length of *Friesea mirabilis* is not explicitly stated. However, it is mentioned that *Friesea multiclavata* has a body length of 0.51 mm . For *Friesea mirabilis*, the body length is referenced indirectly through comparisons with other species, but no specific measurement is given . Therefore, the exact body length of *Friesea mirabilis* cannot be determined from the available…",10.3897/zoologia.36.e23269(pmc)|PMC8004600(pmc),leaf_litter|soil|moss_lichen|cave|forest_wood|marine_coastal,"*Friesea mirabilis* inhabits soil, leaf litter, moss on tree bases, rotten wood, and possibly caves. It is found in various habitats across different elevations, including forests at 700 meters and higher altitudes . Its cosmopolitan distribution suggests it can thrive in diverse environments worldwide .",03EA87B2FFB4FFE1FF26FC89FCE399A5(plazi)|721B6E0C8C04FFBBFF38271FA95E20FB(plazi)
Friesea quinquespinosa,Friesea,Neanuridae,3447681,species,unknown,unknown,"there is no specific information regarding the diet or feeding habits of *Friesea quinquespinosa*. The sources discuss the taxonomy, morphology, and discovery of various *Friesea* species but do not mention their dietary preferences . Further research would be needed to determine the ecological niche and feeding behavior of this species.",33365956(medline)|33810103(medline)|31966188(medline)|37518281(medline)|32106429(medline),,,"the body length of *Friesea quinquespinosa* is not explicitly mentioned. However, it is noted that this species occurs only in specific sites, but no measurements are given . Additional details about its morphology or dimensions are not available in the cited sources.",PMC7240498(pmc),soil|cave|forest_wood|marine_coastal,"there is no direct mention of the habitat of *Friesea quinquespinosa*. However, related species such as *Quinquelaophonte quinquespinosa* are found in tritu-rich habitats . For other *Friesea* species like *Friesea kanchanaburiensis*, the habitat includes soil at cave entrances and forest floors . Therefore, while not explicitly stated for *Friesea quinquespinosa*, it may share similar…",EF3EA343FFF6FFE9FF300B33FC4DE719(plazi)|03EA87B2FFB7FFE1FF26F90CFCE99B55(plazi)
Friesea truncata,Friesea,Neanuridae,187628,species,unknown,unknown,there is no explicit information regarding the diet of Friesea truncata. The sources mention its classification and habitat but do not specify feeding habits . Further research would be needed to determine its dietary preferences.,PMC12547479(pmc)|10.5281/zenodo.187194(pmc)|PMC4680968(pmc)|PMC5769716(pmc),1-1.2,1.0|1.2,"the body length of *Friesea truncata* is not explicitly stated. However, it can be inferred that *Friesea truncata* belongs to the genus *Friesea*, which includes species such as *Friesea major* with a body length of 1-1.2 mm . Additionally, *Trigonostigma truncata*, a different species, has a standard length ranging from 22.7 to 25.8 mm . Therefore, without specific data on *Friesea truncata*,…",03CC8C6AFFBCFF9FFF449D5EAD814A4A(plazi)|001787F95E54B17AFF121BAEE5A0F9DA(plazi),forest_wood|freshwater|marine_coastal,"Friesea truncata is associated with woodland habitats. It is listed as a ""woodland"" species in one source , and it is also found in riparian areas within woodlands according to another source . These findings suggest that Friesea truncata prefers or is commonly found in woodland environments.",PMC6305484(pmc)|PMC5769716(pmc)
Gisinianus flammeolus,Gisinianus,Katiannidae,2449080,species,unknown,unknown,,,,,there is no specific mention of the body length of *Gisinianus flammeolus*. The text discusses ecological interactions and vulnerabilities of forest owls but does not provide morphological details such as body length . Additional sources would be required to determine this characteristic.,41214439(medline),forest_wood,"Gisinianus flammeolus, likely referring to Psiloscops flammeolus (flammulated owl), inhabits montane forests in the southwestern United States and parts of Canada. These owls prefer temperate coniferous forests and rely on mature forest habitats for nesting and foraging . They are particularly sensitive to habitat changes, including those caused by climate change and wildfires .",38136807(medline)|41214439(medline)
Gnathisotoma bicolor,Gnathisotoma,Isotomidae,3127813,species,unknown,unknown,"there is no direct mention of what *Gnathisotoma bicolor* specifically feeds on. The text discusses morphological characteristics and taxonomic relationships within the genus *Gnathisotoma*, but does not provide dietary information for *Gnathisotoma bicolor* . Additional research would be needed to determine its diet.",504F2D6CFFD6FF8697BEF1FCFA4B19E1(plazi),,,"there is no specific mention of the body length of *Gnathisotoma bicolor*. However, one document mentions ""C. bicolor"" which refers to *Coendou bicolor*, a rodent, with a body length not specified in the text . Another document discusses *Chlopsis bicolor* and provides details about related species but does not specify the body length of *Gnathisotoma bicolor* . Therefore, the body length of…",42291412(medline)|26701586(medline),alpine_glacier,"there is no direct mention of the specific habitat of *Gnathisotoma bicolor*. However, it belongs to a group of cryophilic springtails that are typically associated with glacial and alpine environments . Further details about its exact habitat would require more targeted research or documentation.",10.5852/ejt.2021.787.1599(pmc)
Halisotoma arenicola,Halisotoma,Isotomidae,6343,species,predator,predator,"there is no specific information about the diet of *Halisotoma arenicola*. However, document discusses feeding habits of marine nematodes, but it refers to *Arenicola marina*, not *Halisotoma arenicola*. Therefore, the dietary preferences of *Halisotoma arenicola* cannot be determined from the given sources.",28312228(medline),,,"there is no direct mention of the body length of *Halisotoma arenicola*. However, a related species, *Arenicola marina*, has a body length ranging from 15 to 25 cm, with some individuals reaching up to 36 cm . Since *Halisotoma arenicola* is not explicitly described in the given texts, its body length cannot be determined from the available information.",PMC1475601(pmc),marine_coastal,"Halisotoma arenicola is associated with littoral habitats in South Africa . However, specific details about its exact habitat preferences are not elaborated upon in the given text.",10.11646/zootaxa.5346.3.8(pmc)
Halisotoma maritima,Halisotoma,Isotomidae,,,unknown,unknown,"Halisotoma maritima is not mentioned. However, related species such as Puccinellia maritima and Triglochin maritima are noted as food plants for Brent geese . For Halisotoma maritima specifically, there is no direct information about its diet in the given sources.",28307786(medline),,,"the body length of *Halisotoma maritima* is not directly mentioned. However, it is referenced in relation to *Paraxenylla norvegica*, which is associated with *Halisotoma maritima*. The specific body length details for *Halisotoma maritima* itself are absent from the given sources .",03EE284EFFF71D01FF02FC09FC732729(plazi),marine_coastal|synanthropic,"Halisotoma maritima is a salt-tolerant microarthropod that inhabits salt marshes and mudflats, specifically thriving in areas with high salinity and frequent inundation . It is classified as a trophic specialist and is prevalent in the pioneer zone of salt marshes, which experiences the highest frequency of tidal disturbances .",PMC5730192(pmc)|PMC11489214(pmc)
Hemisotoma thermophila,Hemisotoma,Isotomidae,2994027,species,unknown,unknown,"there is no specific information regarding the diet of *Hemisotoma thermophila*. The sources mention its ecological preferences, such as being thermophilic and nitrophilic , but do not detail its feeding habits. Further research would be needed to determine its dietary requirements.",4F034B6EFFBC357ED934F8A83B70FB95(plazi),1,1.0,Hemisotoma thermophila has a body length of 1.0 mm .,PMC11211659(pmc),soil|grassland|freshwater|agricultural,"*Hemisotoma thermophila* is associated with various habitats including spoil tips, meadows, agricultural lands, and areas near water bodies such as lakes and rivers. It is also found under rotting leaves and in soil, particularly in association with vegetation and organic matter , , . This species exhibits preferences for specific microhabitats depending on environmental conditions and vegetation…",PMC6305484(pmc)|PMC5769716(pmc)|10.11646/zootaxa.5275.1.1(pmc)
Heteraphorura carpatica,Heteraphorura,Onychiuridae,2898949,species,unknown,unknown,"there is no specific information regarding the diet or feeding habits of *Heteraphorura carpatica*. The mentioned sources discuss various topics such as genetic studies of birches, plant pathogens, hybridization in sorbus species, plant transformation techniques, and hymenopteran taxonomy, but none address the feeding behavior of *Heteraphorura carpatica* .",31671142(medline)|30823002(medline)|33604013(medline)|15114492(medline)|26623903(medline),1.7,1.7,"the body length of *Heteraphorura carpatica* is not explicitly stated. However, it can be inferred that its body length is similar to other species within the genus *Heteraphorura*, which typically have body lengths ranging from approximately 1.7 mm to several millimeters, depending on the specific species and sex . Further detailed measurements would be required for an exact value.",03FDDD4A654FFF82CDBAF8DB3E9433A6(plazi),,"Heteraphorura carpatica is mentioned in the context of scree habitats, where specific collection methods were compared regarding Collembola diversity . However, the exact habitat description for Heteraphorura carpatica itself is not detailed in the given text. Therefore, the precise habitat of Heteraphorura carpatica cannot be determined from the available information.",10.3897/subtbiol.40.69808(pmc)
Heteromurus absoloni,Heteromurus,Orchesellidae,1765952,species,unknown,unknown,"there is no specific information regarding the diet or feeding habits of *Heteromurus (Verhoeffiella) absoloni*. The sources focus on taxonomy, morphology, and classification rather than ecological niche or dietary preferences . Further research would be required to determine its food source.",504DC64DFFEC9413FF25FE84FB65FB9A(plazi)|504DC64DFFFF9415FF25FC6BFCC2FD17(plazi)|504DC64DFFF89414FF25FB63FD3CFEC7(plazi),,,"the body length of *Heteromurus absoloni* is not explicitly stated. However, it is mentioned that *Troglopedetes absoloni* was found in the Hundidero-Gato Cave in Southern Spain . For *Heteromurus absoloni*, specific measurements are not given in the available sources. Therefore, the exact body length remains unspecified in the provided texts.",10.3897/subtbiol.38.66254(pmc),leaf_litter|soil,"there is no explicit mention of the habitat of *Heteromurus absoloni*. However, related species such as *Heteromurus sexoculatus* are noted to inhabit soil and leaf litter in Iran . Additionally, other *Heteromurus* species like *Heteromurus (Alloscopus) tetracanthus* are found in soil at low altitudes in Thailand . Since *Heteromurus absoloni* is likely closely related to these species, it may…",721B6E0C8C34FF8BFF382185A92C277E(plazi)|03EA87B2FF9EFFCBFF26FB30FD5D9F07(plazi)
Heteromurus major,Heteromurus,Orchesellidae,1218234,species,unknown,unknown,"there is no specific information regarding the diet of *Heteromurus major*. The sources discuss morphological characteristics, distribution, and taxonomy but do not mention feeding habits . Further research would be needed to determine its dietary preferences.",B14287AAFF9B70573E83B506FA30FAC0(plazi)|03F887D2FFC5FFC30094F8F7EA74F849(plazi)|039A87B5FFF80E03FC69FB72FD95F994(plazi)|DE3DBD36FFDFDC77E3D2F960FB0FFA2A(plazi)|03F887D2FFCBFFCC0094FA00ECB8F8AA(plazi),,,"the body length of *Heteromurus major* is not explicitly stated. However, it is mentioned that this species is found in very disturbed habitats, such as home gardens or public parks . For precise measurements, additional references or studies would be required.",PMC8305321(pmc),leaf_litter|soil|forest_wood|grassland,"the habitat of *Heteromurus major* includes soil under juniper trees and pastureland in Iran . Additionally, it is found in forest leaf litter in Iran . However, specific ecological details about its habitat preferences may require further study .",721B6E0C8C35FF8AFF3825BDAE472053(plazi)|721B6E0C8C35FF8AFF38236CA83725A9(plazi)|721B6E0C8C35FF8AFF3822AAAE6022A1(plazi)
Heteromurus nitidus,Heteromurus,Orchesellidae,254095,species,unknown,unknown,there is no explicit information regarding the diet of *Heteromurus nitidus*. The texts mention its ecological context and distribution but do not specify feeding habits . Further research would be needed to determine its dietary preferences.,2E1DBC285C7DFFC089BEFBFA5E0329B2(plazi)|F76187F85943FFB9FE22FE7DF69FFD6E(plazi),,,"there is no specific mention of the body length of *Heteromurus nitidus*. The sources describe various ecological and geographical data related to this species but do not provide measurements regarding its body size . Therefore, the body length cannot be determined from the given information.",027087B5A8457845CCE7FBFEFC24FEB5(plazi)|5110AB180404FFC7FF5623E9A6D1AC2C(plazi)|504DC64DFFFF9415FF25FC6BFCC2FD17(plazi)|5110AB180404FFC8FF562609A152AAC8(plazi),,"*Heteromurus nitidus* is found in scree habitats, where it dominates at sites A and B . It is also noted as a springtail species that inhabits various environments, including those with specific microhabitats such as epigeic layers . Additionally, it has been observed in association with different ecological interactions, suggesting adaptability across multiple habitats . However, the exact…",10.3897/subtbiol.40.69808(pmc)|PMC3187823(pmc)
Hymenaphorura dentifera,Hymenaphorura,Onychiuridae,2905845,species,unknown,unknown,"there is no specific information regarding the diet or feeding habits of *Hymenaphorura dentifera*. The available data focus on taxonomic descriptions, genetic characteristics, and morphological comparisons rather than ecological interactions or dietary preferences . Further research would be required to determine its feeding behavior.",195D87CB8564FFD7BFEEFD22FE47FA7A(plazi),,,"there is no specific mention of the body length of *Hymenaphorura dentifera*. The term ""dentifera"" appears in several contexts, such as *Daphnia dentifera* and *Glyptobasis dentifera*, but none of the sources provide details about the body length of *Hymenaphorura dentifera* .",15270111(medline)|39646827(medline)|18214600(medline)|31141120(medline)|25733032(medline),leaf_litter|freshwater|soil|sandy_dune,"there is no direct mention of the habitat of *Hymenaphorura dentifera*. However, related species such as *Heteraphorura kaprusi* are noted to inhabit soil and leaf litter in Iran . For other species with similar names like *Torrenticola dentifera*, habitats include permanent sandy/bouldary streams shaded by riparian vegetation , while *Endonura dentifera* is associated with soil in Iran .…",721B6E0C8C1DFFA2FF38252DA81C2359(plazi)|25F4344812251A69FFAAED45B590E696(plazi)|721B6E0C8C0FFFB0FF3822C1A9012282(plazi)
Hymenaphorura parva,Hymenaphorura,Onychiuridae,2898950,genus,unknown,unknown,"there is no specific information regarding the diet or feeding habits of *Hymenaphorura parva*. The sources discuss various aspects of *Theileria parva* and related topics but do not mention what *Hymenaphorura parva* feeds on. Therefore, it is not possible to answer this question based on the given sources.",PMC7445189(pmc),,,"there is no mention of ""Hymenaphorura parva."" However, there is information about ""Pseudorasbora parva"" and ""Mawsonascaris parva,"" but neither refers to ""Hymenaphorura parva."" Therefore, the body length of Hymenaphorura parva cannot be determined from the given sources.",23129195(medline),soil,"Hymenaphorura parva is mentioned as an edaphic species within the context of Collembola assemblages along an altitudinal gradient in northeast China . However, no specific details about its exact habitat preferences are given beyond its classification as euedaphic. Therefore, the document does not provide detailed information on the precise habitat of Hymenaphorura parva .",PMC8840876(pmc)
Hymenaphorura polonica,Hymenaphorura,Onychiuridae,2898950,genus,detritivore,detritivore,"Hymenaphorura polonica is a species of springtail (Collembola) and there is no direct mention of its feeding habits. However, it is noted that some Collembola species feed on decaying organic matter such as dead needles . For specific dietary preferences of Hymenaphorura polonica, further research would be required.",PMC7445189(pmc),1.39-1.92,1.39|1.92,"the body length of *Hymenaphorura polonica* is not explicitly stated. However, it is mentioned that *Hymenaphorura urbana* has a body size ranging from 1.39-1.92 mm, and *Hymenaphorura polonica* is noted to have a smaller size compared to *urbana*, though specific measurements are lacking .",018EE4D93A7E5EE491F7E265318D60BC(plazi),,,
Hymenaphorura pseudosibirica,Hymenaphorura,Onychiuridae,2898952,species,unknown,unknown,"there is no specific information regarding the diet or feeding habits of *Hymenaphorura pseudosibirica*. The available sources describe taxonomic details, morphology, and distribution of various *Hymenaphorura* species, but none mention their dietary preferences . Further research would be required to determine the feeding ecology of this species.",D5A09FD5718A5B9CBCB1B9B5A0930737(plazi)|018EE4D93A7E5EE491F7E265318D60BC(plazi)|BD177DBD12F7513BB272934FABF56792(plazi),,,,,,"there is no specific information about the habitat of *Hymenaphorura pseudosibirica*. The available data describe the habitats of related species such as *Hymenaphorura sibirica* and *Heteraphorura kaprusi*, but not *Hymenaphorura pseudosibirica* . Therefore, the habitat of this particular species cannot be determined from the given sources.",721B6E0C8C1DFFA2FF38252DA81C2359(plazi)
Hypogastrura assimilis,Hypogastrura,Hypogastruridae,2234137,species,unknown,unknown,"there is no specific information regarding the diet of *Hypogastrura assimilis*. The sources discuss taxonomic notes, distribution, and synonymy but do not mention feeding habits . Further research would be required to determine its dietary preferences.",F86587B9FF9D1D05EE762AF7FB32769B(plazi)|266B5D55F748FFDAFF7EFA3845FDF8FC(plazi),,,"the body length of *Hypogastrura assimilis* is not explicitly stated. However, it is mentioned that the growth rate coefficient of the logistic model was used to predict effects of dimethoate on juvenile growth of *F. fimetaria* and *H. aculeifer*, suggesting that body length measurements were utilized in studies involving these species . For precise body length values, further specific…",8727513(medline),leaf_litter|soil|forest_wood,"Hypogastrura assimilis is found in forest soil and leaf litter, as well as in soil under Quince (Cydonia oblonga) trees in Iran . This species has a cosmopolitan distribution . Additional habitats for this species were not specified in the given sources.",10.11646/zootaxa.5275.1.1(pmc)
Hypogastrura burkilli,Hypogastrura,Hypogastruridae,1725397,species,unknown,unknown,"there is no specific information regarding the diet of *Hypogastrura burkilli*. The sources describe taxonomic details, morphology, and genetic data but do not mention feeding habits . Further research would be needed to determine its dietary preferences.",195D87CB8564FFD7BFEEFD22FE47FA7A(plazi),1.1-1.5,1.1|1.5,"there is no specific mention of the body length of *Hypogastrura burkilli*. However, related species within the genus *Hypogastrura* have body lengths ranging from approximately 1.1 to 1.5 mm . Without direct reference to *Hypogastrura burkilli*, this range serves as an approximate guide.",10.3897/subtbiol.35.54257(pmc),leaf_litter,"there is no specific mention of the habitat of *Hypogastrura burkilli*. However, related species such as *Hypogastrura manubrialis* are associated with wet habitats and are found in areas with particular plant litter conditions . For precise details about *Hypogastrura burkilli*, additional research would be required.",PMC4569040(pmc)
Hypogastrura concolor,Hypogastrura,Hypogastruridae,281414,species,fungivore|herbivore,fungivore,"Hypogastrura concolor is described as a bryophile species that inhabits mosses saturated with water and occurs at altitudes above 1000 m . It is noted to be an unspecialized feeder on plant material and fungi . Therefore, Hypogastrura concolor feeds on plant material and fungi.",PMC7240498(pmc),,,"the specific body length of *Hypogastrura concolor* is not directly mentioned. However, it is noted that *Hypogastrura concolor* is listed among the Collembola species found in young glacier forelands in the Alps . For detailed morphological characteristics including body length, specialized taxonomic studies or additional references would be required.",PMC7564799(pmc),soil|alpine_glacier,"*Hypogastrura concolor* is commonly found around Ny-Alesund and inhabits various tundra habitats, particularly moist areas . It is also present in the high Arctic and has been recorded from ornithogenic soils in Svalbard . Additionally, it is part of the pioneer arthropod community in young glacier forelands in the Alps .",PMC7564799(pmc)
Hypogastrura distincta,Hypogastrura,Hypogastruridae,1725398,species,predator,predator,"Hypogastrura distincta is noted as a predator that feeds on root maggot larvae, specifically targeting developmental stages of *Delia platura* in garlic fields . There is no additional specific dietary information provided about Hypogastrura distincta in the given sources.",PMC12387498(pmc),0.9-1.5,0.9|1.5,"the body length of *Hypogastrura distincta* is not explicitly stated. However, it can be inferred that it is relatively small, as other closely related species such as *Hypogastrura martiani* have a body length ranging from 0.9 to 1.5 mm . Therefore, *Hypogastrura distincta* likely falls within a similar size range.",102AA927FFEEFF8CFDA8FD53BBBFFB0C(plazi),leaf_litter|soil,"Hypogastrura distincta is found in soil and leaf litter under acacia (Robinia pseudoacacia) and box trees (Buxus sp.) in Iran . Additionally, it has been recorded in various regions including Ontario, Alaska, Estonia, Japan, and France, but specific habitat details for these locations are not provided in the given texts.",10.11646/zootaxa.5275.1.1(pmc)
Hypogastrura kelmendica,Hypogastrura,Hypogastruridae,3051843,species,unknown,unknown,there is no specific information regarding the diet of *Hypogastrura kelmendica*. The sources discuss morphological characteristics and taxonomic relationships but do not mention feeding habits . Further research would be needed to determine its dietary preferences.,102AA927FFEAFF8FFE1CFB38BA3EFA53(plazi),,,"there is no direct mention of the body length of *Hypogastrura kelmendica*. However, several studies discuss the morphology and characteristics of various *Hypogastrura* species, including body structure and chaetotaxy, which could be used to infer general features. For precise measurements, further research or specific references would be required .",26240898(medline),leaf_litter|soil|forest_wood,"there is no specific information about the habitat of *Hypogastrura kelmendica*. The available data describe habitats for other species within the genus *Hypogastrura* and related genera, such as leaf litter in forests or soil, but these do not apply to *Hypogastrura kelmendica* -.",03EA87B2FFB8FFEDFF26F9A1FF479CA8(plazi)|721B6E0C8C14FFABFF38263AA93C21D7(plazi)
Hypogastrura monticola,Hypogastrura,Hypogastruridae,1508190,species,unknown,unknown,"there is no direct information about the diet of *Hypogastrura monticola*. The sources discuss the taxonomy and morphology of various *Hypogastrura* species, including *H. monticola*, but do not mention their feeding habits . Additional research would be required to determine the specific food sources of this species.",39646728(medline)|29290721(medline),,,"there is no direct mention of the body length of *Hypogastrura monticola*. However, document refers to ""monticola-group"" within the genus *Hypogastrura*, indicating that *Hypogastrura monticola* may belong to this group. Document discusses the effect of dimethoate on body growth of *Folsomia fimetaria* and *Hypogastrura assimilis*, suggesting that body length measurements might have been…",39646728(medline)|8727513(medline),,,
Hypogastrura purpurescens,Hypogastrura,Hypogastruridae,999745,species,unknown,unknown,"there is no specific information regarding the diet of *Hypogastrura purpurescens*. The sources discuss ecological roles, physiological traits, and environmental influences on Collembola but do not mention feeding habits of *Hypogastrura purpurescens* .",PMC11942941(pmc)|PMC7294889(pmc)|PMC9800180(pmc)|10.11646/zootaxa.5275.1.1(pmc)|PMC3130789(pmc),,,"there is no specific mention of the body length of *Hypogastrura purpurescens*. The sources discuss various aspects of Collembola, including desiccation resistance, critical thermal limits, and taxonomic classifications, but none provide measurements related to body length for this species , , . Therefore, the body length of *Hypogastrura purpurescens* cannot be determined from the given…",PMC9800180(pmc)|PMC7294889(pmc)|PMC4440272(pmc),,"there is no specific mention of the habitat of *Hypogastrura purpurescens*. However, related species such as *Hypogastrura vernalis* and *Hypogastrura manubrialis* are associated with disturbed habitats and nutrient-rich environments . Further research would be needed to determine the specific habitat preferences of *Hypogastrura purpurescens*.",26380678(medline)
Hypogastrura sahlbergi,Hypogastrura,Hypogastruridae,30003,genus,unknown,unknown,there is no specific information regarding the diet of *Hypogastrura sahlbergi*. The sources describe morphological characteristics and taxonomic relationships but do not mention feeding habits . Further research would be needed to determine its dietary preferences.,4E4E526E1E292150FF2FFF3CB4C960FE(plazi)|03BB87922E1B5A0A7A62FE31FC2DFB73(plazi)|03A887BCFF888A51FEA6FC0421C3F9CA(plazi)|03BB87922E1E5A0B7A78FAAAFDD9FCAC(plazi),,,"there is no direct mention of the body length of *Hypogastrura sahlbergi*. However, document discusses the effect of dimethoate on the body growth of *Folsomia fimetaria* and *Hypogastrura assimilis*, suggesting that body length measurements and growth models were used in studies involving hypogastrurid collembolans. Document mentions *Hypogastrura ireneae* and other related species but does not…",8727513(medline)|25781097(medline),,"there is no specific information about the habitat of *Hypogastrura sahlbergi*. The term ""sahlbergi"" appears in the names of different species, such as *Hydraena (Hydraenopsis) sahlbergi* and *Monomorium sahlbergi*, which have distinct habitats. However, no direct mention of the habitat for *Hypogastrura sahlbergi* is found in the sources -.",03EA87B2FFB8FFEDFF26F9A1FF479CA8(plazi)|03D9FD3BFFB7FF83FE4CF992AF24FC2D(plazi)
Hypogastrura socialis,Hypogastrura,Hypogastruridae,1458444,species,unknown,unknown,"there is no specific information about the diet of *Hypogastrura socialis*. The sources discuss its taxonomy, ecology, and morphological adaptations but do not mention feeding habits . Further research would be needed to determine its dietary preferences.",PMC7564799(pmc)|10.3897/subtbiol.35.54257(pmc)|10.11646/zootaxa.5275.1.1(pmc),1.1-1.5,1.1|1.5,the body length of *Hypogastrura socialis* (excluding antennae) is 1.1-1.5 mm .,EDDAB5A9C93D5E8C9B2C0EEB86B47996(plazi),alpine_glacier|soil|leaf_litter|forest_wood,"Hypogastrura socialis inhabits oak forests (soil and litter) in the Zagros Mountains of Iran . It is also noted to be active on snow in mass aggregations . Additionally, it has been recorded in other regions such as Estonia, Japan, and Canada, suggesting a broader distribution within the Palaearctic region .",10.11646/zootaxa.5275.1.1(pmc)|PMC7762750(pmc)
Hypogastrura subboldorii,Hypogastrura,Hypogastruridae,999743,species,unknown,unknown,"there is no specific information about the diet of *Hypogastrura subboldorii*. The available sources discuss various aspects of Hypogastrura species, such as their sensory structures, moulting behavior, and taxonomy, but none mention feeding habits related to *Hypogastrura subboldorii* .",30231601(medline)|16896776(medline)|31717148(medline)|17841689(medline)|33390753(medline),,,"there is no direct mention of the body length of *Hypogastrura subboldorii*. However, studies on related species such as *Folsomia fimetaria* and *Hypogastrura assimilis* indicate that body length measurements and growth parameters are typically reported in ecological and toxicological research . For precise body length data on *Hypogastrura subboldorii*, further specialized literature or…",8727513(medline),forest_wood,"Hypogastrura subboldorii is mentioned in relation to other species within the genus Hypogastrura, but its specific habitat is not directly described. However, it is noted that H. subboldorii is associated with regions like France, where similar species inhabit various environments, possibly including forested areas . Further details about its exact habitat would require more specific…",102AA927FFEEFF8CFDA8FD53BBBFFB0C(plazi)
Hypogastrura tullbergi,Hypogastrura,Hypogastruridae,30003,genus,algivore,algivore,"there is no direct mention of what *Hypogastrura tullbergi* feeds on. However, document discusses feeding preferences of *Hypogastrura viatica*, noting that they prefer algae with specific nutrient ratios. While not explicitly stating the diet of *Hypogastrura tullbergi*, it can be inferred that similar dietary patterns might apply, given the close taxonomic relationship between *Hypogastrura…",16896776(medline),,,"there is no direct mention of the body length of *Hypogastrura tullbergi*. However, document discusses the effect of dimethoate on the body growth of *Folsomia fimetaria* and *Hypogastrura assimilis*, suggesting that body length measurements were taken for these species. Document refers to *Metasepia tullbergi*, not *Hypogastrura tullbergi*, and provides genetic information rather than physical…",8727513(medline)|33829084(medline),soil,"Hypogastrura tullbergi is mentioned as having an ecology and habitat in Iran associated with soil . Additionally, it is noted as part of the Holarctic distribution . However, specific details about its exact habitat beyond soil are not elaborated upon in the given texts.",721B6E0C8C18FFA7FF3820A5A94124A4(plazi)
Hypogastrura vernalis,Hypogastrura,Hypogastruridae,187634,species,predator,predator,"Hypogastrura vernalis is mentioned as a collembolan (springtail) that is part of the diet of certain plants and is also noted to be absent from red mud-contaminated areas, suggesting it may have specific dietary requirements or sensitivities. However, the direct information about what Hypogastrura vernalis feeds on is not explicitly stated in the given sources . It is implied that it might be a…",28311806(medline)|30743842(medline),0.6-0.85,0.6|0.85,"the body length of *Hypogastrura vernalis* is not explicitly stated. However, it is mentioned that *Hypogastrura satkosiaensis*, which is compared to *H. vernalis*, has a body length of 0.6–0.85 mm . This suggests that *H. vernalis* may have a similar size range, though this is an inference due to the absence of direct measurement for *H. vernalis*.",03AC87A5FFAA56373D878A23FD159C2B(plazi),marine_coastal|soil|grassland|synanthropic|sandy_dune,"*Hypogastrura vernalis* inhabits soil in olive gardens (*Olea europaea*), under oak, cypress trees, and grasslands in Iran . Additionally, it is noted that *H. gisini*, a closely related species, prefers sandy habitats on the shores of several seas including the Baltic Sea, Kattegat, North Sea, Black Sea, and Mediterranean Sea . However, specific details about the exact habitat preferences of *H.…",10.11646/zootaxa.5155.1.2(pmc)|10.11646/zootaxa.5275.1.1(pmc)
Hypogastrura viatica,Hypogastrura,Hypogastruridae,367843,species,algivore,algivore,"Hypogastrura viatica feeds on green algae, specifically Raphidocelis subcapitata, as indicated by the food preference experiments conducted in the study . Additionally, they may consume bark contaminated with imidacloprid, as demonstrated in dietary exposure studies . However, there is no explicit mention of other specific food sources beyond these examples.",16896776(medline)|37989986(medline),0.9-1.5,0.9|1.5,"the body length of *Hypogastrura viatica* is not explicitly stated. However, related species such as *Hypogastrura martiani* have a body length ranging from 0.9 to 1.5 mm . For precise measurements of *Hypogastrura viatica*, additional references would be required.",102AA927FFEEFF8CFDA8FD53BBBFFB0C(plazi),,"*Hypogastrura viatica* is a cosmopolitan species that prefers moist habitats . It is also noted to be resistant to salinity and adapted to regular flooding, often being found along the seacoast . Additionally, it has been recorded in various locations including South Africa and Antarctic regions such as Deception Island .",PMC8301111(pmc)|PMC3619962(pmc)|PMC4440272(pmc)
Isotoma anglicana,Isotoma,Isotomidae,247611,species,omnivore|algivore|fungivore|bacterivore|detritivore,omnivore,"Isotoma anglicana feeds on a wide variety of resources including leaf litter, fungi, bacteria, roots, and algae, which are common food sources for Collembola .",PMC12547479(pmc),,,,,grassland,"Isotoma anglicana is a species of springtail (Collembola), and it inhabits environments where nutrients are added, such as upland grasslands subjected to nutrient enrichment . However, specific details about its exact habitat preferences or geographic distribution are not explicitly mentioned in the given texts.",18257955(medline)
Isotoma caerulea,Isotoma,Isotomidae,308473,species,unknown,unknown,"Isotoma caerulea is not mentioned. However, there is mention of ""Shairella quadricostata"" feeding on the leaves of Hemiboea bicornuta . There is also reference to ""Altica caerulea,"" which may feed on Ludwigia . Since ""Isotoma caerulea"" is not explicitly discussed in the given sources, no specific diet can be confirmed from these texts.",82C415DFB2AD5548B1D30A8B6AAE60E4(plazi)|03CB6450FFA9F97F76A8CABDFD0B4A9A(plazi),,,"the body length of *Isotoma caerulea* is not explicitly stated. However, it is mentioned in the context of being one of the species listed in a detailed molecular database entry . For precise measurements, additional sources would be required.",PMC12547479(pmc),soil|grassland,"Isotoma caerulea is not mentioned. However, Molinia caerulea, which is referenced in source , inhabits wet meadows. This species was studied in relation to fungal colonization and soil microbial processes in transferred ecosystems. No specific details about the habitat of Isotoma caerulea are available in the given sources.",31202018(medline)
Isotoma riparia,Isotoma,Isotomidae,252253,species,unknown,unknown,there is no specific information indicating what *Isotoma riparia* feeds on. The sources describe taxonomic details and morphological characteristics but do not provide dietary information for this species .,03BB5233FF84FFCAE5DA664220C7FE63(plazi),,,"there is no specific mention of the body length of *Isotoma riparia*. The sources discuss taxonomic descriptions and genetic studies but do not provide morphometric details such as body length . Therefore, the body length of *Isotoma riparia* cannot be determined from the given information.",30313834(medline),,"Isotoma riparia is not directly mentioned. However, there is mention of Riparia riparia, which refers to a bird species, not an insect or another organism named Isotoma riparia. Therefore, the specific habitat of Isotoma riparia cannot be determined from the given sources.",28310404(medline)
Isotoma viridis,Isotoma,Isotomidae,187635,species,fungivore|algivore,fungivore,"*Isotoma viridis* exhibits a flexible diet that varies depending on the age of the substrate. On young substrates (3-year-old ground), it primarily consumes mineral particles, possibly supplemented by biofilm. As the substrate matures (up to 63 years old), *Isotoma viridis* transitions to becoming a typical fungal feeder . Additionally, its dietary preferences can be influenced by surrounding…",PMC7564799(pmc)|PMC8093729(pmc),,,"the body length of *Isotoma viridis* is not explicitly stated. However, it is mentioned that the body is ""uniformly coloured, without 3 longitudinal lines"" , which describes morphological characteristics rather than dimensions. Therefore, specific body length data for *Isotoma viridis* are lacking in the given sources.",03E5878DFFC6FFA3FFAEFE8983B5FBBF(plazi),leaf_litter|grassland|marine_coastal|soil|forest_wood|alpine_glacier,"*Isotoma viridis* inhabits soil and leaf litter in various environments such as pastureland and under oak trees in Iran . It is also found in forested areas, meadows, seashores, and alpine tundra across its Holarctic range .",721B6E0C8C3DFF82FF382185A8572438(plazi)|03E5878DFFC1FFA6FF5DFB9D87E0FA18(plazi)
Isotomiella minor,Isotomiella,Isotomidae,370032,species,detritivore,detritivore,"there is no explicit mention of what Isotomiella minor feeds on. However, it is noted that Ceratophysella denticulata feeds on organic matter in the soil . For Isotomiella minor, its ecological role and diet are not specified in the given texts. Therefore, the specific dietary preferences of Isotomiella minor cannot be determined from the available information .",PMC4947257(pmc),,,"the body length of *Isotomiella minor* is not explicitly mentioned. However, it is noted that there are differences in cold tolerance and potential correlations with body size among populations of this species . For more specific details on body length, additional research would be required.",42005799(medline),forest_wood|grassland|freshwater|synanthropic,"*Isotomiella minor* inhabits both natural and urban environments. It is found in natural habitats such as meadows, forests, and riparian zones . Additionally, populations of *I. minor* have been identified in urban areas, suggesting adaptability to human-altered environments .",42005799(medline)|29362535(medline)
Isotomiella paraminor,Isotomiella,Isotomidae,2905846,species,unknown,unknown,there is no specific information regarding the diet or feeding habits of *Isotomiella paraminor*. The sources describe morphological characteristics and taxonomic relationships within the genus *Isotomiella* but do not mention feeding behavior or food sources . Further research would be needed to determine the ecological niche and dietary preferences of this species.,742B3C56CCD5FC033FC6798E54B7D3EB(plazi)|7B29CC6AFFB2FFD1FBCD0DAAAC96F951(plazi)|B469D083FD389306D2FAD873E3ACCAFE(plazi)|03D787EF2736173916FFAD88FD56FECD(plazi)|03D787EF2734173816FFABD8FE9EFD0D(plazi),,,"there is no specific mention of the body length of *Isotomiella paraminor*. The sources discuss *Isotomiella minor* and general characteristics of Collembola, such as body size variations in response to environmental factors, but do not provide detailed measurements for *Isotomiella paraminor* , . Further research would be needed to determine this parameter.",42005799(medline)|34367606(medline),synanthropic,"Isotomiella minor is found in both natural and urban habitats. Natural populations of I. minor were found in colder environments, while urban populations were adapted to warmer conditions . However, specific details about the exact habitat of Isotomiella paraminor are not mentioned in the given sources.",42005799(medline)
Isotomodes trisetosus,Isotomodes,Isotomidae,1184818,genus,unknown,unknown,"there is no specific information regarding the diet of *Isotomodes trisetosus*. The sources describe its taxonomy, geographic distribution, and morphological characteristics but do not mention feeding habits . Further research would be needed to determine its dietary preferences.",D13B879DFFE3FF93FF45ECD6FDB0FA27(plazi),,,"there is no specific mention of the body length of *Isotomodes trisetosus*. The text refers to *Neoleptastacus trisetosus* (Mielke, 1982) being identified as a distinct species, but it does not provide any measurements or dimensions related to its body length . Therefore, the body length of *Isotomodes trisetosus* cannot be determined from the given source.",39646910(medline),,,
Isotomurus alticolus,Isotomurus,Isotomidae,36142,genus,unknown,unknown,there is no direct information about the diet of *Isotomurus alticolus*. The sources mention its presence in specific habitats and ecological contexts but do not specify feeding habits . Additional research would be needed to determine its dietary preferences.,PMC7564799(pmc)|10.11646/zootaxa.5147.1.1(pmc),,,"there is no specific mention of the body length of *Isotomurus alticolus*. The document discusses several species within the genus *Isotomurus*, including *Isotomurus hyrcanicus* sp. nov., *Isotomurus potapovi* sp. nov., and *Isotomurus katule* sp. nov., detailing their body lengths, but does not provide data for *Isotomurus alticolus*. Therefore, the body length of *Isotomurus alticolus* cannot…",10.11646/zootaxa.5230.1.3(pmc),forest_wood|grassland,"*Isotomurus alticolus* is associated with damp habitats, specifically forests and areas near water . This species is also found in grassland environments, indicating a preference for moist conditions .",10.11646/zootaxa.5230.1.3(pmc)|10.11646/zootaxa.4838.3.10(pmc)
Isotomurus antennalis,Isotomurus,Isotomidae,370027,species,unknown,unknown,"there is no specific information regarding the diet or feeding habits of *Isotomurus antennalis*. The available sources focus on taxonomic revisions, morphological characteristics, and distribution data rather than ecological preferences or food sources . Further research would be required to determine its dietary habits.",37044858(medline)|33056819(medline),1.3,1.3,"the body length of *Isotomurus antennalis* is not explicitly mentioned. However, related species within the genus *Isotomurus*, such as *Isotomurus hyrcanicus* sp. nov., have a body length of 1.3 mm . The absence of specific measurements for *Isotomurus antennalis* in the given sources means its exact body length cannot be determined from this information alone.",10.11646/zootaxa.5230.1.3(pmc),grassland|soil,*Isotomurus antennalis* inhabits the soil of grassland and meadow ecosystems in Iran . There is no additional detailed information about its global distribution or other specific ecological preferences beyond what is stated.,721B6E0C8C3DFF82FF382275AE002214(plazi)
Isotomurus balteatus,Isotomurus,Isotomidae,39401,species,unknown,unknown,"*Episyrphus balteatus* feeds on aphids, specifically *Aphis gossypii*, and also consumes other insects such as larvae of the fall armyworm (*Spodoptera frugiperda*) . Additionally, it lays eggs on host plants where aphids are present, as they feed on the host plant aphids previously selected by the mother .",35078216(medline)|12425047(medline),,,"there is no specific mention of the body length of *Isotomurus balteatus*. However, it is noted that *Episyrphus balteatus*, a hoverfly, has been studied in terms of developmental traits and behavior under varying day lengths . For precise body length measurements of *Isotomurus balteatus*, additional research or documentation would be required.",28726267(medline),leaf_litter|forest_wood,Isotomurus balteatus is found in forest leaf litter in Iran . The general distribution of this species is unclear and requires further revision .,721B6E0C8C3DFF82FF382571A9C22310(plazi)
Isotomurus cassagnaui,Isotomurus,Isotomidae,2083174,species,unknown,unknown,there is no specific information regarding the diet of *Isotomurus cassagnaui*. The sources describe morphological characteristics and taxonomic details of the species but do not mention feeding habits . Further studies would be required to determine its dietary preferences.,37044858(medline)|33056819(medline)|25661226(medline)|26624400(medline),,,"there is no specific mention of the body length of *Isotomurus cassagnaui*. The sources describe morphological characteristics such as color patterns, setae counts, and chaetotaxic features, but do not provide measurements related to body length . Therefore, the body length of *Isotomurus cassagnaui* cannot be determined from the available information.",37044858(medline),,,
Isotomurus gallicus,Isotomurus,Isotomidae,2083175,species,unknown,unknown,"there is no specific information about the diet of *Isotomurus gallicus*. The mentioned studies focus on ecological roles, isotopic analyses, and microbial communities associated with arthropods, but none directly address the feeding habits of *Isotomurus gallicus* . Therefore, the dietary preferences of this species cannot be determined from the given sources.",PMC8761369(pmc)|PMC7564799(pmc),11-14.6,11.0|14.6|11.0|14.6,"there is no specific mention of ""Isotomurus gallicus."" However, document refers to ""Bolbelasmus gallicus,"" which has a total body length of 11.0–14.6 mm. Therefore, if there was a confusion in the name, the body length for *Bolbelasmus gallicus* is 11.0–14.6 mm .",2F75BE40FFB4BE2FFE41FD4DFBAAF349(plazi),forest_wood,"there is no specific mention of the habitat of *Isotomurus gallicus*. The available information pertains to other species within the genus *Isotomurus*, such as *I. katule*, *I. palustris*, *I. afghanicus*, and *I. unifasciatus*, which inhabit damp habitats, forests, and areas near water . No data regarding *I. gallicus* is provided in the cited sources.",10.11646/zootaxa.5230.1.3(pmc)
Isotomurus graminis,Isotomurus,Isotomidae,1184803,species,unknown,unknown,"Isotomurus graminis is mentioned as feeding on Cyperaceae, similar to Antonina australis, and occasionally on Gramineae . However, no direct dietary information specifically about Isotomurus graminis itself is given in the sources.",405C8787FF8EFFA8DBE3FCE1FDE9FDD6(plazi),1.3,1.3,"the body length of *Isotomurus graminis* is not explicitly stated. However, related species within the genus *Isotomurus*, such as *Isotomurus hyrcanicus* sp. nov., have a body length of 1.3 mm . While this may provide an approximate idea, it does not directly indicate the body length of *Isotomurus graminis*.",10.11646/zootaxa.5230.1.3(pmc),grassland,"there is no specific mention of the habitat of *Isotomurus graminis*. However, related species like *Chrysolina graminis* inhabit areas with its host plant *Tanacetum vulgare*, such as meadows and other vegetated habitats . Without direct information on *Isotomurus graminis*, its habitat cannot be specified here.",17661088(medline)
Isotomurus maculatus,Isotomurus,Isotomidae,36143,species,omnivore|algivore|detritivore|fungivore|bacterivore,omnivore,"there is no direct information about the diet of *Isotomurus maculatus*. However, as a Collembola (springtail), it is likely to feed on decaying organic matter, algae, fungi, or bacteria, which are typical food sources for many springtail species .",10.11646/zootaxa.5230.1.3(pmc),,,"the body length of *Isotomurus maculatus* is not explicitly stated. However, it is noted that *Isotomurus maculatus* clusters with *Metisotoma macnamarai* in phylogenetic analyses . For precise body length measurements, additional data would be required.",PMC7748580(pmc),leaf_litter|soil|forest_wood,"*Isotomurus maculatus* inhabits along pods and puddles in forests , and it is found in soil and leaf litter in Iran . Additionally, it may occur in habitats affected by human activities .",10.11646/zootaxa.5230.1.3(pmc)|10.11646/zootaxa.5275.1.1(pmc)
Isotomurus palustris,Isotomurus,Isotomidae,36144,species,unknown,unknown,"there is no specific information regarding the diet or feeding habits of *Isotomurus palustris*. The available sources focus on taxonomy, geographic distribution, and ecological preferences rather than dietary information . Therefore, the feeding ecology of this species remains unspecified in the given context.",03C08371CC50FF9ABDBC2793FC7CFE75(plazi)|266B5D55F707FF95FF7EFB4943EEF859(plazi)|0D38B345FFBF1D05D952FC81335274F3(plazi)|03AA531A0F5F3530FF5858C8FC34A3FA(plazi),,,"there is no specific mention of the body length of *Isotomurus palustris*. The document discusses the morphology of *Isotomurus* species, including color patterns and setal counts, but does not provide body length measurements for *I. palustris*. Therefore, the body length of *Isotomurus palustris* cannot be determined from the given sources.",37044858(medline),,"*Isotomurus palustris* inhabits damp habitats . Additionally, it has been found in ruderal areas within polder habitats, where ecological flooding influences its community structure .",10.11646/zootaxa.5230.1.3(pmc)|PMC3131029(pmc)
Isotomurus plumosus,Isotomurus,Isotomidae,1410395,species,unknown,unknown,"there is no direct information about the diet of *Isotomurus plumosus*. The mentioned references discuss *Chironomus plumosus*, which is a dipteran fly, not a collembolan springtail. Therefore, the feeding habits of *Isotomurus plumosus* are not addressed in the given sources .",37044858(medline)|33056819(medline),1.92,1.92,the body length of *Isotomurus plumosus* is approximately 1.92 mm .,6C5787D6FFBEB46F6D0A6819FD1301A2(plazi),,"there is no direct mention of the habitat of *Isotomurus plumosus*. However, one document refers to *Trachypogon plumosus*, a tropical C4 grass found in wetter and more fertile habitats . It is important to note that *Isotomurus plumosus* and *Trachypogon plumosus* are distinct taxa, and thus the habitat information for *Trachypogon plumosus* cannot be assumed for *Isotomurus plumosus*.…",28312129(medline)
Isotomurus pseudopalustris,Isotomurus,Isotomidae,2926726,species,unknown,unknown,"there is no specific information about the feeding habits of *Isotomurus pseudopalustris*. The available sources describe morphological characteristics, genetic analysis, and ecological responses to environmental factors, but none mention the dietary preferences of this species . Further research would be needed to determine its food source.",37044858(medline)|33056819(medline)|21356127(medline)|15093010(medline)|35070508(medline),1.3,1.3,"the body length of *Isotomurus pseudopalustris* is not explicitly stated. However, it can be inferred that its body length is similar to closely related species such as *Isotomurus hyrcanicus sp. nov.*, which has a body length of 1.3 mm . No direct measurement for *Isotomurus pseudopalustris* is given in the sources.",10.11646/zootaxa.5230.1.3(pmc),soil|grassland,"the habitat of *Isotomurus pseudopalustris* is not explicitly stated. However, it is noted that *Isotomurus hyrcanicus* sp. nov., which is closely related to *I. pseudopalustris*, inhabits soil in rice fields . Since *I. pseudopalustris* shares some morphological similarities with *I. hyrcanicus* sp. nov., it may also inhabit similar environments, though this remains speculative without direct…",721B6E0C8C3DFF82FF382749AED221DB(plazi)
Isotomurus stuxbergi,Isotomurus,Isotomidae,1410388,species,unknown,unknown,"there is no specific information regarding the diet or feeding habits of *Isotomurus stuxbergi*. The sources primarily discuss taxonomy, distribution, and related species rather than ecological interactions or dietary preferences . Further research would be needed to determine its feeding behavior.",266B5D55F708FF9AFF7EFC7C458DFB4C(plazi)|266B5D55F708FF9AFF7EFB7246ADF985(plazi)|98E20638EF1752CFB92E71ADD92DFBF9(plazi)|266B5D55F707FF95FF7EFB4943EEF859(plazi),1.5,1.5,"the body length of *Isotomurus stuxbergi* is not explicitly mentioned. However, a related species, *Desoria calderonis*, has a mean body length of 1.5 mm . For *I. stuxbergi*, further specific measurements are required from dedicated studies.",10.5852/ejt.2021.787.1599(pmc),soil|grassland|freshwater|marine_coastal,"*Isotomurus stuxbergi* inhabits wet environments, specifically soil in rice fields in Iran . Additionally, it has been recorded from the shores of Lake Baikal and saline lakes in continental Asia . The species is associated with moist habitats such as muddy surfaces near water bodies .",PMC7256071(pmc)|10.11646/zootaxa.5275.1.1(pmc)|PMC6892962(pmc)
Isotomurus unifasciatus,Isotomurus,Isotomidae,48718,species,unknown,unknown,"there is no direct information about the diet of *Isotomurus unifasciatus*. However, it is mentioned that *Rhopaloscelis unifasciatus*, which appears to be a different species, feeds on the young and thin twigs or branches of various deciduous species . Therefore, we cannot infer the feeding habits of *Isotomurus unifasciatus* from this source.",9913649E787CEED9328D102A93E35A63(plazi),1.3-1.35,1.3|1.3|1.35,"the body length of *Isotomurus unifasciatus* is not directly stated. However, it can be inferred that the body length of *Isotomurus unifasciatus* is approximately 1.3 mm, as this value is mentioned alongside comparisons with *Isotomurus hyrcanicus* sp. nov. and *Isotomurus potapovi* sp. nov., which have lengths of 1.3 mm and 1.35 mm respectively .",03C54558BD24FFF01498FF270CE8F954(plazi),,,
Kalaphorura paradoxa,Kalaphorura,Onychiuridae,187649,species,unknown,unknown,"Kalaphorura paradoxa is mentioned in the context of being a collembolan species, but there is no specific information regarding its diet or feeding habits. The references primarily discuss species diversity and distribution rather than ecological interactions or dietary preferences . Therefore, the available sources do not provide details on what Kalaphorura paradoxa feeds on.",PMC4467183(pmc)|10.11646/zootaxa.5182.5.3(pmc),,,"there is no mention of the body length of *Kalaphorura paradoxa*. The sources discuss various organisms named ""paradoxa,"" such as *Protopterus aethiopicus*, *Pe. paradoxa*, *Bursera paradoxa*, *Cyanophora paradoxa*, and *Vitellaria paradoxa*, but none refer to *Kalaphorura paradoxa* or its body length .",36895049(medline)|29219044(medline)|41858504(medline)|17897412(medline)|33365563(medline),freshwater,"there is no specific mention of the habitat of *Kalaphorura paradoxa*. However, if this is a typographical error and you meant *Cyanophora paradoxa*, it is noted that this organism has a peculiar habitat, though the exact details are not specified in the source text . For other species named *paradoxa* such as *Perissoneura paradoxa* and *Luispenaia paradoxa*, their habitats include aquatic…",14086136(medline)
Lathriopyga longiseta,Lathriopyga,Neanuridae,106924,species,bacterivore|predator,bacterivore,"Lathriopyga longiseta is mentioned in relation to environmental factors affecting rotifer communities, but there is no direct information about its diet. However, it is noted that certain rotifer species, like K. quadrata and T. longiseta, are associated with changes in chlorophyll-a levels, suggesting possible links to phytoplankton or other microorganisms . For precise dietary information on…",PMC3705949(pmc),,,"there is no information regarding the body length of *Lathriopyga longiseta*. The term ""longiseta"" appears in several contexts related to different taxa, but none pertain to *Lathriopyga longiseta* or its physical characteristics .",26473226(medline)|17168378(medline)|27701290(medline)|15912953(medline)|34810486(medline),marine_coastal,"Lathriopyga longiseta is not mentioned. However, Fortuynia longiseta was found in littoral environments of the Maldives and Singapore, specifically in intertidal zones . If there is confusion between Lathriopyga and Fortuynia genera, it would be necessary to clarify as they are different genera within Acari: Oribatida.",26249083(medline)
Lepidocyrtus cyaneus,Lepidocyrtus,Lepidocyrtidae,247612,species,unknown,unknown,"there is no specific information regarding the diet or feeding habits of *Lepidocyrtus cyaneus*. The sources describe taxonomic details, distribution, and morphological characteristics but do not mention ecological interactions such as food sources . Further research would be needed to determine its dietary preferences.",03DEAA2DFFA3503E16AD564FFE7DFD73(plazi)|266B5D55F712FF80FF7EFB944506FA25(plazi)|266B5D55F712FF81FF7EF9534577FE1A(plazi)|A90387B3FFB6FFBFFF11F944FB455554(plazi),,,"there is no specific mention of the body length of *Lepidocyrtus cyaneus*. The sources discuss various aspects of *Lepidocyrtus* species, such as taxonomy, morphology, and genetic analysis, but none provide measurements related to body length for *Lepidocyrtus cyaneus* .",14629361(medline)|26624705(medline)|42408953(medline)|42407751(medline)|26624165(medline),grassland,"*Lepidocyrtus cyaneus* inhabits grassland areas, specifically mentioned as being found in a ""grassland"" habitat . Additionally, it has been observed in environments affected by ecological flooding, indicating its presence in moist or flooded grasslands . It is also noted in studies related to spoil tips and surrounding environments, suggesting adaptability to various terrestrial habitats .",PMC7290404(pmc)|PMC6117009(pmc)|PMC6305484(pmc)
Lepidocyrtus fimetarius,Lepidocyrtus,Lepidocyrtidae,2583952,species,unknown,unknown,"there is no specific information regarding the diet or feeding habits of **Lepidocyrtus fimetarius**. The sources mention its classification, geographic distribution, and genetic data but do not describe its food source . Therefore, the dietary preferences of this species remain unspecified in the given context.",PMC9864308(pmc)|PMC10838177(pmc)|PMC10823885(pmc)|PMC10193586(pmc),,,"there is no specific mention of the body length of *Lepidocyrtus fimetarius*. The sources discuss genetic sequences, phylogenetic relationships, and taxonomic positions but do not provide morphological measurements such as body length .",PMC10823885(pmc)|PMC9366459(pmc)|PMC10193586(pmc)|PMC7824276(pmc)|10.11646/zootaxa.5604.3.1(pmc),soil|cave,"Lepidocyrtus fimetarius is noted as the earliest-diverging member of Entomobryoidea, but specific habitat details for this species are not explicitly mentioned in the texts. However, it is implied that some members of its subfamily, Lepidocyrtinae, may have adapted to belowground habitats, suggesting potential subterranean or soil-dwelling behavior . Further detailed ecological studies would be…",PMC9366459(pmc)
Lepidocyrtus lanuginosus,Lepidocyrtus,Lepidocyrtidae,186250,species,unknown,unknown,"there is no specific information regarding the diet of *Lepidocyrtus lanuginosus*. The sources describe its taxonomy, geographic distribution, and morphological characteristics but do not mention feeding habits . Further research would be needed to determine its dietary preferences.",03AA531A0F42352DFFA858EDFACAA356(plazi)|FB3F87CFF07AD93F465EF293DDA30D94(plazi)|A90387B3FFBDFFBEFF11FEC2FF515654(plazi)|A90387B3FFB4FFBCFF11FF32FC66528E(plazi)|A90387B3FFB6FFBFFF11F944FB455554(plazi),,,"there is no specific mention of the body length of *Lepidocyrtus lanuginosus*. The sources discuss various aspects of *Lepidocyrtus* taxonomy, morphology, and distribution but do not provide measurements related to *Lepidocyrtus lanuginosus* . Therefore, the body length cannot be determined from the available information.",26624705(medline)|42408953(medline)|42407751(medline)|26624165(medline),leaf_litter|soil|forest_wood|grassland,*Lepidocyrtus lanuginosus* inhabits forest soil and leaf litter in Iran . It has been specifically recorded from soil under oak trees (*Quercus castaneifolia*) and yarrow plants (*Achillea pachycephala*) as well as alfalfa fields .,721B6E0C8C30FF8FFF3824DDAE5920E1(plazi)|03E5878DFFC8FFAFFFAEF93285D0F797(plazi)
Lepidocyrtus lignorum,Lepidocyrtus,Lepidocyrtidae,707889,species,unknown,unknown,"there is no specific information regarding the diet of *Lepidocyrtus lignorum*. The sources describe taxonomic details, morphological characteristics, and phylogenetic relationships within the genus *Lepidocyrtus*, but none mention feeding habits or food sources . Further research would be required to determine the ecological niche and dietary preferences of this species.",A2620B55FFE2FFF9FF6CFF19FD5A8723(plazi)|03FB87C87F20FF82D79C66CAFB6D2BC5(plazi)|266B5D55F713FF81FF7EFA33450CF8EA(plazi)|039A87B5FFEF0E11FC02FA95FB8EF875(plazi)|9A39156EFFFD5405FF579A508022AD76(plazi),1.5,1.5,the body length of *Lepidocyrtus lignorum* is approximately 1.5 mm . This measurement refers to the maximum body length.,9A39156EFFFD5405FF579A508022AD76(plazi),marine_coastal,"Lepidocyrtus lignorum inhabits marine environments where it bore into wood, as indicated by the association of its microflora with wood from its burrows . This suggests that L. lignorum's habitat includes submerged or damp wooden structures in marine settings. No other specific habitat details are provided in the given sources.",16345871(medline)
Lepidocyrtus pallidus,Lepidocyrtus,Lepidocyrtidae,186254,species,unknown,unknown,"Lepidocyrtus pallidus is not explicitly stated to have a specific diet. However, one document mentions that *Lysitermus pallidus* (not *Lepidocyrtus pallidus*) is a parasitoid of the larvae of *Drepanocampa laichartingella*, suggesting potential parasitic relationships for similar species . No direct feeding habits for *Lepidocyrtus pallidus* are detailed in the given sources.",D3A25B4C669B598899DDB3B344CA857E(plazi),,,"there is no specific mention of the body length of *Lepidocyrtus pallidus*. The sources discuss various species of *Lepidocyrtus*, including diagnostic characters, new records, and taxonomic descriptions, but none provide measurements or body lengths for *Lepidocyrtus pallidus* . Therefore, the body length of *Lepidocyrtus pallidus* cannot be determined from the available information.",26624705(medline)|42408953(medline)|42407751(medline)|26624165(medline),synanthropic|soil,"*Lepidocyrtus pallidus* is associated with humanized environments. It has been found in various habitats such as flowerpots in a house in Finland, factories of cork agglomerates in Portugal, compost and indoor flowerpots in Finland, garden compost in the USA, plant soil in Norway, and soil of highly humanized areas in China .",553A87DDFF81FFC7DCB6FF405C353D79(plazi)
Lepidocyrtus paradoxus,Lepidocyrtus,Lepidocyrtidae,49179,species,unknown,unknown,"there is no specific information regarding the diet or feeding habits of *Lepidocyrtus paradoxus*. The sources mention its presence in various habitats such as meadows, forests, and grasslands but do not detail its food source . Further research would be needed to determine its dietary preferences.",PMC3131029(pmc)|PMC7290404(pmc)|10.11646/zootaxa.5147.1.1(pmc),1,1.0|1.0,"the body length of *Lepidocyrtus paradoxus* is not explicitly stated. However, it is mentioned that *Lepidocyrtus apicalis* has a body length less than 1 mm . For *Lepidocyrtus tomosvaryi*, the maximum body length is noted as 1.0 mm . These details do not directly provide the body length of *Lepidocyrtus paradoxus*. Therefore, the specific body length of *Lepidocyrtus paradoxus* cannot be…",03EF87B89823FF9CAFA8D68EFA4DC6EF(plazi)|886F87EC37099F07FF10FEA623DB619A(plazi),,"there is no specific information about the habitat of *Lepidocyrtus paradoxus*. The term ""paradoxus"" appears in the context of *Solenodon paradoxus*, which refers to a different organism, a solenodon, not a springtail. Therefore, the query might involve a misidentification or mix-up between species names. No data on *Lepidocyrtus paradoxus* habitat is available in the given sources.",03EA87B2FF9CFFC9FF26FBABFCE99DBB(plazi)
Lepidocyrtus ruber,Lepidocyrtus,Lepidocyrtidae,49178,genus,unknown,unknown,"Lepidocyrtus ruber is a springtail (Collembola) and there is no direct mention of its diet. However, Lineus ruber, a marine ribbon worm, feeds on the annelid Platynereis dumerilii . It is important to note that Lineus ruber and Lepidocyrtus ruber are distinct taxa belonging to different phyla (Nemertea vs. Collembola), thus their dietary habits are unrelated .",PMC4584431(pmc),,,"the body length of *Lepidocyrtus ruber* is not explicitly stated. However, it is mentioned alongside other species in comparative contexts, such as being part of a group with shared characteristics . For precise measurements, additional references would be needed.",039A87B5FFE00E15FCBAF917FA8AFB77(plazi),soil,Lepidocyrtus ruber inhabits soil environments in Iran . There is no additional specific habitat detail provided beyond this general description.,721B6E0C8C30FF8FFF3827FDA9A62199(plazi)
Lepidocyrtus violaceus,Lepidocyrtus,Lepidocyrtidae,707891,species,unknown,unknown,"there is no specific information regarding the diet or feeding habits of *Lepidocyrtus violaceus*. The available sources focus on taxonomy, morphology, and distribution rather than ecological interactions or dietary preferences . Further research would be needed to determine the feeding ecology of this species.",27615681(medline)|42408953(medline),,,"the body length of *Lepidocyrtus violaceus* is not explicitly mentioned. However, it is noted that *L. violaceus* is part of the *lignorum*-group, which includes several closely related species with similar morphological characteristics . Further details about its body length would require additional specific measurements from taxonomic studies or morphometric analyses.",10.11646/zootaxa.5270.2.7(pmc),freshwater|alpine_glacier,"Lepidocyrtus violaceus inhabits small to medium-sized mountain streams, specifically clinging to logs and woody debris at elevations above 1500 m in the Mira Andes .",B43B879AFFF2FFF2D794FF01FC3CFE3E(plazi)
Lepidocyrtus weidneri,Lepidocyrtus,Lepidocyrtidae,2041946,species,fungivore|algivore,fungivore,"there is no specific mention of the diet of *Lepidocyrtus weidneri*. However, related species such as *Lepidocyrtus lignorum* are noted to transition from feeding on mineral particles and biofilms to becoming typical fungal feeders over time . It is possible that *Lepidocyrtus weidneri* exhibits similar dietary preferences, though this requires direct evidence from studies focusing on this…",PMC7564799(pmc),1,1.0,"the body length of *Lepidocyrtus weidneri* is not explicitly stated. However, it can be inferred that *L. weidneri* has a similar body size to related species such as *L. pallidus*, which is typically around 1.0 mm in maximum body length . For precise measurements, additional specific references would be required.",553A87DDFF81FFC7DCB6FF405C353D79(plazi),agricultural,"there is no specific mention of the habitat of *Lepidocyrtus weidneri*. However, related species such as *Lepidocyrtus rapitalai* are found in agricultural lands like vineyards and olive orchards in Sicily . For precise habitat details of *Lepidocyrtus weidneri*, additional sources would be required.",37044746(medline)
Lipothrix lubbocki,Lipothrix,Sminthuridae,1387126,species,unknown,unknown,there is no specific information regarding the diet of *Lipothrix lubbocki*. The sources mention its taxonomy and geographic distribution but do not describe feeding habits . Further research would be needed to determine its dietary preferences.,4F034B6EFFB0357DDBA8F8903D39FCE2(plazi),,,,,,,
Marisotoma canaliculata,Marisotoma,Isotomidae,,,unknown,unknown,"there is no direct mention of what *Marisotoma canaliculata* feeds on. However, one document refers to *Drusilla canaliculata*, which is a type of rove beetle, not *Marisotoma canaliculata*. Therefore, the specific dietary habits of *Marisotoma canaliculata* are not addressed in the given sources .",18279565(medline),,,"there is no specific mention of the body length of *Marisotoma canaliculata*. However, related species such as *Drusilla canaliculata* and *Torodora canaliculata* are discussed, though their body lengths are not specified here . Therefore, the body length of *Marisotoma canaliculata* cannot be determined from the given sources.",39452132(medline)|39991530(medline),,"there is no specific information about the habitat of *Marisotoma canaliculata*. The term ""canaliculata"" appears in the names of several different species across various taxonomic groups, but none of the cited sources directly address the habitat of *Marisotoma canaliculata* .",03CC87B7FFE1FFD6FF2DFB75A472687D(plazi)|3D2D8793D40FF720FF02314302E73384(plazi)|C5657B52FFFCB37344D1FCA8CD020DEE(plazi)|E177585FC61D1B2FFF3CF96AFF65FF0E(plazi)|793021BC2ED3337F9F6D091DB02B729D(plazi)
Megalothorax carpaticus,Megalothorax,Neelidae,438499,genus,unknown,unknown,"there is no specific information regarding the diet or feeding habits of *Megalothorax carpaticus*. The sources describe its morphology, taxonomy, and habitat but do not mention its food source . Further research would be needed to determine its dietary preferences.",ADEE91046267A35124EC122FCB879B3F(plazi)|2DB6BA5AC5D079424DF75AD2C74C893A(plazi)|03E087E3FFA6FFE1409CF923FDC1FE4C(plazi),0.2-0.7,0.2|0.7,"0.2 to 0.7 mm is cited as the body length range for the genus Megalothorax, which includes Megalothorax carpaticus . However, no specific body length is directly given for Megalothorax carpaticus in the sources .",PMC4740829(pmc)|10.3897/subtbiol.40.69808(pmc)|10.11646/zootaxa.5590.2.3(pmc)|10.11646/zootaxa.5188.4.6(pmc)|PMC3428700(pmc),cave,"there is no specific information about the habitat of *Megalothorax carpaticus*. The document discusses *Megalothorax dobsinensis* and its habitat in a cold environment at Dobinsk Ice Cave, Slovakia, but does not mention *Megalothorax carpaticus* .",31716965(medline)
Megalothorax hipmani,Megalothorax,Neelidae,438499,genus,unknown,unknown,"there is no explicit information about the diet of *Megalothorax hipmani*. The sources discuss morphological characteristics and phylogenetic relationships within the genus *Megalothorax* but do not specify feeding habits ,. Further research would be needed to determine the specific dietary preferences of this species.",PMC4740829(pmc)|10.11646/zootaxa.5318.4.2(pmc),,,"the body length of *Megalothorax hipmani* is not explicitly stated. However, it is mentioned that *Megalothorax hipmani* differs from *M. draco* by having 3+3 teeth on retinaculum and 3+3 manubrial chaetae, among other characteristics . For precise body length measurements, additional references would be required.",03E087E3FFACFFFC409CFFD7FE0CFE69(plazi),cave,"there is no specific information about the habitat of *Megalothorax hipmani*. The document discusses *Megalothorax dobsinensis* sp. n., which inhabits a cold habitat at the entrance of Dobinsk Ice Cave, Slovakia, along an inverted temperature gradient . Information about *Megalothorax hipmani* is not included in the given sources.",31716965(medline)
Megalothorax incertus,Megalothorax,Neelidae,2579793,species,omnivore|algivore|detritivore|fungivore,omnivore,"there is no direct information about the diet of *Megalothorax incertus*. However, as a member of the order Collembola (springtails), it is likely that *Megalothorax incertus* feeds on decaying organic matter, fungi, or algae, which are typical food sources for many springtail species .",37518265(medline),0.7,0.7,the body length of *Megalothorax incertus* varies between 0.2 and 0.7 mm .,10.11646/zootaxa.5590.2.3(pmc),cave,"there is no direct mention of the habitat of *Megalothorax incertus*. However, it is noted that *Megalothorax dobsinensis* sp. n. inhabits a cold habitat along an inversed temperature gradient at the cave entrance of Dobinsk Ice Cave, Slovakia . This suggests that *Megalothorax incertus* may have a different habitat, as it is not specifically mentioned in relation to this location or any other…",31716965(medline)
Megalothorax minimus,Megalothorax,Neelidae,438500,species,predator|bacterivore,predator,"$Megalothorax minimus$ is associated with sediment and has potential interactions within the food web, but specific dietary preferences are not directly stated. However, it is mentioned that some Collembola species, which might include $Megalothorax minimus$, may feed on bacteria or bacterial feeding nematodes . Additionally, in a subterranean ecosystem, $Megalothorax minimus$ is part of the…",PMC7925651(pmc)|PMC8328430(pmc),,,"there is no specific mention of the body length of *Megalothorax minimus*. However, it is noted that *Megalothorax* species exhibit various morphological traits, including differences in body size depending on their ecological niche, such as troglobiotic adaptations . For precise measurements related to *Megalothorax minimus*, additional studies or references would be required.",25112769(medline),leaf_litter|soil|grassland,"*Megalothorax minimus* inhabits the soil of alfalfa fields in Iran . It is also noted to occur in soil and leaf litter under various tree types in Iran, including Persian ironwood, pine trees, and dead timber . The species has a cosmopolitan distribution .",721B6E0C8C27FF98FF38261DAF5F21FD(plazi)|721B6E0C8C26FF99FF382184A8FB27A9(plazi)
Megalothorax perspicillum,Megalothorax,Neelidae,1381478,species,detritivore,detritivore,"there is no explicit mention of the diet or feeding habits of *Megalothorax perspicillum*. The sources describe its morphology, taxonomy, and ecological habitat, noting that it inhabits soil and leaf litter under certain plants in Iran and possibly other regions . However, specific dietary preferences are not detailed in the given texts.",10.11646/zootaxa.5275.1.1(pmc),0.2-0.7,0.2|0.7,"the body length of *Megalothorax perspicillum* is not explicitly stated. However, it is mentioned that specimens identified as *M. cf. perspicillum* differ from the original description by having serrated labral a1 chaetae, suggesting that *M. perspicillum* may share similar characteristics with other described species in the genus, such as *Megalothorax minimus*, which has a body length ranging…",10.11646/zootaxa.5590.2.3(pmc),cave,"there is no specific information about the habitat of *Megalothorax perspicillum*. The document discusses *Megalothorax dobsinensis* found in a cold habitat at Dobinsk Ice Cave, Slovakia, but does not mention *Megalothorax perspicillum* or its habitat .",31716965(medline)
Megalothorax sanctistephani,Megalothorax,Neelidae,3394313,species,unknown,unknown,"there is no specific information regarding the diet or feeding habits of *Megalothorax sanctistephani*. The sources describe its distribution, morphological characteristics, and ecological preferences but do not mention its food source .",752287812A4CF97B2EFB8CFAFEE9AF77(plazi),,,"there is no specific mention of the body length of *Megalothorax sanctistephani*. The descriptions focus on morphological features such as claws, unguis, tenaculum, ventral tube, and ecological findings, but not on overall body dimensions . Therefore, the body length cannot be determined from the given sources.",752287812A4CF97B2EFB8CFAFEE9AF77(plazi),soil|cave,"*Megalothorax sanctistephani* is associated with soil environments rather than subterranean or cave habitats. It has been found in areas with poor organic soil, such as in Vienna and Paris, where it does not exhibit typical troglobitic adaptations like increased body size or elongated claws . This suggests that its primary habitat is terrestrial soils, not caves or underground environments.",10.11646/zootaxa.5590.2.3(pmc)
Megalothorax svalbardensis,Megalothorax,Neelidae,1381479,species,unknown,unknown,"there is no specific information regarding the diet or feeding habits of *Megalothorax svalbardensis*. The sources discuss morphology, taxonomy, and geographic distribution of various *Megalothorax* species but do not mention feeding behavior or food sources for any particular species. Therefore, the dietary preferences of *Megalothorax svalbardensis* cannot be determined from the available…",37044660(medline)|26877679(medline)|37518265(medline)|27110149(medline)|40173943(medline),,,"there is no specific mention of the body length of *Megalothorax svalbardensis*. The sources discuss various aspects of morphology, such as chaetotaxy, sensillar apparatus, and troglomorphic traits, but do not provide measurements related to body length for this particular species .",42407740(medline)|26877679(medline)|25112769(medline)|40173943(medline),cave,"there is no specific mention of the habitat of *Megalothorax svalbardensis*. The document discusses *Megalothorax dobsinensis* found in a cold habitat at Dobinsk Ice Cave, Slovakia, but does not provide information about *Megalothorax svalbardensis* . Therefore, the habitat of *Megalothorax svalbardensis* cannot be determined from the given sources.",31716965(medline)
Megalothorax tatrensis,Megalothorax,Neelidae,438499,genus,unknown,unknown,"there is no specific information regarding the diet or feeding habits of *Megalothorax tatrensis*. The sources discuss the morphology, taxonomy, and geographic distribution of various *Megalothorax* species but do not mention dietary preferences . Further research would be needed to determine the feeding ecology of this particular species.",37044660(medline)|26877679(medline)|37518265(medline)|27110149(medline)|40173943(medline),0.2-0.7,0.2|0.7,"the body length of *Megalothorax tatrensis* is not explicitly stated. However, it belongs to a genus where body lengths typically vary between 0.2 to 0.7 mm . Additional specific measurements for *Megalothorax tatrensis* would require direct reference to detailed taxonomic studies .",PMC4740829(pmc)|10.11646/zootaxa.5188.4.6(pmc)|25112769(medline),cave,"there is no specific mention of the habitat of *Megalothorax tatrensis*. The document discusses *Megalothorax dobsinensis* and its habitat in a cold environment at Dobinsk Ice Cave, Slovakia, but does not provide information about *Megalothorax tatrensis* .",31716965(medline)
Megalothorax willemi,Megalothorax,Neelidae,1381480,species,unknown,unknown,"there is no explicit information regarding the diet of *Megalothorax willemi*. The sources discuss its taxonomy, distribution, and genetic analysis but do not mention feeding habits . Further research would be needed to determine its dietary preferences.",PMC12547479(pmc)|PMC4740829(pmc)|10.11646/zootaxa.5318.4.2(pmc)|PMC10230187(pmc)|10.11646/zootaxa.5188.4.6(pmc),,,"there is no specific mention of the body length of *Megalothorax willemi*. The sources discuss various aspects of morphology, such as chaetotaxy, troglomorphy, and the presence of a ""nose,"" but they do not provide measurements related to body length for this particular species .",42407740(medline)|26877679(medline)|25112769(medline)|40173943(medline),soil|forest_wood,"*Megalothorax willemi* is recorded from forest soils under Persian ironwood, pine, and oak trees in Iran . This species has also been documented in France , suggesting a broader ecological range that includes temperate forest environments. The specific habitat details are primarily derived from Iranian records, indicating its association with forested areas.",10.11646/zootaxa.5318.4.2(pmc)|10.11646/zootaxa.5275.1.1(pmc)
Megaphorura arctica,Megaphorura,Onychiuridae,1071257,species,unknown,unknown,"there is no specific information about the diet of *Megaphorura arctica*. The sources discuss aspects such as lipid composition, gene expression, microbiomes, and survival strategies under extreme conditions, but none mention the feeding habits of this species , , , , . Further research would be required to determine its dietary preferences.",PMC12003445(pmc)|PMC4383654(pmc)|PMC12860762(pmc)|PMC2726227(pmc)|PMC7033094(pmc),,,the body length of *Megaphorura arctica* is not specified. The sources discuss the survival strategies and molecular mechanisms of this species but do not provide measurements related to its body size .,PMC7033094(pmc)|PMC2726227(pmc)|10.11646/zootaxa.5182.5.3(pmc),marine_coastal|alpine_glacier|moss_lichen,"Megaphorura arctica inhabits the northern parts of the Palaearctic region, specifically along sea shores, in decaying seaweed of the supra-littoral zone, under stones, and in moss below bird colonies . It is also found in proglacial areas near receding glaciers in the High Arctic .",PMC7033094(pmc)|PMC7240498(pmc)
Mesaphorura florae,Mesaphorura,Tullbergiidae,187655,genus,omnivore|detritivore|fungivore|bacterivore,omnivore,"Mesaphorura florae is described as an ""Opportunist Pioneer"" and ""Shrub preferring"" species, suggesting it may feed on organic matter associated with shrubs, possibly including leaf litter, fungi, and bacteria, which are common food sources for Collembola . However, specific dietary preferences for this species are not explicitly detailed in the given sources.",PMC6305484(pmc),,,"the body length of *Mesaphorura florae* is not explicitly stated. However, in source , it is listed under ""MSFL"" which might refer to its classification or characteristics but does not provide specific measurements . Additional details about its body length are not available in the given texts , , , .",10.3897/subtbiol.40.69808(pmc)|PMC6305484(pmc)|PMC4467183(pmc)|PMC6858819(pmc)|10.11646/zootaxa.5092.5.2(pmc),soil|grassland,"Mesaphorura florae is associated with shrub areas and meadows, showing preference for these habitats . It has also been recorded in various locations across Moldova, including branny soils and calcareous canyons , .",PMC5769716(pmc)|PMC4467183(pmc)|PMC6305484(pmc)
Mesaphorura hylophila,Mesaphorura,Tullbergiidae,3158774,species,unknown,unknown,"there is no specific information regarding the diet or feeding habits of *Mesaphorura hylophila*. The sources primarily focus on taxonomy, distribution, and molecular data rather than ecological interactions or dietary preferences . Further research would be needed to determine its feeding behavior.",PMC12547479(pmc)|PMC5672563(pmc)|10.25674/So94iSS1id179(pmc)|10.11646/zootaxa.5222.5.5(pmc)|10.11646/zootaxa.5275.1.1(pmc),0.4,0.4,there is no specific mention of the body length of *Mesaphorura hylophila*. The smallest springtail mentioned is *Mesaphorura sylvatica* with a body length of 400 μm . Information about *Mesaphorura hylophila* is not included in the given sources.,31741793(medline),freshwater|marine_coastal,"there is no specific mention of the habitat of *Mesaphorura hylophila*. However, related species such as *Mesaphorura critica* were found in riparian zones, including habitats near rivers and lakes in northern Moldova . If you meant *Mesaphorura critica*, it prefers moist environments like river sections with quiet backwaters and natural shores . Please confirm the correct species name for more…",29362535(medline)
Mesaphorura krausbaueri,Mesaphorura,Tullbergiidae,3158775,species,unknown,unknown,there is no specific information regarding the diet of *Mesaphorura krausbaueri*. The sources mention the presence of this species in certain habitats but do not describe its feeding habits . Further research would be needed to determine its dietary preferences.,015C614EF409FF9D5C94F895061FFCBA(plazi),,,"the body length of *Mesaphorura krausbaueri* is not explicitly mentioned. However, it is noted that *Mesaphorura krausbaueri* showed an exception in response to CO₂ enrichment, where its abundance decreased but body size increased, potentially compensating for the reduction in numbers . For specific body length details, further research would be required.",23202633(medline),soil,"Mesaphorura krausbaueri is found in soil habitats . It has a cosmopolitan distribution . In some regions, such as South Africa, older records of this species may be unreliable due to taxonomic revisions .",10.11646/zootaxa.5275.1.1(pmc)|PMC4440272(pmc)
Mesaphorura macrochaeta,Mesaphorura,Tullbergiidae,2651973,species,unknown,unknown,"there is no specific information regarding the diet of *Mesaphorura macrochaeta*. The sources mention its presence in various environments and its behavior related to pollutant avoidance, but they do not describe its feeding habits . Further research would be needed to determine its dietary preferences.",23438196(medline)|16112312(medline)|29362535(medline)|36234404(medline),0.6-0.8,0.6|0.8,the body length of *Mesaphorura macrochaeta* is reported as 0.6 to 0.8 mm .,PMC9565337(pmc),freshwater,"Mesaphorura macrochaeta is found abundantly on the river bank in the riparian area of northern Moldova, specifically in the region referred to as ""Brani te"" . This indicates that its habitat includes the river bank environment. No further details about specific microhabitats within the river bank are given in the source.",29362535(medline)
Mesaphorura simplex,Mesaphorura,Tullbergiidae,187655,genus,unknown,unknown,"there is no specific information about the diet of *Mesaphorura simplex*. The text mentions that *Tullbergia simplex* is included in the genus *Mesaphorura* on a website, but it notes that this classification might be incorrect due to similarities with other species . Therefore, feeding habits are not discussed in the given sources.",266B5D55F763FFF1FF7EFC9E450CFB93(plazi),,,"there is no specific mention of the body length of *Mesaphorura simplex*. The sources list *Mesaphorura yosii* as part of the family Tullbergiidae within the suborder Poduromorpha , but do not provide any measurements or details regarding its body length. Therefore, the body length of *Mesaphorura simplex* cannot be determined from the given information.",PMC7824276(pmc),moss_lichen,"Mesaphorura simplex is part of the family Tullbergiidae and is noted to inhabit moss on trees in Iran . However, specific details about its habitat beyond this general description are not provided in the given sources.",10.11646/zootaxa.5275.1.1(pmc)
Mesogastrura libyca,Mesogastrura,Hypogastruridae,2976467,genus,unknown,unknown,"there is no specific information regarding the diet or feeding habits of *Mesogastrura libyca*. The available sources discuss taxonomic classifications, genetic studies, and morphological features of *Mesogastrura* species, but none provide details about their dietary preferences . Further research would be needed to determine the feeding ecology of this species.",10.11646/zootaxa.5222.4.2(pmc),,,"there is no information regarding the body length of *Mesogastrura libyca*. The mentioned document discusses two species of *Mesogastrura* found in Korean caves, but does not mention *M. libyca* or its body length. Document refers to helminth fauna in Somalia and does not provide details about *Mesogastrura libyca* either. Therefore, the body length of *Mesogastrura libyca* cannot be determined…",37044521(medline)|9257339(medline),,"Mesogastrura libyca is not explicitly mentioned. However, ""libyca"" appears in the context of several species associated with Libya, such as Volutaria crupinoides , Anas moschata , and Ictonyx libycus . These species are typically found in desert or arid regions. Therefore, it can be inferred that Mesogastrura libyca may also inhabit similar environments, though this is speculative without direct…",03896378FEE4FEADFF3790A3C61DF9B2(plazi)|AD1D9DC4E4210E90B55CD0B21748B43A(plazi)|038F87D4CA42FFADCFED3AA8F5A9F3E7(plazi)
Metaphorura affinis,Metaphorura,Tullbergiidae,2041947,species,unknown,unknown,"Metaphorura affinis is mentioned in relation to feeding habits indirectly through its association with certain plant species. Specifically, Chalcosia affinis, which is different from Metaphorura affinis, is noted to feed on Symplocos spicata (Symplocaceae) in India . However, there is no direct information about the diet of Metaphorura affinis in the given sources. Therefore, the specific food…",03C33B14FFC8E74C1F91FBEE57AE2A0D(plazi),,,"there is no mention of the body length of *Metaphorura affinis*. The term ""affinis"" appears in the names of several different organisms, none of which are identified as *Metaphorura affinis* in the given sources. Therefore, the body length of *Metaphorura affinis* cannot be determined from the provided information.",25945638(medline),forest_wood,"Metaphorura affinis is not directly mentioned. However, related species such as Ixodes affinis are noted to inhabit mixed pine-hardwood forests with an herbaceous understory in Virginia . For other species like Gonopsis affinis, suitable habitats are influenced by climatic factors such as precipitation of the warmest quarter and minimum temperature of the coldest month . Without specific…",29030315(medline)|37559554(medline)
Metaphorura denisi,Metaphorura,Tullbergiidae,187658,species,fungivore|bacterivore,fungivore,"Metaphorura denisi's diet is not explicitly mentioned. However, related species within the family Poduromorpha, such as Ceratophysella sp., are known to primarily acquire nitrogen by feeding on microorganisms, particularly fungi . It is possible that Metaphorura denisi also feeds on microorganisms or plant material, given the general feeding habits of Poduromorpha . Further specific research…",PMC8093729(pmc),,,"there is no specific mention of the body length of *Metaphorura denisi*. The sources discuss various Collembola species, including *Metaphorura* and other genera, but do not provide detailed morphological measurements for *Metaphorura denisi* . Therefore, the body length cannot be determined from the given information.",PMC6305484(pmc)|PMC5672563(pmc)|10.11646/zootaxa.5222.5.5(pmc),,,
Micranurida forsslundi,Micranurida,Neanuridae,187659,genus,unknown,unknown,"there is no specific information regarding the diet or feeding habits of *Micranurida forsslundi*. The sources discuss its taxonomy, geographic distribution, and responses to environmental changes but do not mention its food source . Further research would be needed to determine its dietary preferences.",10.11646/zootaxa.5174.5.3(pmc)|PMC4680968(pmc)|PMC4553544(pmc)|PMC12223083(pmc)|10.11646/zootaxa.5188.5.5(pmc),0.3-0.42,0.3|0.42,the body length of *Micranurida forsslundi* is reported as 0.30–0.42 mm . This measurement refers to the body length without antennae .,10.11646/zootaxa.5555.1.8(pmc)|10.11646/zootaxa.5188.5.5(pmc),soil|moss_lichen,"there is no direct mention of the habitat of *Micranurida forsslundi*. However, related species such as *Anurida sensillata* (now classified as *Micranurida sensillata*) are noted to inhabit soil in Iran . Additionally, *Phthiracarus (Archiphthiracarus) forsslundi* is associated with moss on rocks . Since *Micranurida forsslundi* has not been explicitly described in the given sources, its…",721B6E0C8C0BFFB5FF382725A81C2691(plazi)|0263A56C4F72DE7EF9BB9FEF85D5FF02(plazi)
Micranurida meridionalis,Micranurida,Neanuridae,3447685,species,unknown,unknown,"there is no specific information about the diet of *Micranurida meridionalis*. The available data describe other species with ""meridionalis"" in their names, such as *Temenis laothoe subsp. meridionalis* and *Satsuma meridionalis*, which have different dietary habits . Therefore, the feeding behavior of *Micranurida meridionalis* cannot be determined from the given sources.",D85A351A0640FFD2FFE1FB1500F6FAA3(plazi)|D43A0DAF63C606836D8581530C8A01DB(plazi),0.3-0.42,0.3|0.42,"the body length of *Micranurida meridionalis* is not explicitly mentioned. However, related species within the genus *Micranurida* have body lengths ranging from 0.30 to 0.42 mm , and similar sizes are reported for other closely related species . Therefore, it is reasonable to infer that *Micranurida meridionalis* likely has a body length within this range.",10.11646/zootaxa.5555.1.8(pmc)|10.11646/zootaxa.5188.5.5(pmc),,"there is no direct mention of the habitat of *Micranurida meridionalis*. However, one document discusses the habitat of *Anatolichthys meridionalis*, noting that it inhabits the Dalaman River Basin in Turkey and faces threats from pollution and invasive species . Another document mentions the southern bamboo lemur (*Hapalemur meridionalis*) utilizing Melaleuca swamps, which are invasive habitats,…",36268471(medline)|26536667(medline)
Micranurida pygmaea,Micranurida,Neanuridae,187660,species,unknown,unknown,"there is no explicit information regarding the diet of *Micranurida pygmaea*. The sources primarily focus on the distribution, taxonomy, and ecological roles of this species rather than its feeding habits . Further research would be needed to determine its specific food sources.",PMC7564799(pmc)|10.11646/zootaxa.5555.1.8(pmc)|10.11646/zootaxa.5188.5.5(pmc),0.35-0.45,0.35|0.45,"the body length of *Micranurida pygmaea* is not explicitly stated. However, it is mentioned that *Bradophila pygmaea*, which is likely synonymous with *Micranurida pygmaea*, has a male body length ranging from 0.35 to 0.45 mm . This suggests that *Micranurida pygmaea* may have a similar body size.",97720E2DFFEED619CBF7BA5106D9F52C(plazi),forest_wood|grassland,"there is no specific mention of ""Micranurida pygmaea."" However, if referring to *Nannophya pygmaea*, it inhabits abandoned paddy fields in the early seral stage, characterized by groundwater and surface runoff as primary water sources, with water levels around 3-7 cm deep, and vegetation dominated by *Juncus effusus* . For *Cebuella pygmaea* (pygmy marmosets), their habitat includes secondary…",20388254(medline)|21360318(medline)
Monobella grassei,Monobella,Neanuridae,187671,species,unknown,unknown,"""Monobella grassei"" appears to be a misnomer or typographical error, as the correct name referenced in the sources is *Reticulitermes grassei*. *Reticulitermes grassei* feeds on woody structures, including various Mediterranean oak species such as *Quercus suber*, *Quercus ilex*, *Quercus faginea*, and *Pinus pinea* . It is also noted to forage on other plant materials in its habitat .",29103385(medline)|36983462(medline),,,there is no information regarding the body length of *Monobella grassei*. The source text discusses the characterization of the non-LTR retrotransposon R2 in various termite species but does not provide morphological data on *M. grassei* .,21259002(medline),,"*Monobella grassei* is found in warm stations such as spoil tips, where it can thrive in the absence of vegetation . It has been recorded in Southern France, indicating its presence in specific geographic locations within Europe . Additionally, it has been observed in association with certain ecological conditions, suggesting a preference for particular microhabitats . Further details about its…",PMC6305484(pmc)|PMC11432141(pmc)|PMC10230187(pmc)
Neanura moldavica,Neanura,Neanuridae,106919,genus,fungivore,fungivore,there is no specific information regarding the diet or feeding habits of *Neanura moldavica* . The descriptions focus on morphological characteristics and taxonomic distinctions rather than ecological preferences or dietary sources. Further research would be needed to determine its feeding ecology.,541287D01974FFF726AAFAC0961CB5D9(plazi),,,,,freshwater,"Neanura moldavica is endemic to Moldova and is part of the riparian Collembola communities. It was specifically mentioned as one of the species found in the river bank habitats of Brani te, indicating its preference for such environments . No further details about its exact microhabitat preferences are given in the source.",29362535(medline)
Neanura muscorum,Neanura,Neanuridae,106920,species,predator,predator,"there is no direct information about the diet of Neanura muscorum. However, it is mentioned that Neanura muscorum possesses deterrents which may help in predator avoidance . This suggests that it might have adaptations for survival in its environment, but specific feeding habits are not detailed in the given sources.",PMC12091230(pmc),,,"the body length of *Neanura muscorum* is described in relation to growth patterns over time when fed a slime mold diet versus a control diet. However, specific numerical values for adult body length are not directly stated in the text. The data presented includes fitted models describing body length changes over time for two generations (F1 and F2) under different dietary conditions, but no…",PMC4495557(pmc),,"there is no explicit mention of the habitat of *Neanura muscorum*. However, document refers to *Bombus muscorum*, a bumblebee species, and discusses its occurrence in a model island system and mainland Great Britain. Document mentions *Neanura moldavica* and *Arrhopalites prutensis* as endemics to Moldova, but does not specify the habitat of *Neanura muscorum*. Therefore, the habitat of *Neanura…",22734895(medline)|29362535(medline)
Neelides minutus,Neelides,Neelidae,332382,species,unknown,unknown,"Neelides minutus is not explicitly mentioned as having specific dietary preferences. However, it is related to other species such as Neelides folsomi, which is a sand fly species, suggesting that Neelides minutus might have similar ecological roles. Sand flies typically feed on blood, so it is plausible that Neelides minutus feeds on blood . Further research is needed to confirm this hypothesis.",03A8760E7B1E4F0672BBFE08D00E75EC(plazi),1,1.0|1.0,"there is no specific mention of ""Neelides minutus."" However, if you meant *Cryptopharynx minutus*, its body length ranges from 30-50 µm . If referring to *Pomatoschistus minutus*, it reaches a body length at settlement of 16-18 mm standard length (SL) . For other species like *Magnibursatus minutus*, the body length is less than 1000 micrometers (1 mm) . Please clarify the exact species name for…",28131036(medline)|14535346(medline)|37335762(medline),leaf_litter,"*Neelides minutus* is found in Puerto Rico, specifically in the Luquillo area . However, the specific habitat details for *Neelides minutus* are not explicitly mentioned in the given texts. The document does mention that certain Collembola species inhabit litter and ground vegetation, playing a role in decomposing organic matter , which might suggest similar habitats for *Neelides minutus*,…",PMC7365838(pmc)|PMC7824276(pmc)
Neelus koseli,Neelus,Neelidae,1136003,species,unknown,unknown,"there is no specific information regarding the diet of *Neelus koseli*. The texts focus on taxonomic descriptions, morphological characteristics, and evolutionary relationships rather than feeding habits . Further research would be needed to determine the ecological niche and dietary preferences of this species.",5E3487991A52A329FF0D5BA4606BEB42(plazi),,,"the body length of *Neelus koseli* is not explicitly stated. However, it is mentioned that *Neelus koseli* belongs to the family Neelidae and is associated with specific ecological niches . For precise body length measurements, further detailed studies or references would be required.",PMC10230187(pmc),leaf_litter|soil,"there is no specific mention of the habitat of *Neelus koseli*. However, related species like *Neelus murinus* are noted to inhabit soil and leaf litter . For more precise information on *Neelus koseli*, additional studies would be required.",721B6E0C8C26FF99FF382250ABD0225C(plazi)
Oligaphorura absoloni,Oligaphorura,Onychiuridae,1052799,genus,unknown,unknown,"there is no specific information regarding the diet of *Oligaphorura absoloni*. The sources discuss taxonomy, morphology, and distribution but do not mention feeding habits . Further research would be needed to determine its dietary preferences.",PMC4389124(pmc)|PMC4207518(pmc)|10.11646/zootaxa.5116.4.6(pmc)|10.11646/zootaxa.5275.1.1(pmc)|PMC4553544(pmc),,,"there is no specific mention of the body length of *Oligaphorura absoloni*. The sources discuss various species within the family Onychiuridae, including *Oligaphorura pseudomontana* and *Oligaphorura wanglangensis*, detailing their morphological characteristics, but do not provide measurements for *Oligaphorura absoloni* . Therefore, the body length of this species remains unspecified in the…",22639536(medline)|31716708(medline),leaf_litter|soil|forest_wood,Oligaphorura absoloni inhabits soil and leaf litter under oak forests in Iran . This species is part of the Holarctic region's fauna .,721B6E0C8C1DFFA3FF382645A88F273C(plazi)
Oligaphorura groenlandica,Oligaphorura,Onychiuridae,1790190,species,unknown,unknown,"there is no direct information about what *Oligaphorura groenlandica* feeds on. However, document discusses herbivore feeding preferences on *Salix arctica*, which might be relevant if *Oligaphorura groenlandica* is associated with this plant. Further specific details about the diet of *Oligaphorura groenlandica* are not available in the given sources.",42266501(medline),0.6,0.6,"the body length of *Oligaphorura groenlandica* is not explicitly mentioned. However, it is noted that *Oligaphorura groenlandica* is part of a group where some species have body sizes less than 0.6 mm . Additionally, *Oligaphorura groenlandica* is referenced in studies related to overwintering physiology and symbiosis but without specific body length data , . Therefore, the exact body length…",PMC4389124(pmc)|PMC10230187(pmc)|PMC7204558(pmc),,"Oligaphorura groenlandica is not mentioned. However, ""Pardosa groenlandica"" is referenced as a wolf spider species found in Greenland . It is likely that Oligaphorura groenlandica inhabits similar environments, possibly Arctic or sub-Arctic regions, but this cannot be confirmed from the given sources.",33965582(medline)
Oligaphorura uralica,Oligaphorura,Onychiuridae,1052799,genus,unknown,unknown,there is no specific information regarding the diet or feeding habits of *Oligaphorura uralica*. The text focuses on morphological characteristics for species identification rather than ecological preferences . Further research would be needed to determine its dietary habits.,22639536(medline),,,the body length of *Oligaphorura uralica* is not explicitly mentioned . The description focuses on morphological features such as antenna structure and specific anatomical characters rather than providing measurements . Additional sources would be required to determine its body length.,PMC4389124(pmc)|22639536(medline)|D5A040110E8F21BA29EF8093D3F6A66D(plazi),,,
Oligaphorura ursi,Oligaphorura,Onychiuridae,1052799,genus,unknown,unknown,"there is no specific information regarding the diet of *Oligaphorura ursi*. The available source discusses *Oligaphorura pseudomontana* and other species within the family Onychiuridae, but does not mention *Oligaphorura ursi* or its dietary habits . Therefore, the feeding preferences of *Oligaphorura ursi* cannot be determined from the given sources.",22639536(medline),0.6-3.4,0.6|2.8|0.6|3.4,"there is no specific mention of the body length of *Oligaphorura ursi*. However, related species within the genus *Oligaphorura* have body lengths ranging from approximately 0.6 mm to over 2.8 mm. For example, *Oligaphorura ambigua* is noted to have a body length less than 0.6 mm, while *Liogluta ursi* reaches up to 3.4 mm . Therefore, without explicit data for *Oligaphorura ursi*, its exact body…",03DF87CC35437D2FFF33FBEB2F3792B9(plazi)|5667352AE84AFFC7609BFEB4FDFCFED9(plazi),alpine_glacier,"*Oligaphorura ursi* is associated with glacial environments, as it was observed in front of a receding glacier in the High Arctic . Additionally, this species is found in marshland areas during restoration processes, indicating an adaptability to moist habitats . However, specific details about its preferred microhabitat within these environments are not explicitly described in the given texts.",PMC7240498(pmc)|PMC6599674(pmc)
Oncopodura crassicornis,Oncopodura,Oncopoduridae,187676,species,unknown,unknown,there is no explicit information regarding the diet of *Oncopodura crassicornis*. The sources describe morphological characteristics and distributions but do not specify feeding habits . Further research would be needed to determine its dietary preferences.,10.3897/subtbiol.49.118293(pmc)|10.11646/zootaxa.5679.3.4(pmc)|10.3897/subtbiol.40.69808(pmc)|PMC5769716(pmc)|10.11646/zootaxa.5147.1.1(pmc),0.8,0.8,"the body length of *Oncopodura crassicornis* is not explicitly stated. However, it is mentioned that this species is one of the smaller species within the Collembola, with the smallest recorded body length being 0.8 mm for *Oncopodura tricuspidata* . Therefore, *Oncopodura crassicornis* likely has a similar or slightly larger body length, though exact measurements are not provided in the cited…",10.3897/subtbiol.40.69808(pmc),leaf_litter|soil,"the specific habitat of *Oncopodura crassicornis* is not explicitly mentioned. However, it belongs to the family Oncopoduridae, which typically inhabits moist environments such as leaf litter or soil . For more precise habitat details, additional studies would be required.",39361111(medline)
Onychiuroides alpinus,Onychiuroides,Onychiuridae,,,unknown,unknown,,,,,,,,,
Onychiuroides granulosus,Onychiuroides,Onychiuridae,,,unknown,unknown,"Onychiuroides granulosus is not mentioned. However, document describes several new species of Collembola (springtails) from the Hyrcanian Forests in Iran, including Onychiuroides mazandaranensis sp. nov., but it does not specify their diet or feeding habits. Therefore, no specific information regarding the feeding habits of Onychiuroides granulosus can be derived from the given sources.",33055866(medline),,,"there is no mention of ""Onychiuroides granulosus"" or its body length. The term appears unrelated to the content of the given sources, which focus on Echinococcus granulosus and a newly described nematode species, Anaplectus deconincki n. sp. Therefore, the body length of Onychiuroides granulosus cannot be determined from the available information .",37871121(medline)|37395051(medline),,"there is no specific mention of the habitat of *Onychiuroides granulosus*. The sources discuss the habitat preferences and transmission dynamics of *Echinococcus* species, but not *Onychiuroides granulosus* . Therefore, insufficient information is available to determine the habitat of *Onychiuroides granulosus*.",15027605(medline)|29772887(medline)|36269480(medline)|23133473(medline)|32230505(medline)
Onychiurus ambulans,Onychiurus,Onychiuridae,187677,species,unknown,unknown,"Onychiurus ambulans is not mentioned. However, ""ambulans"" appears in the names of several different organisms, such as Synurella ambulans, Badisis ambulans, and others, which have distinct ecological roles. None of the sources provide specific dietary information about Onychiurus ambulans. Therefore, the feeding habits of Onychiurus ambulans cannot be determined from the given sources .",28018659(medline)|36603643(medline)|1221345(medline)|38443908(medline)|41072710(medline),,,"there is no specific mention of the body length of *Onychiurus ambulans*. The document refers to *Synurella ambulans* and discusses its life history strategies but does not provide body length measurements. Other documents focus on different taxa and do not include this information. Therefore, the body length of *Onychiurus ambulans* cannot be determined from the given sources.",26643510(medline),,"there is no specific mention of the habitat of *Onychiurus ambulans*. The term ""ambulans"" appears in the context of *Podura ambulans*, which is noted to have a habitat in Europe . However, this does not provide information about the habitat of *Onychiurus ambulans* or any other species with that name. Therefore, the habitat of *Onychiurus ambulans* cannot be determined from the given sources.",734B8ED8116525E68AD14F784871B403(plazi)
Onychiurus folsomi,Onychiurus,Onychiuridae,136168,genus,detritivore,detritivore,Onychiurus folsomi feeds on decomposing organic matter and damp soil. This is indicated by the collection of numerous male and female specimens from such environments . There is no specific mention of their diet beyond this general description.,10.11646/zootaxa.5182.5.3(pmc),0.6,0.6,"there is no direct mention of the body length of *Onychiurus folsomi*. However, *Neelides folsomi* is noted to have a body length up to 600 μm . It is possible that *Onychiurus folsomi* may refer to *Neelides folsomi*, but this needs clarification. Therefore, the body length of *Onychiurus folsomi* cannot be determined from the given sources.",03A8760E7B1E4F0672BBFE08D00E75EC(plazi),soil,"Onychiurus folsomi (formerly known as Orthonychiurus folsomi) inhabits soil under pine, maple, oak, and plane trees in Iran . Its general distribution is within the Palaearctic region .",721B6E0C8C03FFBCFF3821CDA9A6278D(plazi)
Orchesella bifasciata,Orchesella,Orchesellidae,576794,species,detritivore|predator,detritivore,"there is no direct information about the diet of *Orchesella bifasciata*. However, *Orchesella cincta*, a closely related species, is mentioned in the context of being a prey species for the carabid beetle *Notiophilus biguttatus* . This suggests that *Orchesella* species, including possibly *O. bifasciata*, may have a diet consisting of organic matter or detritus, common among soil-dwelling…",34141231(medline)|28309162(medline),,,"the body length of *Orchesella bifasciata* is not explicitly stated. However, it is mentioned in one source that ""Orchesella bifasciata (Bourlet, 1839)"" is listed alongside other species with certain measurements, but no specific body length is given for *O. bifasciata* . Therefore, the exact body length cannot be determined from the available information.",10.3897/subtbiol.40.69808(pmc),,"*Orchesella bifasciata* is found in the Mesovoid Shallow Substratum (MSS) in the Iberian Peninsula, specifically in alluvial MSS in eastern Spain . It is also associated with decaying wood habitats, where it contributes to the alpha diversity of invertebrates .",PMC8207353(pmc)|PMC5728583(pmc)
Orchesella cincta,Orchesella,Orchesellidae,48709,species,omnivore|fungivore|bacterivore|algivore|detritivore,omnivore,"Orchesella cincta feeds on a variety of food sources including amorphous organic matter, fungal hyphae and spores, and algae. Specifically, in experimental settings, they are fed the alga *Pleurococcus* (syn. *Desmococcus*) and baker's yeast as the fungal component . Additionally, they consume bacteria and other microorganisms present in their environment .",PMC5802828(pmc)|PMC3910676(pmc)|28309162(medline)|11790326(medline)|9914493(medline),1.5-3,1.5|3.0,"the body length of *Orchesella cincta* is not explicitly mentioned. However, it is noted that *Orchesella cincta* belongs to the family Entomobryidae, and general descriptions of related species suggest body lengths ranging from approximately 1.5 to 3.0 mm . For precise measurements, additional specific references would be required.",03E5878DFFC6FFA3FFAEFE8983B5FBBF(plazi),leaf_litter|forest_wood|soil|moss_lichen|synanthropic,"*Orchesella cincta* inhabits soil and leaf litter near alder trees, moss on rocks, and natural compost in Iran . It is also found in leaf litter and moss on tree trunks around the foot of trees . The species has a Holarctic distribution .",721B6E0C8C34FF8BFF38222EAE01226A(plazi)|03E5878DFFCEFFA9FFAEF9C88344F783(plazi)
Orchesella flavescens,Orchesella,Orchesellidae,48711,species,unknown,unknown,,,,,"there is no specific mention of the body length of *Orchesella flavescens*. The source provides genomic data about this species but does not include morphological measurements such as body length. Therefore, the body length of *Orchesella flavescens* cannot be determined from the given information.",41024936(medline),grassland|forest_wood|agricultural,"*Orchesella flavescens* is found in various habitats including arable fields, pastures, and forests near Göttingen, Germany . It has also been reported in dry grasslands in Austria and is part of distinctive collemboła communities in the mesovoid shallow substratum in Spain . Additionally, it is noted as a surface-active species associated with moist environments .",PMC5696395(pmc)|PMC3911920(pmc)|PMC5728583(pmc)|PMC6163862(pmc)
Orchesella multifasciata,Orchesella,Orchesellidae,48705,genus,unknown,unknown,,,,,"the body length of *Orchesella multifasciata* is not explicitly stated. However, it is mentioned in source that this species is part of a list of Collembola along with other species, but no specific measurements are given for *Orchesella multifasciata*. Therefore, the exact body length cannot be determined from the available information .",PMC6163862(pmc),forest_wood|grassland|freshwater,"*Orchesella multifasciata* is associated with various habitats including dry grasslands , riparian areas in northern Moldova , calcareous canyons in the Republic of Moldova , and spoil tips alongside surrounding environments . These findings suggest that *Orchesella multifasciata* has a broad habitat tolerance, being present in different ecological settings such as grasslands, woodlands, and…",PMC6163862(pmc)|PMC5769716(pmc)|PMC4467183(pmc)|PMC6305484(pmc)
Orchesella orientalis,Orchesella,Orchesellidae,48705,genus,unknown,unknown,,,,,"there is no specific mention of the body length of *Orchesella orientalis*. The sources discuss various aspects of Collembola taxonomy, phylogenetics, and mitochondrial genomes but do not provide detailed morphometric data for this particular species .",PMC12859647(pmc),soil,Orchesella orientalis is found in the Mesovoid Shallow Substratum (MSS) within the Colluvial environment of the Sierra de Guadarrama National Park in Central Spain . This species exhibits a preference for specific microhabitats characterized by particular soil and vegetation conditions within this region. No additional details about its broader habitat preferences beyond this location are…,29236758(medline)
Orchesella pseudobifasciata,Orchesella,Orchesellidae,48705,genus,unknown,unknown,,,,,"there is no specific mention of the body length of *Orchesella pseudobifasciata*. The sources discuss various aspects of other *Orchesella* species such as *Orchesella cincta* and *Orchesella flavescens*, including their genomes, mortality patterns, nitrogen content effects, and temperature relationships, but none provide body length measurements for *Orchesella pseudobifasciata* .",41024936(medline)|28311313(medline)|12927496(medline)|3801691(medline)|28310889(medline),,there is no specific information about the habitat of *Orchesella pseudobifasciata*. The available data describe the habitats of other *Orchesella* species but not this particular one -.,721B6E0C8C34FF8BFF382472A97A2008(plazi)|03E5878DFFCEFFA9FFAEF9C88344F783(plazi)
Orchesella spectabilis,Orchesella,Orchesellidae,48705,genus,unknown,unknown,,,1.4-4.5,4.5|1.4,"there is no specific mention of ""Orchesella spectabilis"" or its body length. However, if you meant ""Nysius spectabilis,"" the body length is 4.5 mm . For ""Cryptolestes spectabilis,"" the body length is not explicitly stated, but females have a body length of 1.4 mm . Please clarify the correct species name if needed.",03EF5403FF89A040D7A2FE8024E5465B(plazi)|03A687C2107F0914CFEBD487FB0CFB79(plazi),leaf_litter|grassland,"*Orchesella spectabilis* is found in leaf litter habitats in Iran . Additionally, it is mentioned in the context of dry grasslands in Austria, though specific habitat details for this location are not elaborated upon . Further ecological preferences may be inferred from related species' habitats, but direct evidence for *O. spectabilis* is limited to these references.",PMC6163862(pmc)|10.11646/zootaxa.5275.1.1(pmc)
Orchesella villosa,Orchesella,Orchesellidae,48706,species,unknown,unknown,,,3.1-5.2,3.1|5.2|4.3,"the body length of *Orchesella villosa* ranges from 3.10 to 5.20 mm, with an average of 4.30 mm (n = 4) .",PMC5728583(pmc),,"there is no direct mention of the specific habitat of *Orchesella villosa*. However, document discusses the distinct Collembola communities in the Mesovoid Shallow Substratum (MSS), specifically the Colluvial MSS, where *Orchesella* species, including possibly *O. villosa*, were studied. This suggests that *Orchesella villosa* may inhabit such substrates, but further details about its exact…",29236758(medline)
Orthonychiurus rectopapillatus,Orthonychiurus,Onychiuridae,2073079,genus,unknown,unknown,,,0.7-1.8,0.7|1.1|1.0|1.8,"there is no specific mention of the body length of *Orthonychiurus rectopapillatus*. However, related species such as *Orthonychiurus folsomi* have body lengths ranging from 0.7 to 1.1 mm in males and 1.0 to 1.8 mm in females . Without explicit data on *O. rectopapillatus*, any estimation would be speculative.",10.11646/zootaxa.5182.5.3(pmc),,,
Pachyotoma curva,Pachyotoma,Isotomidae,281429,genus,unknown,unknown,,,1.8-2.35,1.8|2.35,"there is no specific mention of the body length of *Pachyotoma curva*. However, it is noted that *Lamproclasiopa curva* has a body length ranging from 1.80-2.35 mm . It is important to note that *Pachyotoma curva* may refer to a different species or there might be confusion in the naming, as *Pachyotoma* is a genus described by Bagnall in 1949 , while *Lamproclasiopa curva* is a species described…",EDC39A6F12B646A26A86ADF65B761726(plazi)|BC372D77F655FFA4A1DCF8EFFC81FE09(plazi),soil|alpine_glacier,"Pachyotoma curva is not explicitly mentioned. However, related species such as Pachyotoma pseudorecta are noted to be found in environments close to melting glaciers, suggesting they may inhabit terrestrial or soil-based habitats . For precise details about Pachyotoma curva's habitat, additional specific studies would be required.",PMC7564799(pmc)
Paratullbergia callipygos,Paratullbergia,Tullbergiidae,2926730,species,unknown,unknown,,,0.8-1.16,0.8|1.16,"the body length of *Paratullbergia callipygos* is not explicitly stated. However, it is mentioned that this species belongs to the family Tullbergiidae, which includes other species with body lengths ranging from approximately 0.8 to 1.16 mm . Additionally, *Paratullbergia callipygos* is noted as a Holarctic species . Further specific measurements would be required for an exact value.",PMC4669936(pmc)|10.11646/zootaxa.5092.5.2(pmc),,,
Parisotoma agrelli,Parisotoma,Isotomidae,187681,genus,unknown,unknown,,,,,there is no specific information given about the body length of *Parisotoma agrelli*. The sources describe three new species of Collembola from South Africa but do not mention *P. agrelli* or its body dimensions .,38221334(medline),,"there is no specific mention of the habitat of *Parisotoma agrelli*. The available information pertains to other species such as *Parisotoma dichaeta*, *Isotomurus stuxbergi*, and *Parisotoma notabilis* . Therefore, the habitat of *Parisotoma agrelli* cannot be determined from the given sources.",03EA87B2FFA3FFF6FF26F970FB8C9DFB(plazi)|721B6E0C8C23FF9CFF382185A85C27E5(plazi)|03EA87B2FFA0FFF5FF26FF01FDD39B08(plazi)|721B6E0C8C23FF9CFF3820FCA8192218(plazi)|03E5878DFFC1FFA7FF5DF8D584B2F79D(plazi)
Parisotoma ekmani,Parisotoma,Isotomidae,1095205,species,unknown,unknown,,,0.8-1,1.0|0.8,"the body length of *Parisotoma ekmani* is not explicitly stated. However, it is noted that *Parisotoma ruseki* has a body length up to 1.0 mm , and *Parisotoma obscurocellata* is approximately 0.8 mm in length . These measurements may be indicative of similar sizes within the genus, but specific data for *P. ekmani* is lacking in the given sources.",03D2AD21BD20A73A86CEFD5E64A48420(plazi)|03B45D5BFFF1FFE9D9E3E758FB33FBBD(plazi),forest_wood,"there is no specific mention of the habitat of *Parisotoma ekmani*. However, related species such as *Parisotoma notabilis* are noted to inhabit both open habitats and woodlands contaminated by red mud . Without explicit information on *P. ekmani*, its habitat cannot be determined from these sources.",30743842(medline)
Parisotoma notabilis,Parisotoma,Isotomidae,187682,species,unknown,unknown,,,0.7-0.9,0.7|0.9|0.8,"the body length of *Parisotoma notabilis* ranges from 0.7 to 0.9 mm . Additionally, another source mentions a body length of about 0.8 mm . These measurements indicate that *Parisotoma notabilis* has a relatively small body size typical of many springtail species.",03B45D5BFFF1FFE9D9E3E758FB33FBBD(plazi)|98E20638EF1752CFB92E71ADD92DFBF9(plazi),grassland|soil|cave|forest_wood|freshwater|alpine_glacier|agricultural|synanthropic,"*Parisotoma notabilis* inhabits a wide range of environments including forest soils, meadows, arable fields, pastures, urban soils, caves, and even extreme habitats like open glacier forelands at high elevations . It is also found in scree habitats, riparian zones, and is associated with both euedaphic and hemiedaphic conditions . This species demonstrates eurytopic characteristics, thriving in…",PMC5295681(pmc)|10.3897/subtbiol.40.69808(pmc)|PMC5769716(pmc)
Podura aquatica,Podura,Poduridae,50589,species,unknown,unknown,,,,,"there is no specific mention of ""Podura aquatica"" or its body length. The term ""aquatica"" appears in the context of other organisms such as *Peronospora aquatica* and *Pseudoeurycea aquatica*, but none of these references provide details about the body length of *Podura aquatica*. Therefore, the body length of *Podura aquatica* cannot be determined from the given sources.",54626B00BC685AE0A3ED7855F0E4CEB2(plazi),freshwater,"$Podura\ aquatica$ inhabits water surfaces , and it is also noted to occur in flooded river banks . Additionally, it is described as a hygrotolerant species that thrives in moist environments such as polders .",PMC10169344(pmc)|PMC3131029(pmc)|PMC5769716(pmc)
Pogonognathellus flavescens,Pogonognathellus,Tomoceridae,511703,species,unknown,unknown,,,,,"the body length of *Pogonognathellus flavescens* is not explicitly stated. However, it is mentioned that this species was recognized as a Nearctic population in studies involving cave-dwelling springtails . For detailed morphological descriptions including body length, further specific references would be required.",PMC6206200(pmc),forest_wood|cave|grassland|freshwater|alpine_glacier,"$Pogonognathellus\ flavescens$ is found in various habitats including scree habitats, caves, riparian areas, woodlands, and spoil tips. It is specifically noted as an abundant species in traps from different MSS biotopes in the Carpathian Mountains . Additionally, it has been identified in cave systems in Illinois and Missouri, typically associated with rock surfaces, scat, and drip pools . The…",10.3897/subtbiol.40.69808(pmc)|PMC6206200(pmc)|PMC5769716(pmc)|PMC6305484(pmc)
Pogonognathellus longicornis,Pogonognathellus,Tomoceridae,707266,species,unknown,unknown,,,,,"the body length of *Pogonognathellus longicornis* is not explicitly stated . However, it can be inferred that the species has a relatively elongated body given its description as being common in various habitats and its similarity to other species within the genus, which typically have elongated bodies . Further detailed measurements would be required for an exact determination.",FB3F87CFF075D931465EF291DD850B5E(plazi),cave|soil|forest_wood,"$Pogonognathellus\ longicornis$ is associated with forest habitats. It is mentioned as a shrub-prefering species in one source , and other references indicate its occurrence in forested areas . Additionally, it has been recorded from cave systems in Poland . These findings suggest that $Pogonognathellus\ longicornis$ primarily inhabits forested environments, possibly including shrubs and…",PMC5696395(pmc)|PMC6305484(pmc)|10.3897/subtbiol.33.48805(pmc)
Proisotoma clavipila,Proisotoma,Isotomidae,301520,genus,unknown,unknown,,,,,"there is no specific mention of the body length of *Proisotoma clavipila*. The text discusses morphological features such as setae distribution and antennomere structure but does not provide measurements or estimates of body length . Therefore, the body length of *Proisotoma clavipila* cannot be determined from the given sources.",03978789FFF2507DC384B8FA2C2CFBD1(plazi),soil,"there is no specific mention of the habitat of *Proisotoma clavipila*. However, related species like *Proisotoma minima* are associated with degraded soils in black soil regions of China , and *Proisotoma minuta* is found in anthropogenic soils of East European tundra . These suggest that some *Proisotoma* species may inhabit disturbed or human-altered environments, but this does not specifically…",36981729(medline)|31736616(medline)
Proisotoma minima,Proisotoma,Isotomidae,301520,genus,unknown,unknown,,,,,"the specific body length of *Proisotoma minima* is not directly stated. However, it is noted that *Proisotoma minima* shares certain characteristics with other species such as the absence of ms-chaetae on all tergites and similarities in chaetotaxy . For precise measurements, additional references or studies focusing specifically on *P. minima* would be required.",8C7F87DFFF85C467FF33F8BB8AC0BAA9(plazi),leaf_litter|forest_wood,"*Proisotoma minima* inhabits leaf litter of loquat (*Eriobotrya japonica*) in Iran . It is also noted to live under bark, though this preference may vary by region .",721B6E0C8C21FF9EFF382623AF1421DA(plazi)|4F034B6EFFBC357ED934F8A83B70FB95(plazi)
Proisotoma minuta,Proisotoma,Isotomidae,301521,species,unknown,unknown,,,0.6-0.9,0.6|0.9,the body length of *Proisotoma minuta* is described as ranging from 0.6 to 0.9 mm . This measurement refers to the overall body size of the species. No specific numerical data on body length across different developmental stages or environmental conditions is directly provided in the given texts.,PMC7256071(pmc),leaf_litter|soil|grassland|synanthropic,*Proisotoma minuta* inhabits soil in rice fields and leaf litter under African violets (*Streptocarpus sp.*) in Iran . It is also noted as a thermophilic ruderal cosmopolitan species commonly found in composts .,721B6E0C8C20FF9FFF382184A910278C(plazi)|4F034B6EFFBC357ED934F8A83B70FB95(plazi)
Proisotomodes bipunctatus,Proisotomodes,Isotomidae,3158793,species,unknown,unknown,,,,,"there is no direct mention of the body length of *Proisotomodes bipunctatus*. However, related species such as *Adaina bipunctatus* have body lengths typically shorter than their forewing length . For precise measurements of *Proisotomodes bipunctatus*, additional specific references or studies would be required.",03C987CB990DFFA0EFA4FE18FD7EE6F2(plazi),soil|moss_lichen|forest_wood,*Proisotomodes bipunctatus* inhabits thermophilous talus habitats covered by mosses and tree vegetation . It is also found in upper scree layers and is associated with forest environments . This species prefers areas with some vegetation cover and is often present in soils adjacent to such habitats .,10.3897/subtbiol.40.69808(pmc)|PMC6305484(pmc)
Protaphorura armata,Protaphorura,Onychiuridae,187684,species,unknown,unknown,,,,,"there is no specific mention of the body length of *Protaphorura armata*. The sources discuss various aspects such as amylase activity , brain organization , morphological descriptions of related species , and new species within the genus *Protaphorura* , but none provide direct measurements or ranges for the body length of *P. armata*. Therefore, the body length of *Protaphorura armata* is not…",12770436(medline)|21420507(medline)|27853409(medline)|26106697(medline),soil|forest_wood|grassland|agricultural,"Protaphorura armata is found in various habitats including scree habitats , spoil tips , dry grasslands , and UK grasslands . It is associated with different environmental conditions such as forested areas, agricultural lands, and bare soils . This indicates that it has a broad habitat range, though specific preferences may vary depending on local conditions.",10.3897/subtbiol.40.69808(pmc)|PMC6305484(pmc)|PMC6163862(pmc)|PMC6851989(pmc)
Protaphorura aurantiaca,Protaphorura,Onychiuridae,1725400,species,unknown,unknown,,,,,"there is no mention of the body length of *Protaphorura aurantiaca*. The sources discuss various species within the genus *Protaphorura*, including their morphological characteristics, distributions, and taxonomic descriptions, but none specifically reference *P. aurantiaca* or its body length . Therefore, the available information does not provide this detail.",27853409(medline)|26106697(medline)|25781255(medline)|27394585(medline),leaf_litter|soil|forest_wood,*Protaphorura aurantiaca* inhabits forest soil and leaf litter in Iran . This species is part of the Palaearctic region's fauna .,721B6E0C8C02FFBDFF382035A9C727D5(plazi)
Protaphorura campata,Protaphorura,Onychiuridae,2041949,species,unknown,unknown,,,4.3-5.6,4.3|5.6,"there is no direct mention of the body length of *Protaphorura campata*. However, related species such as *Protaphorura cykini* sp. nov. have a body length ranging from 4.3 to 5.6 mm . For precise details about *P. campata*, additional studies or references would be required.",29245574(medline),leaf_litter|soil|forest_wood,"there is no specific information about the habitat of *Protaphorura campata*. The available data describe habitats for other *Protaphorura* species in Iran, such as soil, leaf litter, and forest soil, but not for *P. campata* -.",721B6E0C8C01FFBEFF3825DCAE0123BC(plazi)|721B6E0C8C02FFBDFF38244DAE462071(plazi)
Protaphorura cancellata,Protaphorura,Onychiuridae,2714226,species,unknown,unknown,,,,,"there is no specific mention of the body length of *Protaphorura cancellata*. The document discusses *Neothada* species, not *Protaphorura* . Therefore, the body length of *Protaphorura cancellata* cannot be determined from the given sources.",33829208(medline),soil,"Protaphorura cancellata is mentioned in the context of being a genus of springtails that inhabits edaphic environments, which refers to soils and the immediate surface layers of soil . However, specific details about its exact habitat preferences or distribution are not provided in the given texts.",37055140(medline)
Protaphorura fimata,Protaphorura,Onychiuridae,1519113,species,unknown,unknown,,,,,"the body length of *Protaphorura fimata* is not explicitly stated. However, it is mentioned that *Protaphorura fimata* has been found in various locations, including Deception Island . For detailed morphological measurements such as body length, refer to specific taxonomic studies .",PMC3619962(pmc)|PMC5102424(pmc),soil,"Protaphorura fimata inhabits environments where the soil temperature is relatively high, as its heat tolerance level (UTL) is correlated with the environmental temperature of its habitat . However, specific details about its exact habitat such as geographic location or type of soil are not mentioned in the given text.",37055140(medline)
Protaphorura glebata,Protaphorura,Onychiuridae,2905850,species,unknown,unknown,,,,,"there is no specific mention of the body length of *Protaphorura glebata*. The sources describe several species within the genus *Protaphorura*, including *P. vasilinae*, *P. tuvinica*, *P. abscondita*, and *P. oligopseudocellata*, but none refer to *P. glebata* -. Therefore, the body length of *Protaphorura glebata* cannot be determined from the given information.",E55F9220FFC1A83BFF7CA3D5FA56FAFA(plazi)|E41090E1B292CF536F85E48C1140B874(plazi),soil,"Protaphorura glebata is mentioned in the context of soil sampling in the Sierra de Guadarrama National Park, indicating that its habitat is likely soil . Additional references suggest that species within the genus Protaphorura, including Protaphorura ombrophila and Protaphorura persica, are associated with soil habitats in other regions . Therefore, it can be inferred that Protaphorura glebata…",PMC9693011(pmc)|10.11646/zootaxa.5275.1.1(pmc)
Protaphorura janosik,Protaphorura,Onychiuridae,2022742,species,unknown,unknown,,,,,"there is no mention of the body length of *Protaphorura janosik*. The sources discuss various species within the genus *Protaphorura*, including details about their morphological characteristics, but none specifically reference *P. janosik* or its body length .",27853409(medline)|26106697(medline)|25781255(medline)|27394585(medline)|29245574(medline),soil|cave,"Protaphorura janosik is associated with subterranean environments, specifically caves, and exhibits troglomorphic traits such as increased body size compared to other congeners . It has been documented in the Western Carpathians in Slovakia , indicating its habitat includes underground ecosystems like caves. The species is part of the Collembola group, which typically inhabits moist soils and…",PMC6961878(pmc)|10.5852/ejt.2023.879.2161(pmc)
Protaphorura macfadyeni,Protaphorura,Onychiuridae,187683,genus,unknown,unknown,,,,,"there is no specific mention of the body length of *Protaphorura macfadyeni*. The available information includes details about the body length of other *Protaphorura* species, but not specifically for *P. macfadyeni* . Therefore, the body length of *Protaphorura macfadyeni* cannot be determined from the given sources.",PMC5102424(pmc),,"there is no specific mention of the habitat of *Protaphorura macfadyeni*. The available information discusses other species such as *Protaphorura bicampata*, *Protaphorura campata*, and *Protaphorura sp.*, but does not provide details about *Protaphorura macfadyeni* . Therefore, the habitat of this particular species cannot be determined from the given sources.",PMC10048822(pmc)|10.11646/zootaxa.5275.1.1(pmc)|PMC12547479(pmc)
Protaphorura pannonica,Protaphorura,Onychiuridae,187683,genus,unknown,unknown,,,0.35-10,0.35|0.47|7.0|10.0,"there is no direct mention of the body length of *Protaphorura pannonica*. However, related species such as *Oribatula pannonica* have a body length ranging from 350 to 470 micrometers . For *Ensliniana bidentata*, the body length is noted as 7-10 mm , but this refers to a different species. Therefore, the specific body length of *Protaphorura pannonica* cannot be determined from the given…",852987F4FFE7FF9D1DF4A0F7FAE5543D(plazi)|2254442BAB645D99BA4A1198045A79AE(plazi),grassland,"Protaphorura pannonica is found in scree habitats , and it is also recorded in dry grasslands in Austria . It has been documented in calcareous canyons in the Republic of Moldova , indicating its presence across various environments. However, specific habitat preferences beyond these general locations are not detailed in the given sources.",10.3897/subtbiol.40.69808(pmc)|PMC6163862(pmc)|PMC4467183(pmc)
Protaphorura pseudovanderdrifti,Protaphorura,Onychiuridae,2714227,species,unknown,unknown,,,,,"the body length of *Protaphorura pseudovanderdrifti* is not explicitly stated. However, it is mentioned that *P. pseudovanderdrifti* is similar to *P. borinensis* in certain characteristics, and *P. borinensis* has a body length that is comparable to *P. octopunctata*, which is noted to have a body length similar to its antenna length . Therefore, while an exact measurement is not given, *P.…",E55F9220FFC9A830FF7CA3DAFC1CFBD2(plazi),,"there is no specific mention of the habitat of *Protaphorura pseudovanderdrifti*. The available information discusses other species such as *Protaphorura bicampata*, *Protaphorura campata*, and *Protaphorura sp.*, but does not provide details about *Protaphorura pseudovanderdrifti* . Therefore, the habitat of this particular species cannot be determined from the given sources.",PMC10048822(pmc)|10.3897/subtbiol.40.69808(pmc)|10.11646/zootaxa.5275.1.1(pmc)|PMC12547479(pmc)
Protaphorura subarmata,Protaphorura,Onychiuridae,187683,genus,unknown,unknown,,,,,"there is no specific mention of the body length of *Protaphorura subarmata*. The sources discuss various species within the genus *Protaphorura*, detailing their morphological characteristics, but do not provide data on *P. subarmata* specifically . Further research would be required to determine its body length.",27853409(medline)|26106697(medline)|25781255(medline)|27394585(medline)|29245574(medline),,"there is no specific mention of the habitat of *Protaphorura subarmata*. The source discusses studies on the heat tolerance of springtails, including the genus *Protaphorura*, but does not provide detailed information about the specific habitats of its species . Further research would be needed to determine the exact habitat preferences of *Protaphorura subarmata*.",37055140(medline)
Protaphorura subuliginata,Protaphorura,Onychiuridae,3158777,species,unknown,unknown,,,0.3,0.3,"the body length of *Protaphorura subuliginata* is noted as 0.3 mm . This measurement likely refers to a specific population or sample analyzed in the study referenced. There is no additional detailed information about its body length in other sources , , , .",10.3897/subtbiol.40.69808(pmc)|PMC12547479(pmc)|PMC5102424(pmc)|PMC6961878(pmc)|10.11646/zootaxa.5182.5.3(pmc),,Protaphorura subuliginata is associated with scree habitats . This species was specifically noted in studies related to Collembola diversity in such environments. There is no additional detailed habitat description provided in the given sources.,10.3897/subtbiol.40.69808(pmc)
Protaphorura tricampata,Protaphorura,Onychiuridae,2926732,species,unknown,unknown,,,1.3,1.3,the body length of *Protaphorura tricampata* is listed as 1.3 mm . This measurement likely refers to the total body length excluding the antennae. No additional details about its body dimensions are provided in the given sources.,10.3897/subtbiol.40.69808(pmc),,"the specific habitat of *Protaphorura tricampata* is not directly mentioned. However, it is noted that the heat tolerance of this species correlates with the environmental temperature of its habitat, indicating that it inhabits environments with varying temperatures . Further details about its exact habitat preferences are not specified in the given sources.",37055140(medline)
Pseudachorutella asigillata,Pseudachorutella,Neanuridae,3447694,species,unknown,unknown,,,,,"the body length of *Pseudachorutella asigillata* is not directly mentioned. However, it is noted that *Pseudachorutella stebaevae* sp. nov., which may have been misidentified as *Pseudachorutella asigillata*, has a body length that is likely similar to other described species in the genus, but no specific measurement is given for *asigillata* itself .",03C9FC43FFDD5874FF65CDF68517783F(plazi),,,
Pseudachorutes dubius,Pseudachorutes,Neanuridae,1387119,species,unknown,unknown,,,,,"the body length of *Pseudachorutes dubius* is not explicitly stated. However, it is mentioned that this species has been recorded in various studies, but no direct measurement for its body length is given in the text . Therefore, the exact body length cannot be determined from the provided information.",10.11646/zootaxa.5150.3.8(pmc)|10.3897/subtbiol.40.69808(pmc)|10.11646/zootaxa.4938.4.1(pmc),leaf_litter|soil|synanthropic,"*Pseudachorutes dubius* inhabits soil, leaf litter, and chicken manure in Iran . Its general distribution is noted as Palaearctic .",721B6E0C8C0AFFB5FF3820C9A97A24ED(plazi)
Pseudachorutes palmiensis,Pseudachorutes,Neanuridae,187685,species,unknown,unknown,,,,,there is no specific mention of the body length of *Pseudachorutes palmiensis*. The sources discuss genetic and morphological characteristics but do not provide measurements related to body size .,33366572(medline),,,
Pseudachorutes parvulus,Pseudachorutes,Neanuridae,3447684,species,unknown,unknown,,,,,"there is no specific mention of the body length of *Pseudachorutes parvulus*. The sources discuss the morphology and taxonomy of related species but do not provide detailed measurements for *Pseudachorutes parvulus* , .",27988588(medline)|33366572(medline),,"there is no specific information regarding the habitat of *Pseudachorutes parvulus*. The mentioned species names such as *Camarhynchus parvulus* and *Limnebius parvulus* refer to different taxa with distinct ecological contexts, but none pertain to *Pseudachorutes parvulus*. Therefore, the habitat of *Pseudachorutes parvulus* cannot be determined from the given sources.",28833876(medline)
Pseudachorutes subcrassus,Pseudachorutes,Neanuridae,1503969,species,unknown,unknown,,,,,"there is no specific mention of the body length of *Pseudachorutes subcrassus*. The sources describe various species within the genus *Pseudachorutes* and their morphological characteristics, but none provide measurements for *Pseudachorutes subcrassus* . Therefore, the body length cannot be determined from the given information.",27988588(medline)|33366572(medline)|25544461(medline)|27615903(medline),leaf_litter|soil,"*Pseudachorutes subcrassus* inhabits soil and leaf litter in Iran . This habitat preference is consistent with other species within the genus *Pseudachorutes* , , , .",721B6E0C8C0AFFB5FF3824FDA97A20C1(plazi)|721B6E0C8C0AFFB5FF3825E1A97A23E1(plazi)|721B6E0C8C0AFFB5FF38261DA9C021FE(plazi)|721B6E0C8C0AFFB5FF3823E9AED225E9(plazi)|721B6E0C8C0AFFB5FF3820C9A97A24ED(plazi)
Pseudanurophorus alticolus,Pseudanurophorus,Isotomidae,1410429,genus,unknown,unknown,,,,,,,soil,Pseudanurophorus alticolus inhabits soil environments . This species is part of the Palaearctic region's fauna . No further details about its specific ecological preferences or geographic distribution beyond the Palaearctic are given in the source material.,721B6E0C8C21FF9EFF3824CCA8572128(plazi)|10.11646/zootaxa.5275.1.1(pmc)
Pseudisotoma monochaeta,Pseudisotoma,Isotomidae,358900,genus,unknown,unknown,,,,,,,marine_coastal|leaf_litter|forest_wood|alpine_glacier,"there is no direct mention of the habitat of *Pseudisotoma monochaeta*. However, related species such as *Grania monochaeta* are found in intertidal, subtidal to 20 m habitats, often in shelly detritus, among seaweed roots, or within sponge canals . The genus *Pseudisotoma* is noted to inhabit various environments, including forests at high altitudes and litter near sea level in Thailand . For…",03CB0B1A7C0EFFB5FDAB1A8DEA29C177(plazi)|03EA87B2FFA0FFF5FF26FC3BFC049E32(plazi)
Pseudisotoma sensibilis,Pseudisotoma,Isotomidae,358901,species,unknown,unknown,,,,,"there is no specific mention of the body length of *Pseudisotoma sensibilis*. The text discusses its distribution and notes that it is a complex of closely related species, but does not provide measurements . Therefore, the body length of *Pseudisotoma sensibilis* cannot be determined from the given sources.",FB3F87CFF075D931465EF291DD850B5E(plazi)|4F034B6EFFBC357ED934F8A83B70FB95(plazi),marine_coastal|soil|forest_wood,"$Pseudisotoma$ $sensibilis$ is associated with coastal tundra habitats along the seashore gradient . Additionally, this species has been found in soil under dead wood in Iran . However, its exact habitat preferences may vary depending on environmental conditions.",PMC8301111(pmc)|10.11646/zootaxa.5275.1.1(pmc)
Pseudosinella alba,Pseudosinella,Lepidocyrtidae,1302326,species,unknown,unknown,,,0.74-1.14,1.14|0.74,"the body length of *Pseudosinella alba* is not explicitly stated. However, it is mentioned alongside other species such as *Pseudosinella stewartpecki* and *Pseudosinella vulcana*, which have maximum body lengths of 1.14 mm and 0.74 mm respectively , . These values may provide contextual information but do not directly indicate the body length of *Pseudosinella alba*.",3A3EDDE5B35FDFE4D96C04EEC47D4051(plazi)|60FFD8E79F376AE01810E81CA4A96E7D(plazi),agricultural|forest_wood,"there is no direct mention of the habitat of *Pseudosinella alba*. However, *Pseudosinella francae* is mentioned as being found in Sicilian agricultural lands such as vineyards and olive orchards, along with a beech forest . Since *Pseudosinella alba* is not specifically discussed, its habitat cannot be determined from the given sources.",37044746(medline)
Pseudosinella decipiens,Pseudosinella,Lepidocyrtidae,186257,genus,unknown,unknown,,,0.68-0.74,0.74|0.68,"the body length of *Pseudosinella decipiens* is not explicitly stated. However, related species such as *Pseudosinella vulcana* have a body length of approximately 0.74 mm and 0.68 mm . For *Pseudosinella decipiens*, further specific measurements would need to be referenced from additional studies or direct observations.",10.3897/subtbiol.17.7660(pmc),agricultural|forest_wood,"Pseudosinella decipiens is a species of Collembola (springtails) found in Sicily, specifically in agricultural lands such as vineyards and olive orchards, as well as in a natural habitat like a beech forest . There is no additional specific information about its broader habitat preferences beyond these locations.",37044746(medline)
Pseudosinella duodecimoculata,Pseudosinella,Lepidocyrtidae,186257,genus,unknown,unknown,,,0.3,0.3,"the body length of *Pseudosinella duodecimoculata* is not explicitly mentioned. However, it can be inferred that this species may share similar characteristics with other related species such as *Microgastrura duodecimoculata*, which has a body length of approximately 0.3 mm . Further specific details about *Pseudosinella duodecimoculata*'s body length are not available in the given sources.",10.3897/subtbiol.40.69808(pmc),,"there is no specific mention of the habitat of *Pseudosinella duodecimoculata*. The available information describes the habitats of other *Pseudosinella* species such as *Pseudosinella intermixta*, *Pseudosinella stewartpecki*, *Pseudosinella imparipunctata*, and *Pseudosinella duodecimpunctata*, but not *Pseudosinella duodecimoculata* . Therefore, the habitat of *Pseudosinella duodecimoculata*…",3A3EDDE5B35FDFE4D96C04EEC47D4051(plazi)|9E276A82CBE0E3BA9916BC91AD607AE8(plazi)|721B6E0C8C37FF88FF3822D1A94C22AC(plazi)|721B6E0C8C37FF88FF3823DEAE3225B6(plazi)
Pseudosinella halophila,Pseudosinella,Lepidocyrtidae,2924856,species,unknown,unknown,,,0.68-0.74,0.74|0.68,"there is no specific mention of the body length of *Pseudosinella halophila*. However, related species such as *Pseudosinella vulcana* have been recorded with body lengths of 0.74 mm and 0.68 mm . The absence of direct information about *Pseudosinella halophila* means that its body length cannot be determined from these sources.",10.3897/subtbiol.17.7660(pmc),cave|freshwater,"there is no specific mention of the habitat of *Pseudosinella halophila*. The sources discuss various habitats associated with different *Pseudosinella* species, such as xerophilic areas, caves, and wetlands, but none specifically reference *Pseudosinella halophila* . Therefore, the habitat of *Pseudosinella halophila* cannot be determined from the given information.",PMC8551137(pmc)
Pseudosinella horaki,Pseudosinella,Lepidocyrtidae,186257,genus,unknown,unknown,,,,,"the body length of *Pseudosinella horaki* is not explicitly stated. However, it is mentioned in source under ""PSHO Pseudosinella horaki Rusek, 1985"" with some numerical values possibly representing measurements, but these numbers do not clearly indicate body length . Therefore, the exact body length of *Pseudosinella horaki* cannot be determined from the given sources.",10.3897/subtbiol.40.69808(pmc),cave,"there is no specific mention of the habitat of *Pseudosinella horaki*. The document discusses *Pseudosinella ashmoleorum* found in a show cave in the Azores, but does not provide information about *Pseudosinella horaki* . Therefore, the habitat of *Pseudosinella horaki* cannot be determined from the given sources.",41323398(medline)
Pseudosinella imparipunctata,Pseudosinella,Lepidocyrtidae,186257,genus,unknown,unknown,,,,,"there is no specific mention of the body length of *Pseudosinella imparipunctata*. The sources describe various new species of *Pseudosinella* but do not provide detailed measurements for *Pseudosinella imparipunctata* . Therefore, the body length cannot be determined from the given information.",42408686(medline)|33223894(medline)|25947805(medline)|30647373(medline),soil|forest_wood|grassland,"$Pseudosinella imparipunctata$ is found in both woodland and grassland habitats. It has been recorded in woodlands , and also in grasslands , as well as in calcareous canyons in the Republic of Moldova . These findings suggest that this species exhibits a preference for moist environments such as soils associated with these habitats .",PMC5769716(pmc)|PMC4467183(pmc)
Pseudosinella ksenemani,Pseudosinella,Lepidocyrtidae,186257,genus,unknown,unknown,,,,,"there is no information about the body length of *Pseudosinella ksenemani*. The available data pertains to other species such as *Pseudosinella stewartpecki* and *Pseudosinella vulcana*, but not *Pseudosinella ksenemani* , , , , .",3A3EDDE5B35FDFE4D96C04EEC47D4051(plazi)|9E276A82CBE0E3BA9916BC91AD607AE8(plazi)|60FFD8E79F376AE01810E81CA4A96E7D(plazi)|0C92AD2CF23BFC0A7D646A84597040CF(plazi)|883C87CAFFD35950AFAE51908249A042(plazi),,there is no specific mention of the habitat of *Pseudosinella ksenemani*. The document discusses *Pseudosinella francae* found in Sicilian habitats but does not provide information about *Pseudosinella ksenemani* . Additional research would be needed to determine its habitat.,37044746(medline)
Pseudosinella moldavica,Pseudosinella,Lepidocyrtidae,186257,genus,unknown,unknown,,,,,"there is no specific mention of the body length of *Pseudosinella moldavica*. The available information pertains to *Phaenoglyphis moldavica* and *Pseudosinella stewartpecki*, but not to *Pseudosinella moldavica* , , , . Therefore, the body length of *Pseudosinella moldavica* cannot be determined from the given sources.",03DA87F01036FFF0FDD6FB53B4ACF87E(plazi)|3A3EDDE5B35FDFE4D96C04EEC47D4051(plazi)|9E276A82CBE0E3BA9916BC91AD607AE8(plazi)|60FFD8E79F376AE01810E81CA4A96E7D(plazi),grassland|freshwater,"Pseudosinella moldavica is mentioned in source as one of the endemic species found in riparian habitats of northern Moldova, specifically associated with river banks and meadows. It is part of the Collembola community in these environments. No further details about its exact microhabitat preferences are given in the text.",29362535(medline)
Pseudosinella noseki,Pseudosinella,Lepidocyrtidae,186257,genus,unknown,unknown,,,,,"there is no specific mention of the body length of *Pseudosinella noseki*. The sources describe various species of *Pseudosinella* but do not provide measurements for *Pseudosinella noseki* . Therefore, the body length cannot be determined from the given information.",42408686(medline)|33223894(medline)|25947805(medline)|30647373(medline),cave|grassland|freshwater,"there is no specific mention of the habitat of *Pseudosinella noseki*. The sources discuss various habitats associated with different *Pseudosinella* species, such as xerophilic areas, caves, wetlands, and dry grasslands, but none specifically reference *Pseudosinella noseki* , , , , . Therefore, the habitat of *Pseudosinella noseki* cannot be determined from the given information.",PMC8551137(pmc)|10.3897/subtbiol.17.7660(pmc)|PMC6163862(pmc)|PMC9693011(pmc)|PMC7669816(pmc)
Pseudosinella octopunctata,Pseudosinella,Lepidocyrtidae,1690821,species,unknown,unknown,,,1.14,1.14,"the body length of *Pseudosinella octopunctata* is not explicitly stated. However, it is listed among other species within the genus *Pseudosinella*, which includes *Pseudosinella stewartpecki* with a maximum body length of 1.14 mm . The specific body length for *Pseudosinella octopunctata* remains unspecified in the given sources.",3A3EDDE5B35FDFE4D96C04EEC47D4051(plazi),leaf_litter|soil|moss_lichen|grassland,"*Pseudosinella octopunctata* inhabits various environments including soil, leaf litter, moss on rocks, and rice fields. It has been recorded in regions such as Zanjan, Guilan, East Azerbaijan, West Azerbaijan, Mazandaran, Tehran, Isfahan, Golestan, Kermanshah, and Kerman .",03E5878DFFCFFFA8FF5DFEA7822BFC7B(plazi)
Pseudosinella paclti,Pseudosinella,Lepidocyrtidae,3029449,species,unknown,unknown,,,0.68-0.74,0.74|0.68,"the body length of *Pseudosinella paclti* is not explicitly mentioned. However, related species such as *Pseudosinella vulcana* have body lengths of 0.74 mm and 0.68 mm . Since *Pseudosinella paclti* is another species within the same genus, it is possible that its body length may be similar, but this cannot be confirmed without direct measurement or specific documentation.",10.3897/subtbiol.17.7660(pmc),,"there is no specific mention of the habitat of *Pseudosinella paclti*. The available information pertains to other species such as *Oncinocampa paclti* and *Pseudosinella stewartpecki*, but not *Pseudosinella paclti* , , , , . Therefore, the habitat of *Pseudosinella paclti* cannot be determined from the given sources.",737287D7FFD7EC40FDCBFE1EFB32FC27(plazi)|3A3EDDE5B35FDFE4D96C04EEC47D4051(plazi)|9E276A82CBE0E3BA9916BC91AD607AE8(plazi)|737287D7FFD6EC5EFDC1F90CFEF2FD21(plazi)|721B6E0C8C37FF88FF3822D1A94C22AC(plazi)
Pseudosinella sexoculata,Pseudosinella,Lepidocyrtidae,186257,genus,unknown,unknown,,,0.68-0.74,0.68|0.74,"the body length of *Pseudosinella sexoculata* is not explicitly mentioned. However, it can be inferred that its body length is similar to other closely related species within the genus *Pseudosinella*, which typically range from approximately 0.68 mm to 0.74 mm . No direct measurement for *Pseudosinella sexoculata* is provided in the cited sources.",10.3897/subtbiol.17.7660(pmc),soil|cave,"$ \text{Pseudosinella sexoculata} $ is recorded from both surface and subsurface habitats. It has been found in soil ecosystems, including gypsum karsts and spoil tips, indicating it can inhabit both terrestrial surfaces and subterranean environments , . The exact habitat preferences may vary depending on local conditions .",PMC11943375(pmc)|PMC6305484(pmc)|10.11646/zootaxa.5275.1.1(pmc)
Pygmarrhopalites principalis,Pygmarrhopalites,Arrhopalitidae,2041964,species,unknown,unknown,,,0.7-0.8,0.7|0.8,"the body length of *Pygmarrhopalites principalis* is not explicitly stated. However, related species such as *P. sericus* have a body length ranging from 0.7 to 0.8 mm . For precise measurements of *P. principalis*, additional references would be required .",8F2F2F2DA727FF9EFF1F4A163540FC32(plazi)|8F2F2F2DA72EFF86FF1F4A3835AEFB36(plazi)|BA7487DEEF60FF9AFF28418FFE4509E5(plazi)|8F2F2F2DA735FF85FF1F4CB1377FFAA6(plazi)|03B12920A57BFF84C2EA8C2196A2FDF5(plazi),forest_wood,"there is no specific information about the habitat of *Pygmarrhopalites principalis*. However, if this is a typographical error and you meant *Campephilus principalis* (ivory-billed woodpecker), then its habitat includes the Big Woods region of eastern Arkansas and potentially vast areas of suitable forest habitats across continental North America .",15860589(medline)
Pygmarrhopalites pygmaeus,Pygmarrhopalites,Arrhopalitidae,2041965,species,unknown,unknown,,,,,"the body length of *Pygmarrhopalites pygmaeus* is not explicitly stated. However, it is mentioned that this species is one of the smaller species within the group, as it is noted that smaller species like *Oncopodura crassicornis* were collected more frequently by certain trapping methods . Additionally, comparisons involving body length and relative abundance suggest that *P. pygmaeus* may be…",10.3897/subtbiol.40.69808(pmc),cave|soil,"Pygmarrhopalites pygmaeus is not explicitly mentioned. However, related species such as Pygmarrhopalites dbari are noted to inhabit the Psyrtskha Cave, which is described as a relatively small cave containing four sympatric species of the family . Additionally, Pygmarrhopalites arbaicus is classified as an atmobiont troglomorph, indicating it may live in caves but also has some surface…",03B12920A57BFF84C2EA8C2196A2FDF5(plazi)|8F2F2F2DA727FF9EFF1F4A163540FC32(plazi)
Rusekianna albifrons,Rusekianna,Katiannidae,2041991,genus,unknown,unknown,,,,,"there is no specific mention of ""Rusekianna albifrons."" However, the document refers to ""Apteronotus albifrons,"" which has a mean standard body length (SBL) of 8.9 cm (range 7.6 10.4 cm) and sexually mature individuals having a SBL of 14 30 cm. It is important to note that ""Rusekianna"" is not mentioned in any of the given sources, and thus its body length cannot be determined from the provided…",PMC8079295(pmc),forest_wood|freshwater,"there is no specific mention of ""Rusekianna albifrons."" However, if you meant ""Apteronotus albifrons,"" it inhabits well-oxygenated freshwater habitats in South America . If referring to another species, such as ""Eulemur fulvus albifrons,"" it utilizes forest canopies and has circadian patterns in diet and habitat use . Please clarify the species name for a precise answer.",33751182(medline)|15252863(medline)
Schoettella ununguiculata,Schoettella,Hypogastruridae,187693,species,unknown,unknown,,,,,"there is no specific mention of the body length of *Schoettella ununguiculata*. The sources list the species but do not provide morphological measurements . Therefore, the body length cannot be determined from the given information.",PMC6383892(pmc)|PMC6163862(pmc)|PMC4467183(pmc)|10.3897/subtbiol.40.69808(pmc),soil|moss_lichen|forest_wood|synanthropic,Schoettella ununguiculata inhabits soil of cherry gardens and moss on forest trees in Iran . Its general distribution is noted as Holarctic .,721B6E0C8C18FFA7FF382490A83C20C0(plazi)
Scutisotoma armeriae,Scutisotoma,Isotomidae,873037,genus,unknown,unknown,,,,,"there is no specific mention of the body length of *Scutisotoma armeriae*. The descriptions given pertain to different species within the Isotomidae family, such as those in the genera *Proisotoma*, *Parisotoma*, and a newly described blind genus from Northwest China, but none directly reference *Scutisotoma armeriae* . Therefore, the body length of *Scutisotoma armeriae* cannot be determined…",PMC3286265(pmc)|PMC7256071(pmc)|10.11646/zootaxa.5104.1.4(pmc),,"there is no specific information about the habitat of *Scutisotoma armeriae*. The texts discuss habitats related to *Hadena adriana* and *Ephemerotoma buryatica*, but not *Scutisotoma armeriae* , .",03BA87C2FF8F1A2725B5F958C508FE50(plazi)|EF0EAB43F49459049F98792600800CEA(plazi)
Scutisotoma subarctica,Scutisotoma,Isotomidae,873038,species,unknown,unknown,,,,,"there is no specific mention of the body length of *Scutisotoma subarctica*. The source discusses *Meloidodera eurytyla* and *Meloidogyne subarctica*, which are nematodes, not springtails . Therefore, the body length of *Scutisotoma subarctica* cannot be determined from the given information.",19300796(medline),freshwater|soil|grassland|marine_coastal,"*Scutisotoma subarctica* is associated with specific habitats. It is mentioned in relation to the shore of Lake Baikal and saline lakes of continental Asia, indicating a preference for deeper edaphic habitats compared to its congeners . Additionally, *Aeshna subarctica*, which may be confused with *Scutisotoma subarctica* due to similar naming, is noted to inhabit certain wetland environments in…",PMC7256071(pmc)|10.3897/alpento.4.36290(pmc)
Seira pallidipes,Seira,Seiridae,3053390,species,unknown,unknown,,,2.1-2.8,2.1|2.8|2.75,"the body length of *Seira pallidipes* is noted as ranging from 2.1 to 2.8 mm . The holotype's body length was recorded as 2.75 mm, although it could not be measured precisely due to the specimen being strongly collapsed .",0E45486FFF83FFA0FF20F9EE66F3FD92(plazi),forest_wood|grassland,"Seira pallidipes is found in the warm, dry fynbos shrubland within the Cape Floristic Region, which is characterized by high vapor pressure deficit (VPD) levels . There is no mention of Seira pallidipes being associated with other habitats such as forests or grasslands.",33792777(medline)
Sminthurides aquaticus,Sminthurides,Sminthurididae,281415,species,unknown,unknown,,,,,"there is no specific mention of the body length of *Sminthurides aquaticus*. The available information pertains to other species such as *Scapteromys meridionalis*, *Sylvilagus aquaticus*, *Asellus ismailsezarii*, *Mononchus pseudoaquaticus*, and *Aphanolaimus strilliae* ,,,,. Therefore, the body length of *Sminthurides aquaticus* cannot be determined from the given sources.",03D0878C6038FFC1FF76F9FA8D32736C(plazi)|03822308B74BFFF5FFC9FEA2F7A2F132(plazi)|ACE6A8FF903559078DD2E8B8E7DE0F1F(plazi)|F3B1A966889957FD8C7FBAD785ABB14B(plazi)|03F587B5A8039D43488856B3FD07FF6A(plazi),leaf_litter|freshwater,"*Sminthurides aquaticus* is mentioned in the context of being part of the order Symphypleona, which includes springtails. However, specific details about the habitat of *Sminthurides aquaticus* are not directly stated in the given texts. Document indicates that Symphypleona are found in leaf litter, suggesting that *Sminthurides aquaticus* may inhabit similar environments. No further specifics…",31716593(medline)
Sminthurides malmgreni,Sminthurides,Sminthurididae,281416,species,unknown,unknown,,,2.1,2.1,"there is no direct mention of the body length of *Sminthurides malmgreni*. However, it is noted that *Spio malmgreni* (which may be a synonym or related species) is larger than *Spio arndti* sp. nov., which has a width of 2.1 mm and a length of 40 mm . Therefore, *Sminthurides malmgreni* likely exceeds 40 mm in length, though exact measurements are not specified in the given texts.",03CF3732FFCCFFC839E8FE5384D53224(plazi),leaf_litter,"there is no specific mention of the habitat of *Sminthurides malmgreni*. However, it is noted that Symphypleona are predominantly found in leaf litter . Therefore, it can be inferred that *Sminthurides malmgreni* likely inhabits leaf litter environments.",31716593(medline)
Sminthurides parvulus,Sminthurides,Sminthurididae,2041951,species,unknown,unknown,,,,,"the body length of *Sminthurides parvulus* is not explicitly stated. However, it is mentioned that *Sminthurides parvulus* has a body length similar to *Sminthurides bifidus*, which is noted as being 17 mm long . Therefore, *Sminthurides parvulus* likely has a body length around 17 mm.",PMC11942825(pmc),leaf_litter|soil,"there is no specific mention of the habitat of *Sminthurides parvulus*. However, related species such as *Sminthurides inaequalis* and *Sminthurides malmgreni* are noted to inhabit soil and leaf litter in Iran . For precise information on *Sminthurides parvulus*, additional studies would be required.",721B6E0C8C2BFF94FF3822C0A9FC2281(plazi)|721B6E0C8C2BFF94FF3825DCA8232028(plazi)
Sminthurides schoetti,Sminthurides,Sminthurididae,2041952,species,unknown,unknown,,,,,there is no specific mention of the body length of *Sminthurides schoetti*. The sources describe two new species of *Sminthurides* from Mexico but do not provide measurements for *Sminthurides schoetti* . Additional research would be required to determine its body length.,33721234(medline),,Sminthurides schoetti is found in wet leaves and rain pools . This species has a cosmopolitan distribution .,PMC4440272(pmc)|10.11646/zootaxa.5275.1.1(pmc)
Sminthurinus alpinus,Sminthurinus,Katiannidae,187717,genus,unknown,unknown,,,,,"the body length of *Sminthurinus alpinus* is not explicitly stated. However, it is mentioned as one of the species studied in source , but without specific measurements provided. Therefore, the exact body length cannot be determined from the given information .",PMC9864308(pmc),moss_lichen,"there is no direct mention of ""Sminthurinus alpinus."" However, the document does describe *Gamasellus alpinus*, which was originally described as a variant of *Gamasellus falciger* and later classified under the genus *Cyrtolaelaps*. This species inhabits moss on rocks at an altitude of 2,761 meters in Switzerland . It is important to note that *Gamasellus alpinus* is not the same as…",03EF1D76C8419635FF2FE363FDA10E1B(plazi)
Sminthurinus aureus,Sminthurinus,Katiannidae,1496267,species,unknown,unknown,,,,,"there is no specific mention of the body length of *Sminthurinus aureus*. The term ""aureus"" appears in the context of other organisms, such as *Stilestrongylus aureus*, but not for *Sminthurinus aureus* . Therefore, the body length of *Sminthurinus aureus* cannot be determined from the given sources.",29644944(medline),soil|leaf_litter|forest_wood|grassland|agricultural,"*Sminthurinus aureus* inhabits soil in citrus orchards and under various tree species such as elm, maple, acacia, white poplar, plum, and cedar in Iran . It is also noted to occur in meadow and/or forest litter in other studies . Additionally, this species demonstrates adaptations to flooding conditions, surviving as eggs during floods and hatching after the water recedes .",10.11646/zootaxa.5275.1.1(pmc)|PMC6305484(pmc)|PMC4494283(pmc)
Sminthurinus bimaculatus,Sminthurinus,Katiannidae,187699,species,unknown,unknown,,,,,"the body length of *Sminthurinus bimaculatus* is not explicitly stated. However, it is mentioned that *Sminthurinus bimaculatus* has a genome size of 15,271 base pairs . This refers to mitochondrial DNA content and does not directly relate to body length. For precise body measurements, additional data would be required.",PMC11942825(pmc),leaf_litter|soil,Sminthurinus bimaculatus inhabits soil and leaf litter in Iran . This species is part of the Palaearctic region's fauna .,721B6E0C8C24FF9BFF382379A97A2519(plazi)
Sminthurinus concolor,Sminthurinus,Katiannidae,1790211,species,unknown,unknown,,,,,"there is no specific mention of the body length of *Sminthurinus concolor*. The available information pertains to *Parafilaroides gymnurus* , *Torenia concolor* , *Borgesminthurinus gen. nov.* , *Lilium concolor* , and *Hoplisoma concolor* . None of these references provide details about the body length of *Sminthurinus concolor*.",32372130(medline)|33365520(medline)|33055657(medline)|34912962(medline)|40149434(medline),leaf_litter,"there is no specific mention of the habitat of *Sminthurinus concolor*. However, related information about Symphypleona indicates that they are commonly found in leaf litter habitats across Mexico . If *Sminthurinus concolor* belongs to this group, it may also inhabit similar environments. Further research would be needed to confirm its exact habitat preferences.",31716593(medline)
Sminthurinus domesticus,Sminthurinus,Katiannidae,1725401,species,unknown,unknown,,,,,"there is no specific mention of the body length of *Sminthurinus domesticus*. The sources discuss various organisms such as *Mus musculus domesticus*, *Acheta domesticus*, and others, but none provide information about *Sminthurinus domesticus* .",19123249(medline)|23990424(medline)|40461936(medline)|32361302(medline)|42015382(medline),leaf_litter|soil|synanthropic,"there is no direct mention of the habitat of *Sminthurinus domesticus*. However, it can be inferred that *Sminthurinus* belongs to the order Collembola (springtails), which typically inhabit moist environments such as soil, leaf litter, and under stones or logs . For *Sminthurinus domesticus*, if it follows this general pattern, it likely resides in similar microhabitats. Further specific details…",31716593(medline)
Sminthurinus elegans,Sminthurinus,Katiannidae,1190784,species,unknown,unknown,,,1-2,1.0|2.0,"there is no specific mention of ""Sminthurinus elegans"" or its body length. However, if the intended species is *Caenorhabditis elegans*, then body length measurements vary depending on genetic background and environmental conditions. For example, some studies indicate that *C. elegans* typically has a body length ranging from approximately 1 mm to 2 mm . Please verify the correct species name, as…",30283693(medline),leaf_litter|soil|grassland|agricultural,"*Sminthurinus elegans* inhabits soil and leaf litter under various ecological conditions in Iran . It is also found in different habitats such as spoil tips, dry grasslands, and agricultural areas, where it prefers moist environments , .",10.11646/zootaxa.5275.1.1(pmc)|PMC6305484(pmc)|PMC6163862(pmc)
Sminthurinus niger,Sminthurinus,Katiannidae,1725402,species,unknown,unknown,,,,,"there is no specific mention of the body length of *Sminthurinus niger*. The available information pertains to different organisms such as nematodes, invertebrates affected by pesticides, a prehistoric crocodile, and West African donkeys. Therefore, the body length of *Sminthurinus niger* cannot be determined from the given sources.",23902298(medline),forest_wood,"Sminthurinus niger is not directly mentioned. However, it is noted that ""Sminthurinus cf. niger (Lubbock 1868)"" was recorded from the Doi Inthanon forest in northern Thailand, specifically above 2400 meters, with a habitat associated with that region's environment . There is no explicit mention of its specific habitat details beyond this general location.",03EA87B2FF91FFC4FF26F9EFFD2F9D22(plazi)
Sminthurinus quadrimaculatus,Sminthurinus,Katiannidae,187717,genus,unknown,unknown,,,0.85,0.85,"there is no specific mention of the body length of *Sminthurinus quadrimaculatus*. The document describes *Sminthurinus bimaculatus* with a general body length of 0.85 mm, but it does not provide similar details for *Sminthurinus quadrimaculatus*. Therefore, the body length of *Sminthurinus quadrimaculatus* cannot be determined from the given sources.",6C5787D6FFBBB4626DFB6947FD8704F4(plazi),,there is no specific information about the habitat of *Sminthurinus quadrimaculatus*. The available data describe habitats for other *Sminthurinus* species but not for *Sminthurinus quadrimaculatus* -.,03EA87B2FF91FFC4FF26F9EFFD2F9D22(plazi)|721B6E0C8C24FF9BFF3825E1AE0223E1(plazi)
Sminthurinus reticulatus,Sminthurinus,Katiannidae,1725403,species,unknown,unknown,,,4.15-4.56,4.15|4.56,"there is no specific mention of ""Sminthurinus reticulatus."" However, if you meant *Philydrodes reticulatus* or *Mycotretus reticulatus*, then: - For *Philydrodes reticulatus*, the body length ranges from 4.15 to 4.56 mm . - For *Mycotretus reticulatus*, the body length is not explicitly stated, but it is noted that the examined specimens have a body color similar to this species . If referring to…",038A87ABFFF9B927FF415C9A80C39ED0(plazi)|B942065DC721FFDBFDAEFB34EA9C7909(plazi),soil|moss_lichen|synanthropic,*Sminthurinus reticulatus* inhabits soil in vegetable gardens and moss in Iran . This species is part of the Palaearctic region's fauna .,721B6E0C8C24FF9BFF3824FDA97A209D(plazi)
Sminthurinus signatus,Sminthurinus,Katiannidae,2584529,species,unknown,unknown,,,4.8,4.8,"there is no specific mention of the body length of *Sminthurinus signatus*. However, related species such as *Ochterus signatus* have a body length of 4.80 mm . Since *Sminthurinus signatus* is not directly described in the given texts, its body length cannot be determined from the available information.",03C287CFFFB7C812FC14FD3FFD97FC09(plazi),leaf_litter,"there is no specific mention of the habitat of *Sminthurinus signatus*. However, document discusses the habitat preferences of Symphypleona, which include leaf litter, suggesting that species within this group, including *Sminthurinus signatus*, might inhabit such environments. No further details about the exact habitat of *Sminthurinus signatus* are available in the provided texts.",31716593(medline)
Sminthurinus trinotatus,Sminthurinus,Katiannidae,1496266,species,unknown,unknown,,,,,there is no specific mention of the body length of *Sminthurinus trinotatus*. The text discusses taxonomic descriptions and differences between genera but does not provide morphometric data such as body length .,27395090(medline),grassland,"*Sminthurinus trinotatus* has been recorded from different habitats. It was collected in Chunri Township, Pingtung County, which suggests it may inhabit grassland areas . Additionally, related species such as *Sminthurinus elegans* and *Sminthurinus niger* have been found in dry grasslands in Austria, indicating that *Sminthurinus trinotatus* might also prefer similar environments . However,…",PMC9836723(pmc)|PMC6163862(pmc)
Sminthurus nigromaculatus,Sminthurus,Sminthuridae,109608,genus,unknown,unknown,,,,,"Sminthurus nigromaculatus is mentioned as one of the dominant Collembola species, but no specific body length is given for this species in the text . Therefore, the body length of Sminthurus nigromaculatus cannot be determined from the provided sources.",PMC4494283(pmc),grassland|soil,"*Sminthurus nigromaculatus* is found in soil of meadows , and it can inhabit grasslands . It is also associated with areas affected by ecological flooding, indicating adaptability to wetter conditions . Additionally, this species demonstrates resilience to flooding, as its eggs can survive submerged periods and hatch once the water recedes .",PMC5769716(pmc)|10.11646/zootaxa.5275.1.1(pmc)|PMC3131029(pmc)|PMC4494283(pmc)
Sminthurus viridis,Sminthurus,Sminthuridae,109609,species,unknown,unknown,"Sminthurus viridis feeds on alfalfa plants, where it can act as a pest . There is no specific mention of its diet beyond this context.",721B6E0C8C29FF96FF3824B5A95E20C1(plazi),,,"the body length of *Sminthurus viridis* is not explicitly mentioned. However, it can be inferred that *Janusius geumgangensis*, which is nearly identical to *Sminthurus viridis* except for an additional chaeta on certain legs, may have a similar size, though this is not confirmed in the text . Therefore, the exact body length of *Sminthurus viridis* cannot be determined from the given sources.",03B687E7FF9CD416FF0FFC471122FD1E(plazi),soil|agricultural,*Sminthurus viridis* inhabits the soil of alfalfa and wheat crops in Iran . This species is also noted to have a cosmopolitan distribution .,721B6E0C8C29FF96FF3824B5A95E20C1(plazi)
Sphaeridia pumilis,Sphaeridia,Sminthurididae,212016,species,unknown,unknown,,,,,,,soil|forest_wood,"*Sphaeridia pumilis* is mentioned as a subdominant species in contaminated woodlands, indicating that it inhabits such environments. It is part of the Collembola community in these areas, which suggests it thrives in soil conditions typical of woodland settings affected by contamination .",30743842(medline)
Stenacidia violacea,Stenacidia,Sminthurididae,2041968,species,unknown,unknown,,,,,,,cave|forest_wood|agricultural,"*Stenacidia violacea* is associated with rabbit carcasses decomposing in Mount Kapur Cave and its surrounding primary forest in Kuching, Sarawak, where it serves as a necrophagous fly . There is no specific mention of its habitat beyond this context.",33612803(medline)
Stenaphorura denisi,Stenaphorura,Tullbergiidae,2041970,species,unknown,unknown,,,,,,,leaf_litter|soil,"Stenaphorura denisi is noted to inhabit soil and leaf litter under pine trees in Iran . Additionally, it has a holarctic distribution . However, there is no direct mention of ""Stenaphorura denisi"" in the sources; instead, references are made to ""Willemia denisi"" and ""Metaphorura denisi,"" which may be synonyms or closely related taxa. Therefore, the habitat details provided apply to these similar…",721B6E0C8C1FFFA0FF3823C5A9412231(plazi)
Stenaphorura quadrispina,Stenaphorura,Tullbergiidae,3158778,species,unknown,unknown,,,,,,,,"there is no specific information about the habitat of *Stenaphorura quadrispina*. The mentioned species names with ""quadrispina"" belong to different genera and have varying habitats, but none pertain to *Stenaphorura quadrispina* .",03AB87FAFF87FFF2FF7BFC35FC91FEE6(plazi)|C5657B52FF0EB38144D1FD35CB550E82(plazi)|03AB87DFFFD2FFF7FF7700A22E736ADD(plazi)|96CA95AF43CA40E346830566209C607F(plazi)|03DE879D2E7AFF8FFF70FCD251C29B83(plazi)
Subisotoma pusilla,Subisotoma,Isotomidae,370033,genus,unknown,unknown,,,,,,,grassland|forest_wood|sandy_dune,"Subisotoma pusilla is not directly mentioned. However, related species like Ochotona pusilla (steppe pika) inhabit dry, grassland environments . Similarly, the semipalmated sandpiper (Calidris pusilla) breeds in the Central Canadian Arctic . For other species with ""pusilla"" in their name, such as Abraxas antipusilla, they are found in the Eastern Himalaya, India , and the Hainan pangolin (Manis…",20020277(medline)|37361900(medline)|37044655(medline)|42205513(medline)
Superodontella alpina,Superodontella,Odontellidae,187701,species,unknown,unknown,,,,,,,soil|forest_wood,"there is no direct mention of ""Superodontella alpina."" However, ""Rhaponticoides alpina"" is noted to have a habitat in Baldo, which may be a region or specific location. The document does not provide detailed ecological information about its habitat . Additionally, other related genera like ""Odontella"" and ""Superodontella lamellifera"" are associated with different habitats such as soil in forests…",03EA87B2FFA8FFFDFF26F891FB529D9D(plazi)|721B6E0C8C0CFFB3FF38221CA9FA223F(plazi)|03896378FE9DFEABFF19971FC1EBFC3A(plazi)
Superodontella gisini,Superodontella,Odontellidae,187702,species,unknown,unknown,,,,,,,,"there is no specific information about the habitat of *Superodontella gisini*. The document mentions *Superodontella eleonorae* as being found in Sicily, but does not provide details about *S. gisini* .",37044746(medline)
Supraphorura furcifera,Supraphorura,Onychiuridae,2041972,species,unknown,unknown,,,,,,,,"Supraphorura furcifera (likely referring to Sogatella furcifera) prefers habitats such as abandoned rice paddies with dense Poaceae grasses for overwintering . These areas provide suitable conditions for survival during colder months. However, specific details about its broader habitat preferences beyond overwintering sites are not extensively detailed in the given sources.",22958347(medline)
Tetracanthella brachyura,Tetracanthella,Isotomidae,6752,species,unknown,unknown,,,,,,,,"there is no specific information about the habitat of *Tetracanthella brachyura*. The sources discuss various crab species but do not mention *Tetracanthella brachyura* or its habitat preferences. Therefore, it is not possible to determine the habitat of this species from the given data.",16705438(medline)
Tetracanthella fjellbergi,Tetracanthella,Isotomidae,79733,genus,unknown,unknown,,,,,,,leaf_litter|forest_wood,"Tetracanthella fjellbergi is not explicitly mentioned. However, it can be inferred that it may inhabit similar environments to other related species such as Entomobrya fjellbergi, which is found in the litter of montane deciduous forests in the East Caucasus . For precise details about Tetracanthella fjellbergi's habitat, additional research would be required.",027087B5A8537858CCE7FFE1FC20FDCF(plazi)
Tetracanthella strenzkei,Tetracanthella,Isotomidae,79733,genus,unknown,unknown,,,,,,,alpine_glacier,"Tetracanthella strenzkei is found in glacier forelands in the Alps , and it is also mentioned in the context of Arctic tundra habitats . These findings suggest that Tetracanthella strenzkei inhabits cold environments such as alpine and polar regions.",PMC7564799(pmc)|PMC8301111(pmc)
Tetracanthella wahlgreni,Tetracanthella,Isotomidae,873036,species,unknown,unknown,,,,,,,alpine_glacier,"Tetracanthella wahlgreni is found in young glacier forelands in the Alps , and it is also noted to inhabit areas where there is a risk of inoculative freezing due to its association with ice . This suggests that Tetracanthella wahlgreni inhabits cold, moist environments such as glacial forelands and possibly other alpine regions with similar conditions.",PMC7564799(pmc)|PMC7033094(pmc)
Tetrodontophora bielanensis,Tetrodontophora,Onychiuridae,48717,species,unknown,unknown,,,,,,,,,
Thalassaphorura encarpata,Thalassaphorura,Onychiuridae,2583954,species,unknown,unknown,,,,,,,leaf_litter|soil,"Thalassaphorura encarpata is found in soil and leaf litter under trees, including those of white poplar, walnut, oak, date palm (Phoenix dactylifera), and fig in Iran . The species is also reported from Puerto Rico, specifically in Luquillo, indicating a cosmopolitan distribution .",10.11646/zootaxa.5275.1.1(pmc)|PMC7365838(pmc)
Thaumanura carolii,Thaumanura,Neanuridae,187703,species,unknown,unknown,,,,,,,forest_wood,"Thaumanura carolii is associated with decaying wood and tree bark habitats, specifically inhabiting abandoned arboreal nests of termites, particularly Nasutitermes species . This suggests that its habitat includes environments rich in organic matter and moisture, typical of termite nest structures .",PMC7819146(pmc)
Tomocerina minuta,Tomocerina,Tomoceridae,574226,genus,unknown,unknown,,,,,,,leaf_litter|soil,Tomocerina minuta is found in soil and leaf litter in Iran . It is also associated with shrub-prefering habitats and is classified as an opportunistic species that prefers peripheral environments . The exact substratum preferences of this species could not be resolved due to low individual counts .,10.11646/zootaxa.5275.1.1(pmc)|PMC6305484(pmc)
Tomocerus baudoti,Tomocerus,Tomoceridae,1116929,species,unknown,unknown,,,,,,,leaf_litter|moss_lichen|soil|forest_wood,"there is no specific information about the habitat of *Tomocerus baudoti*. The available data describe habitats for other *Tomocerus* species such as soil and leaf litter , mixed forests with leaf litter and humus , mosses and lichens on fir trees , and moss vegetation around leaf litter . However, these do not apply to *T. baudoti*.",721B6E0C8C27FF98FF3821CDA86A2439(plazi)|03F087A17A011055FF5CA901FEA9F89A(plazi)|7F4F87E67627FFE4BFFDF9CB8C621966(plazi)|03CA87C3FF93B01AFFC9F9E3FB142C28(plazi)
Tomocerus minor,Tomocerus,Tomoceridae,187706,species,unknown,unknown,,,,,,,leaf_litter|freshwater|soil|forest_wood|grassland,"*Tomocerus minor* is found in various habitats including forested areas, riparian zones near lakes, and soil environments such as pastures and leaf litter. It has been specifically noted in forest belts along riverbanks and in soil and leaf litter in Iran . Additionally, it occurs in riparian habitats and can be found in both forested and pastoral soils .",PMC5769716(pmc)|10.11646/zootaxa.5275.1.1(pmc)
Tomocerus problematicus,Tomocerus,Tomoceridae,1218964,species,unknown,unknown,,,,,,,leaf_litter,"Tomocerus problematicus is found in the Middle East, specifically from the Turkish province Hatay in the north across Lebanon to North Israel in the south. Its habitat includes leaf litter, as most of the examined material was sifted from this environment .",03A187CAFFC1942F1FEAFB55935BFB39(plazi)
Tomocerus vulgaris,Tomocerus,Tomoceridae,1519116,species,unknown,unknown,,,,,,,leaf_litter|forest_wood|grassland|freshwater,Tomocerus vulgaris is found in leaf litter in forest areas and near rivers . It is also present in riparian habitats and can be associated with both woodlands and grasslands .,10.11646/zootaxa.5275.1.1(pmc)|PMC5769716(pmc)
Vertagopus alpinus,Vertagopus,Isotomidae,3127814,species,unknown,unknown,,,,,"there is no specific mention of the body length of *Vertagopus alpinus*. The descriptions focus on morphological features like the length of macrosetae and the structure of claws and hairs, but not on overall body dimensions . Additional studies would be required to determine the body length of this species.",03E38790FFD4930CFF0B3FA2D99F5F50(plazi),moss_lichen|forest_wood,"Vertagopus alpinus is not explicitly mentioned. However, it is noted that Gamasellus alpinus, which may be related, inhabits moss on a rock at an altitude of 2,761 meters in Switzerland . Additionally, other species like Vertagopus nunataki and Vertagopus persicus are associated with habitats such as moss in forests and under bark or lichen . These suggest that similar environments might be…",03E38790FFD4930CFF0B3FA2D99F5F50(plazi)|4F034B6EFFBC357ED934F8A83B70FB95(plazi)|03EF1D76C8419635FF2FE363FDA10E1B(plazi)|721B6E0C8C23FF9CFF3824ADAEE620A7(plazi)
Vertagopus arboreus,Vertagopus,Isotomidae,2041954,species,unknown,unknown,,,,,,,moss_lichen|forest_wood,"there is no specific mention of ""Vertagopus arboreus."" However, the genus *Vertagopus* includes *Vertagopus persicus*, which inhabits moss in forest environments in Iran and Russia (N Caucasus) . If you meant *Vertagopus persicus*, its habitat is moss in forested areas. If referring to another species, additional clarification would be needed.",721B6E0C8C23FF9CFF3824ADAEE620A7(plazi)
Vertagopus fradustaensis,Vertagopus,Isotomidae,3127816,species,unknown,unknown,,,,,,,moss_lichen|forest_wood,"there is no specific information about the habitat of *Vertagopus fradustaensis*. The available data describe habitats for other species within the genus *Vertagopus*, such as *V. persicus* inhabiting moss in forests and *V. nunataki* associated with certain morphological traits, but not explicitly mentioning *V. fradustaensis* , . Therefore, the habitat of *V. fradustaensis* cannot be determined…",721B6E0C8C23FF9CFF3824ADAEE620A7(plazi)|03E38790FFD4930CFF0B3FA2D99F5F50(plazi)
Vertagopus glacialis,Vertagopus,Isotomidae,3127817,species,unknown,unknown,,,,,there is no specific mention of the body length of *Vertagopus glacialis*. The sources discuss its ecological role and abundance but do not provide detailed morphometric data such as body length . Further research or references would be needed to determine this characteristic.,PMC11718624(pmc)|039C8798F365084308D2FE64FD2E1382(plazi),alpine_glacier,"Vertagopus glacialis inhabits the glacier surface where it plays a key role in sustaining populations of apex terrestrial predators . This species is part of the ecological interactions found in glacier environments, specifically associated with green algae in primary production .",PMC11718624(pmc)|721B6E0C8C23FF9CFF3824ADAEE620A7(plazi)|03E38790FFD4930CFF0B3FA2D99F5F50(plazi)
Vertagopus glacieinigrae,Vertagopus,Isotomidae,3127818,species,unknown,unknown,,,,,,,forest_wood|soil|moss_lichen,"there is no specific mention of the habitat of *Vertagopus glacieinigrae*. However, related species within the genus *Vertagopus* are associated with habitats such as moss in forests and soil under dead wood . Further research would be needed to determine the exact habitat of *V. glacieinigrae*.",721B6E0C8C23FF9CFF382574A86823B0(plazi)|721B6E0C8C23FF9CFF3824ADAEE620A7(plazi)
Vertagopus pseudocinereus,Vertagopus,Isotomidae,281425,genus,unknown,unknown,,,,,,,moss_lichen|forest_wood,"the specific habitat of *Vertagopus pseudocinereus* is not explicitly mentioned. However, it is noted that *V. cinereus*, a closely related species, inhabits spaces under barks and lichens in the Caucasus region . Since *V. pseudocinereus* is considered a related species, it may share similar habitats, though this remains speculative without direct evidence.",4F034B6EFFBC357ED934F8A83B70FB95(plazi)
Vertagopus psychrophilus,Vertagopus,Isotomidae,3127819,species,unknown,unknown,,,,,,,alpine_glacier,"Vertagopus psychrophilus is associated with cold environments. Specifically, it clusters with other cold-adapted and cryophilic organisms, suggesting it inhabits areas with markedly cold climates . Additionally, related species like Vertagopus glacialis are mentioned as being present on glacier surfaces, indicating that Vertagopus psychrophilus likely thrives in similar icy or frozen habitats .",10.5852/ejt.2021.787.1599(pmc)|PMC11718624(pmc)
Vertagopus sarekensis,Vertagopus,Isotomidae,281425,genus,unknown,unknown,,,,,,,moss_lichen|forest_wood|grassland|agricultural,"there is no direct mention of the habitat of *Vertagopus sarekensis*. However, related species such as *Vertagopus persicus* are noted to inhabit moss in forest environments . Additionally, other mites mentioned in the sources have diverse habitats including agricultural grasslands, forests, and moss-covered areas . Therefore, it can be inferred that *Vertagopus sarekensis* might also occupy…",039B5665FF8413239FF6FAEDFCD1FB47(plazi)|721B6E0C8C23FF9CFF3824ADAEE620A7(plazi)
Willemia anophthalma,Willemia,Hypogastruridae,2041955,species,unknown,unknown,,,,,,,soil,Willemia anophthalma inhabits soil . This species is part of the Holarctic distribution and has been recorded in ecological contexts involving soil in Iran .,721B6E0C8C1FFFA0FF3821CDA941278D(plazi)
Willemia denisi,Willemia,Hypogastruridae,187710,species,unknown,unknown,,,,,,,leaf_litter|soil,"Willemia denisi is found in soil and leaf litter under the pine trees in Iran . This species has been noted as a junior synonym of W. aspinata, which is also associated with similar habitats .",10.11646/zootaxa.5275.1.1(pmc)
Willemia scandinavica,Willemia,Hypogastruridae,1790227,species,unknown,unknown,,,,,,,leaf_litter|soil|forest_wood|freshwater,"Willemia scandinavica is found in soil and leaf litter under oak trees in Iran . It is also recorded in humid soils in riparian areas of northern Moldova, Eastern Europe . These habitats suggest that W. scandinavica prefers moist environments such as forest floors and soils associated with vegetation.",10.11646/zootaxa.5275.1.1(pmc)|PMC5769716(pmc)
Willemia similis,Willemia,Hypogastruridae,187709,genus,unknown,unknown,,,,,,,leaf_litter|grassland|soil|forest_wood,"*Willemia similis* inhabits forest soil and leaf litter, pastureland, and alfalfa fields in Iran . Its general distribution is noted as Holarctic .",721B6E0C8C1FFFA0FF382429A99C2029(plazi)
Willowsia buski,Willowsia,Entomobryidae,1458441,species,unknown,unknown,,,,,,,,"there is no specific mention of the habitat of *Willowsia buski*. However, it is noted that *Fasciolopsis buski*, which may be related or confused with *Willowsia buski*, inhabits the intestines of pigs [*Sus scrofa*] . Without explicit information on *Willowsia buski*, its habitat cannot be determined from the given sources.",1442(medline)
Willowsia nigromaculata,Willowsia,Entomobryidae,1302335,species,unknown,unknown,,,,,,,soil|forest_wood|grassland,"*Willowsia nigromaculata* inhabits soil under trees such as plane, plum, elm, fig, alder, and oak in Iran . It has also been found in dry grassland habitats in Austria . The species is distributed throughout the Holarctic region .",10.11646/zootaxa.5275.1.1(pmc)|PMC6163862(pmc)
Xenylla acauda,Xenylla,Hypogastruridae,1117094,species,unknown,unknown,,,,,,,,there is no specific information about the habitat of *Xenylla acauda*. The available data describe habitats for other *Xenylla* species but not for *Xenylla acauda* -.,721B6E0C8C1EFFA1FF3823E9A97A25E9(plazi)|721B6E0C8C1EFFA1FF3820C9A95E24ED(plazi)
Xenylla boerneri,Xenylla,Hypogastruridae,1725404,species,unknown,unknown,,,,,,,soil|cave,"*Xenylla boerneri* is associated with calcareous canyons in the Republic of Moldova , and it has also been recorded from Ontario, Canada . These findings suggest that *Xenylla boerneri* inhabits moist environments such as soil or rock surfaces, possibly within cave systems or other subterranean habitats . However, specific details about its exact microhabitat are not explicitly stated in the…",PMC4467183(pmc)|PMC7762750(pmc)|10.3897/subtbiol.33.48805(pmc)
Xenylla brevisimilis,Xenylla,Hypogastruridae,2449114,species,unknown,unknown,,,,,,,leaf_litter|soil|moss_lichen|forest_wood,"*Xenylla brevisimilis* is found in moss on forest trees in Iran . Additionally, it has been recorded in various habitats including soil and leaf litter in forests . The species is also present in calcareous canyons in the Republic of Moldova, though specific habitat details are not provided .",PMC4467183(pmc)|10.11646/zootaxa.5275.1.1(pmc)
Xenylla humicola,Xenylla,Hypogastruridae,367844,species,unknown,unknown,,,,,,,soil,there is no specific information about the habitat of *Xenylla humicola*. The mentioned document discusses the effects of cultivation methods on the soil microbiota and active components of *Epimedium koreanum* but does not provide details regarding the habitat of *Xenylla humicola* . Additional research would be required to determine the specific habitat preferences of this organism.,40475383(medline)
Xenylla maritima,Xenylla,Hypogastruridae,1725405,species,unknown,unknown,,,,,,,marine_coastal|sandy_dune|moss_lichen|forest_wood,"Xenylla maritima inhabits coastal environments such as sand dunes, flooded areas, and beach sands, often associated with halophytic and psammophilous vegetation . It is also found in moss in forested areas within Iran .",PMC8004600(pmc)|10.11646/zootaxa.5275.1.1(pmc)
Xenylla mediterranea,Xenylla,Hypogastruridae,2567731,species,unknown,unknown,,,,,,,moss_lichen|forest_wood,*Xenylla mediterranea* inhabits moss on forest trees in Iran . This species is part of the Palaearctic region according to Fjellberg (1998) .,721B6E0C8C1EFFA1FF3823E9A97A25E9(plazi)
Xenylla nitida,Xenylla,Hypogastruridae,187711,genus,unknown,unknown,,,,,,,leaf_litter|soil|forest_wood|grassland|agricultural|synanthropic,"Xenylla nitida is found in soil and leaf litter in crop fields, walnut gardens, and forests in Iran . However, specific habitats in other regions are not detailed in the given sources.",10.11646/zootaxa.5275.1.1(pmc)
Xenylla pomorskii,Xenylla,Hypogastruridae,1921088,species,unknown,unknown,,,,,,,,,
Xenylla szeptyckii,Xenylla,Hypogastruridae,1921089,species,unknown,unknown,there is no specific information regarding the diet or feeding habits of *Yuukianura szeptyckii*. The available sources discuss the effects of chemical exposures on this species but do not mention its food source . Further research would be needed to determine what *Xenylla szeptyckii* feeds on.,29981014(medline),,,,,,,
Xenylla tullbergi,Xenylla,Hypogastruridae,187713,species,detritivore,detritivore,"there is no specific information regarding the diet of *Xenylla tullbergi*. However, it is known that Collembola generally play a role in decomposing organic matter, contributing to nutrient cycling in soils and leaf litter . Therefore, *Xenylla tullbergi* likely feeds on decaying plant material and other detritus found in its habitat, such as soil and leaf litter .",PMC6305484(pmc)|10.11646/zootaxa.5275.1.1(pmc),,,,,,,
Xenylla xavieri,Xenylla,Hypogastruridae,187711,genus,unknown,unknown,"there is no direct information about the diet of *Xenylla xavieri*. The sources describe morphological characteristics and taxonomy of various species within related genera, such as *Xenylla*, *Paraxenylla*, and *Phyllastrephus*, but none specify feeding habits of *Xenylla xavieri* . Further research would be needed to determine its dietary preferences.",03EE87B8FFB88E1E01F8FF02A885FD06(plazi)|03E287CBFF97FFFCDF7EF906FC36E5E7(plazi)|8D160F03FFDCFFF67C83FD4E1F67FB61(plazi)|03ABC06327556223FF0871090D391CB9(plazi),,,,,,,
Xenyllodes armatus,Xenyllodes,Odontellidae,187716,species,unknown,unknown,"there is no specific information regarding the feeding habits of *Xenyllodes armatus*. The mentioned studies focus on different species such as *Myochrous armatus*, *Mastacembelus armatus*, *Desmodesmus armatus*, *Pterois armatus*, and *Petrolisthes armatus*, but none discuss *Xenyllodes armatus* or its diet. Therefore, the available sources do not answer the question about what *Xenyllodes…",40435091(medline),,,,,,,
Xenyllodes psammo,Xenyllodes,Odontellidae,187714,genus,unknown,unknown,"there is no information regarding the diet or feeding habits of *Xenyllodes psammo*. The available source focuses on psammomatous osteoid fibroma, a bone lesion, and does not mention any organism named *Xenyllodes psammo* or its biological characteristics . Therefore, it is not possible to determine what *Xenyllodes psammo* feeds on from the given data.",15416224(medline),,,,,,,
